Year,Sales,PYSales,YOYPercent
2011,12641672.2129,NULL,NULL
2012,33524301.326,12641672.2129,1.6518881965465488
2013,43622479.0537,33524301.326,0.3012196325734696
2014,20057928.8113,43622479.0537,-0.5401928261204881
