date,adj_close,close,high,low,open,volume
,MSFT,MSFT,MSFT,MSFT,MSFT,MSFT
2021-02-01,229.95367431640625,239.64999389648438,242.5,232.42999267578125,235.05999755859375,33314200
2021-02-02,229.8193817138672,239.50999450683594,242.30999755859375,238.69000244140625,241.3000030517578,25916300
2021-02-03,233.16818237304688,243.0,245.08999633789062,239.25999450683594,239.57000732421875,27158100
2021-02-04,232.21820068359375,242.00999450683594,243.24000549316406,240.3699951171875,242.66000366210938,25296100
2021-02-05,232.40052795410156,242.1999969482422,243.27999877929688,240.4199981689453,242.22999572753906,18054800
2021-02-08,232.65960693359375,242.47000122070312,243.67999267578125,240.80999755859375,243.14999389648438,22211900
2021-02-09,233.90701293945312,243.77000427246094,244.75999450683594,241.3800048828125,241.8699951171875,23565000
2021-02-10,232.9954833984375,242.82000732421875,245.9199981689453,240.88999938964844,245.0,22186700
2021-02-11,234.59786987304688,244.49000549316406,245.14999389648438,242.14999389648438,244.77999877929688,15751100
2021-02-12,235.07766723632812,244.99000549316406,245.3000030517578,242.72999572753906,243.92999267578125,16561100
2021-02-16,233.83978271484375,243.6999969482422,246.1300048828125,242.9199981689453,245.02999877929688,26728500
2021-02-17,234.8592987060547,244.1999969482422,244.30999755859375,240.94000244140625,241.32000732421875,21653500
2021-02-18,234.46499633789062,243.7899932861328,243.92999267578125,240.86000061035156,241.8000030517578,16925600
2021-02-19,231.7528076171875,240.97000122070312,243.86000061035156,240.17999267578125,243.75,25262600
2021-02-22,225.53993225097656,234.50999450683594,237.92999267578125,232.39999389648438,237.4199981689453,36446900
2021-02-23,224.347412109375,233.27000427246094,234.8300018310547,228.72999572753906,230.3300018310547,30228700
2021-02-24,225.5784149169922,234.5500030517578,235.1999969482422,229.0,230.00999450683594,26339700
2021-02-25,220.23106384277344,228.99000549316406,234.58999633789062,227.8800048828125,232.0800018310547,39542200
2021-02-26,223.49143981933594,232.3800048828125,235.3699951171875,229.5399932861328,231.52999877929688,37819200
2021-03-01,227.8770294189453,236.94000244140625,237.47000122070312,233.14999389648438,235.89999389648438,25324000
2021-03-02,224.92440795898438,233.8699951171875,237.3000030517578,233.4499969482422,237.00999450683594,22812500
2021-03-03,218.8557586669922,227.55999755859375,233.5800018310547,227.25999450683594,232.16000366210938,34029500
2021-03-04,218.05751037597656,226.72999572753906,232.49000549316406,224.25999450683594,226.74000549316406,44727800
2021-03-05,222.74127197265625,231.60000610351562,233.27000427246094,226.4600067138672,229.52000427246094,41872800
2021-03-08,218.69227600097656,227.38999938964844,233.3699951171875,227.1300048828125,231.3699951171875,35267400
2021-03-09,224.83786010742188,233.77999877929688,235.3800048828125,231.6699981689453,232.8800048828125,33080500
2021-03-10,223.52989196777344,232.4199981689453,237.0,232.0399932861328,237.0,29746800
2021-03-11,228.0597381591797,237.1300048828125,239.1699981689453,234.30999755859375,234.9600067138672,29907600
2021-03-12,226.73251342773438,235.75,235.82000732421875,233.22999572753906,234.00999450683594,22653700
2021-03-15,225.82846069335938,234.80999755859375,235.19000244140625,231.80999755859375,234.9600067138672,26034900
2021-03-16,228.61758422851562,237.7100067138672,240.05999755859375,235.94000244140625,236.27999877929688,28092200
2021-03-17,227.97314453125,237.0399932861328,238.5500030517578,233.22999572753906,236.14999389648438,29562100
2021-03-18,221.89491271972656,230.72000122070312,234.19000244140625,230.3300018310547,232.55999755859375,34833000
2021-03-19,221.53907775878906,230.35000610351562,232.47000122070312,229.35000610351562,231.02000427246094,46430700
2021-03-22,226.96334838867188,235.99000549316406,236.89999389648438,230.13999938964844,230.27000427246094,30127000
2021-03-23,228.4925079345703,237.5800018310547,241.0500030517578,237.07000732421875,237.49000549316406,31638400
2021-03-24,226.45362854003906,235.4600067138672,238.0,235.32000732421875,237.85000610351562,25620100
2021-03-25,223.4529266357422,232.33999633789062,236.94000244140625,231.57000732421875,235.3000030517578,34061900
2021-03-26,227.43458557128906,236.47999572753906,236.7100067138672,231.5500030517578,231.5500030517578,25479900
2021-03-29,226.2420196533203,235.24000549316406,236.8000030517578,231.8800048828125,236.58999633789062,25227500
2021-03-30,222.98167419433594,231.85000610351562,233.85000610351562,231.10000610351562,233.52999877929688,24792000
2021-03-31,226.75173950195312,235.77000427246094,239.10000610351562,232.38999938964844,232.91000366210938,43623500
2021-04-01,233.08006286621094,242.35000610351562,242.83999633789062,238.0500030517578,238.47000122070312,30338000
2021-04-05,239.5430145263672,249.07000732421875,249.9600067138672,242.6999969482422,242.75999450683594,36910600
2021-04-06,238.3792724609375,247.86000061035156,249.39999389648438,246.8800048828125,247.61000061035156,22931900
2021-04-07,240.3412628173828,249.89999389648438,250.92999267578125,247.19000244140625,247.80999755859375,22719800
2021-04-08,243.5631103515625,253.25,254.13999938964844,252.0,252.77000427246094,23625200
2021-04-09,246.0636749267578,255.85000610351562,255.99000549316406,252.44000244140625,252.8699951171875,24326800
2021-04-12,246.1213836669922,255.91000366210938,257.6700134277344,254.6199951171875,254.7100067138672,27148700
2021-04-13,248.60267639160156,258.489990234375,259.19000244140625,256.8299865722656,257.260009765625,23837500
2021-04-14,245.8136444091797,255.58999633789062,258.8299865722656,255.16000366210938,257.4800109863281,23070900
2021-04-15,249.5740203857422,259.5,259.92999267578125,257.7300109863281,257.92999267578125,25627500
2021-04-16,250.7666473388672,260.739990234375,261.0,257.6000061035156,259.4700012207031,24878600
2021-04-19,248.84317016601562,258.739990234375,261.4800109863281,257.82000732421875,260.19000244140625,23209300
2021-04-20,248.38153076171875,258.260009765625,260.20001220703125,256.8399963378906,257.82000732421875,19722900
2021-04-21,250.61268615722656,260.5799865722656,260.67999267578125,257.25,258.94000244140625,24030400
2021-04-22,247.33319091796875,257.1700134277344,261.7799987792969,255.63999938964844,260.2099914550781,25606200
2021-04-23,251.16091918945312,261.1499938964844,261.510009765625,257.2699890136719,257.8800048828125,21462600
2021-04-26,251.54566955566406,261.54998779296875,262.44000244140625,260.1700134277344,261.6600036621094,19763300
2021-04-27,251.94955444335938,261.9700012207031,263.19000244140625,260.1199951171875,261.5799865722656,31014200
2021-04-28,244.822998046875,254.55999755859375,256.5400085449219,252.9499969482422,256.0799865722656,46903100
2021-04-29,242.85145568847656,252.50999450683594,256.1000061035156,249.0,255.4600067138672,40589000
2021-04-30,242.53404235839844,252.17999267578125,253.0800018310547,249.60000610351562,249.74000549316406,30945100
2021-05-03,242.2262725830078,251.86000061035156,254.35000610351562,251.1199951171875,253.39999389648438,19626600
2021-05-04,238.3119659423828,247.7899932861328,251.2100067138672,245.75999450683594,250.97000122070312,32756100
2021-05-05,237.04249572753906,246.47000122070312,249.5,245.82000732421875,249.05999755859375,21901300
2021-05-06,240.17776489257812,249.72999572753906,249.86000061035156,244.69000244140625,246.4499969482422,26491100
2021-05-07,242.80331420898438,252.4600067138672,254.3000030517578,251.1699981689453,252.14999389648438,27032900
2021-05-10,237.7252960205078,247.17999267578125,251.72999572753906,247.1199951171875,250.8699951171875,29299900
2021-05-11,236.8116455078125,246.22999572753906,246.60000610351562,242.57000732421875,244.5500030517578,33641600
2021-05-12,229.8582000732422,239.0,244.3800048828125,238.07000732421875,242.1699981689453,36684400
2021-05-13,233.7340545654297,243.02999877929688,245.60000610351562,241.4199981689453,241.8000030517578,29624300
2021-05-14,238.65818786621094,248.14999389648438,249.17999267578125,245.49000549316406,245.5800018310547,23901100
2021-05-17,235.8018341064453,245.17999267578125,246.58999633789062,243.52000427246094,246.5500030517578,24970200
2021-05-18,233.7821044921875,243.0800018310547,246.41000366210938,242.89999389648438,246.27000427246094,20168000
2021-05-19,234.36053466796875,243.1199951171875,243.22999572753906,238.60000610351562,239.30999755859375,25739800
2021-05-20,237.59942626953125,246.47999572753906,247.9499969482422,243.86000061035156,243.9600067138672,21800700
2021-05-21,236.33663940429688,245.1699981689453,248.3300018310547,244.74000549316406,247.57000732421875,21863100
2021-05-24,241.74453735351562,250.77999877929688,251.16000366210938,247.50999450683594,247.7899932861328,21411500
2021-05-25,242.650634765625,251.72000122070312,252.75,250.82000732421875,251.77000427246094,17704300
2021-05-26,242.42893981933594,251.49000549316406,252.94000244140625,250.75,251.42999267578125,17771600
2021-05-27,240.32748413085938,249.30999755859375,251.47999572753906,249.25,251.1699981689453,24426200
2021-05-28,240.6841583251953,249.67999267578125,252.0800018310547,249.55999755859375,251.0,18270200
2021-06-01,238.486328125,247.39999389648438,251.2899932861328,246.9600067138672,251.22999572753906,23213300
2021-06-02,238.3899688720703,247.3000030517578,249.27000427246094,245.83999633789062,248.1300048828125,19406700
2021-06-03,236.85719299316406,245.7100067138672,246.33999633789062,243.0,245.22000122070312,25307700
2021-06-04,241.754150390625,250.7899932861328,251.64999389648438,247.50999450683594,247.75999450683594,25281100
2021-06-07,244.6653594970703,253.80999755859375,254.08999633789062,249.80999755859375,249.97999572753906,23079200
2021-06-08,243.47006225585938,252.57000732421875,256.010009765625,252.50999450683594,255.16000366210938,22455000
2021-06-09,244.4532928466797,253.58999633789062,255.52999877929688,253.2100067138672,253.80999755859375,17937600
2021-06-10,247.97174072265625,257.239990234375,257.4599914550781,253.6699981689453,254.2899932861328,24563600
2021-06-11,248.59832763671875,257.8900146484375,258.489990234375,256.6099853515625,257.989990234375,18999700
2021-06-14,250.5262908935547,259.8900146484375,259.95001220703125,256.79998779296875,257.8999938964844,19150500
2021-06-15,249.05142211914062,258.3599853515625,259.989990234375,257.67999267578125,259.7699890136719,18038900
2021-06-16,248.10675048828125,257.3800048828125,260.5799865722656,254.4199981689453,259.3999938964844,27220000
2021-06-17,251.4998779296875,260.8999938964844,261.75,256.010009765625,256.07000732421875,27565500
2021-06-18,250.08287048339844,259.42999267578125,262.29998779296875,258.75,259.6300048828125,37202200
2021-06-21,253.16754150390625,262.6300048828125,263.5199890136719,257.9200134277344,259.82000732421875,26696100
2021-06-22,255.94384765625,265.510009765625,265.7900085449219,262.3999938964844,262.7200012207031,24694100
2021-06-23,255.71250915527344,265.2699890136719,266.8299865722656,264.42999267578125,265.989990234375,19518700
2021-06-24,257.081298828125,266.69000244140625,267.8500061035156,265.4700012207031,266.1600036621094,21446900
2021-06-25,255.47149658203125,265.0199890136719,267.25,264.760009765625,266.2300109863281,25611100
2021-06-28,259.0381164550781,268.7200012207031,268.8999938964844,265.9100036621094,266.19000244140625,19590000
2021-06-29,261.62158203125,271.3999938964844,271.6499938964844,267.9800109863281,268.8699951171875,19937800
2021-06-30,261.1396179199219,270.8999938964844,271.3599853515625,269.6000061035156,270.69000244140625,21656500
2021-07-01,261.8144226074219,271.6000061035156,271.8399963378906,269.6000061035156,269.6099853515625,16725300
2021-07-02,267.6463623046875,277.6499938964844,278.0,272.5,272.82000732421875,26458000
2021-07-06,267.6561279296875,277.6600036621094,279.3699951171875,274.29998779296875,278.0299987792969,31565600
2021-07-07,269.84429931640625,279.92999267578125,280.69000244140625,277.1499938964844,279.3999938964844,23260000
2021-07-08,267.4247131347656,277.4200134277344,278.7300109863281,274.8699951171875,276.8999938964844,24618600
2021-07-09,267.926025390625,277.94000244140625,278.04998779296875,275.32000732421875,275.7200012207031,23916700
2021-07-12,267.3283386230469,277.32000732421875,279.7699890136719,276.5799865722656,279.1600036621094,18931700
2021-07-13,270.8564147949219,280.9800109863281,282.8500061035156,277.3900146484375,277.5199890136719,26120100
2021-07-14,272.3313293457031,282.510009765625,283.6600036621094,280.54998779296875,282.3500061035156,23113700
2021-07-15,270.9046936035156,281.0299987792969,282.510009765625,279.8299865722656,282.0,22604200
2021-07-16,270.6347351074219,280.75,284.1000061035156,279.4599914550781,282.07000732421875,26186800
2021-07-19,267.02947998046875,277.010009765625,280.3699951171875,274.45001220703125,278.92999267578125,32935600
2021-07-20,269.25628662109375,279.32000732421875,280.9700012207031,276.260009765625,278.0299987792969,26259700
2021-07-21,271.2612609863281,281.3999938964844,281.5199890136719,277.2900085449219,278.8999938964844,24364300
2021-07-22,275.83056640625,286.1400146484375,286.4200134277344,283.4200134277344,283.8399963378906,23384100
2021-07-23,279.23333740234375,289.6700134277344,289.989990234375,286.5,287.3699951171875,22768100
2021-07-26,278.6357116699219,289.04998779296875,289.69000244140625,286.6400146484375,289.0,23176100
2021-07-27,276.2160949707031,286.5400085449219,289.5799865722656,282.95001220703125,289.42999267578125,33604100
2021-07-28,275.90771484375,286.2200012207031,290.1499938964844,283.8299865722656,288.989990234375,33566900
2021-07-29,276.17755126953125,286.5,288.6199951171875,286.0799865722656,286.239990234375,18168300
2021-07-30,274.6448974609375,284.9100036621094,286.6600036621094,283.9100036621094,285.1700134277344,20944800
2021-08-02,274.5580749511719,284.82000732421875,286.7699890136719,283.739990234375,286.3599853515625,16267400
2021-08-03,276.77520751953125,287.1199951171875,287.2300109863281,284.0,285.4200134277344,17879000
2021-08-04,276.187255859375,286.510009765625,287.5899963378906,284.6499938964844,286.2200012207031,16191300
2021-08-05,279.08868408203125,289.5199890136719,289.6300048828125,286.1000061035156,286.8800048828125,13900200
2021-08-06,279.03082275390625,289.4599914550781,289.5,287.6199951171875,288.510009765625,16589300
2021-08-09,277.9416198730469,288.3299865722656,291.54998779296875,287.80999755859375,289.75,16117600
2021-08-10,276.1197509765625,286.44000244140625,289.25,285.20001220703125,288.79998779296875,18616600
2021-08-11,276.6113586425781,286.95001220703125,288.6600036621094,285.8599853515625,287.2099914550781,13955900
2021-08-12,279.3682556152344,289.80999755859375,289.9700012207031,286.3399963378906,286.6300048828125,14561300
2021-08-13,282.29876708984375,292.8500061035156,292.8999938964844,289.29998779296875,289.4800109863281,18249000
2021-08-16,283.9856872558594,294.6000061035156,294.82000732421875,290.0199890136719,293.19000244140625,22507600
2021-08-17,282.5205383300781,293.0799865722656,293.42999267578125,291.0799865722656,292.3900146484375,20075300
2021-08-18,280.7917175292969,290.7300109863281,294.82000732421875,290.2699890136719,292.0400085449219,21813000
2021-08-19,286.6251525878906,296.7699890136719,297.4700012207031,288.6400146484375,288.69000244140625,29850500
2021-08-20,293.9557189941406,304.3599853515625,305.8399963378906,298.05999755859375,299.7200012207031,40817600
2021-08-23,294.2358703613281,304.6499938964844,305.3999938964844,301.8500061035156,303.25,22830200
2021-08-24,292.275146484375,302.6199951171875,305.6499938964844,302.0,305.0199890136719,18175800
2021-08-25,291.6860656738281,302.010009765625,304.5899963378906,300.4200134277344,304.29998779296875,20006100
2021-08-26,288.8658752441406,299.0899963378906,302.42999267578125,298.95001220703125,300.989990234375,17666100
2021-08-27,289.4743347167969,299.7200012207031,300.8699951171875,296.8299865722656,298.989990234375,22605700
2021-08-30,293.2121276855469,303.5899963378906,304.2200012207031,301.05999755859375,301.1199951171875,16348100
2021-08-31,291.5604553222656,301.8800048828125,304.5,301.5,304.4200134277344,26285300
2021-09-01,291.51220703125,301.8299865722656,305.19000244140625,301.489990234375,302.8699951171875,18983800
2021-09-02,290.85546875,301.1499938964844,303.3599853515625,300.17999267578125,302.20001220703125,16285600
2021-09-03,290.8458557128906,301.1400146484375,302.6000061035156,300.260009765625,300.989990234375,14747900
2021-09-07,289.91864013671875,300.17999267578125,301.0899963378906,298.20001220703125,301.010009765625,17180400
2021-09-08,289.9476318359375,300.2099914550781,300.6099853515625,297.4700012207031,299.7799987792969,15046800
2021-09-09,287.08880615234375,297.25,302.1400146484375,297.0,300.82000732421875,19927000
2021-09-10,285.6014099121094,295.7099914550781,299.9200134277344,295.3800048828125,298.4200134277344,19633400
2021-09-13,286.83758544921875,296.989990234375,298.5400085449219,294.0799865722656,297.54998779296875,23652900
2021-09-14,289.5419616699219,299.7900085449219,301.3900146484375,298.1000061035156,299.55999755859375,21853400
2021-09-15,294.4000549316406,304.82000732421875,305.32000732421875,301.82000732421875,303.260009765625,28356300
2021-09-16,294.786376953125,305.2200012207031,305.30999755859375,300.760009765625,303.760009765625,19550800
2021-09-17,289.6191711425781,299.8699951171875,304.5,299.5299987792969,304.1700134277344,41372500
2021-09-20,284.2396545410156,294.29998779296875,298.7200012207031,289.5199890136719,296.3299865722656,38278700
2021-09-21,284.7225036621094,294.79998779296875,297.5400085449219,294.07000732421875,295.69000244140625,22364100
2021-09-22,288.3733215332031,298.5799865722656,300.2200012207031,294.510009765625,296.7300109863281,26626300
2021-09-23,289.3198547363281,299.55999755859375,300.8999938964844,297.5299987792969,298.8500061035156,18604600
2021-09-24,289.1170349121094,299.3500061035156,299.79998779296875,296.92999267578125,298.2300109863281,14999000
2021-09-27,284.1141052246094,294.1700134277344,296.4700012207031,292.94000244140625,296.1400146484375,23571700
2021-09-28,273.8280944824219,283.5199890136719,290.7799987792969,282.75,289.79998779296875,43186200
2021-09-29,274.2916564941406,284.0,286.7699890136719,283.010009765625,285.1000061035156,26353700
2021-09-30,272.2828063964844,281.9200134277344,287.8299865722656,281.6199951171875,285.7099914550781,32343600
2021-10-01,279.21734619140625,289.1000061035156,289.9800109863281,281.2900085449219,282.1199951171875,30086300
2021-10-04,273.4321594238281,283.1099853515625,287.75,280.25,287.3999938964844,31350700
2021-10-05,278.8890075683594,288.760009765625,290.3999938964844,284.04998779296875,284.04998779296875,24993000
2021-10-06,283.09027099609375,293.1099853515625,293.6300048828125,285.510009765625,285.7799987792969,28002600
2021-10-07,284.77081298828125,294.8500061035156,296.6400146484375,293.9200134277344,295.17999267578125,20430500
2021-10-08,284.77081298828125,294.8500061035156,296.6400146484375,293.760009765625,296.2200012207031,17685700
2021-10-11,284.1720275878906,294.2300109863281,297.9700012207031,292.75,292.9200134277344,19298600
2021-10-12,282.8682556152344,292.8800048828125,295.44000244140625,292.3500061035156,295.3399963378906,17974100
2021-10-13,286.1808776855469,296.30999755859375,297.2799987792969,293.489990234375,294.9100036621094,23416300
2021-10-14,292.40081787109375,302.75,303.2699890136719,297.8299865722656,299.2099914550781,27262900
2021-10-15,293.8107604980469,304.2099914550781,304.45001220703125,300.5199890136719,302.3399963378906,25384800
2021-10-18,296.78558349609375,307.2900085449219,308.2099914550781,302.69000244140625,303.57000732421875,22729300
2021-10-19,297.6934814453125,308.2300109863281,309.29998779296875,307.2200012207031,308.3500061035156,17682100
2021-10-20,296.90142822265625,307.4100036621094,309.70001220703125,306.1099853515625,309.2099914550781,16537100
2021-10-21,300.136962890625,310.760009765625,311.0199890136719,306.3599853515625,307.1700134277344,16918100
2021-10-22,298.5916748046875,309.1600036621094,311.0899963378906,307.79998779296875,310.3999938964844,17449300
2021-10-25,297.5968933105469,308.1300048828125,309.3999938964844,306.4599914550781,309.3599853515625,17554500
2021-10-26,299.50921630859375,310.1099853515625,312.3999938964844,308.6000061035156,311.0,28107300
2021-10-27,312.1227111816406,323.1700134277344,326.1000061035156,316.0,316.0,52588700
2021-10-28,313.262451171875,324.3500061035156,324.8699951171875,321.3599853515625,324.3299865722656,26297900
2021-10-29,320.28387451171875,331.6199951171875,332.0,323.8999938964844,324.1300048828125,34766000
2021-11-01,318.1108093261719,329.3699951171875,331.489990234375,326.3699951171875,331.3599853515625,27073200
2021-11-02,321.74237060546875,333.1300048828125,333.45001220703125,330.0,330.30999755859375,26487100
2021-11-03,322.58245849609375,334.0,334.8999938964844,330.6499938964844,333.8999938964844,21500100
2021-11-04,324.9391174316406,336.44000244140625,336.5400085449219,329.510009765625,332.8900146484375,23992200
2021-11-05,324.5721130371094,336.05999755859375,338.7900085449219,334.4200134277344,338.510009765625,22570100
2021-11-08,325.4703369140625,336.989990234375,337.6499938964844,334.44000244140625,337.29998779296875,20897000
2021-11-09,324.4658508300781,335.95001220703125,338.7200012207031,334.5299987792969,337.1099853515625,21307400
2021-11-10,319.49188232421875,330.79998779296875,334.6300048828125,329.9200134277344,334.57000732421875,25500900
2021-11-11,321.0661926269531,332.42999267578125,333.7699890136719,330.510009765625,331.25,16849800
2021-11-12,325.2095031738281,336.7200012207031,337.2300109863281,333.7900085449219,333.9200134277344,23831000
2021-11-15,324.581787109375,336.07000732421875,337.8800048828125,334.0299987792969,337.5400085449219,16723000
2021-11-16,327.9042053222656,339.510009765625,340.6700134277344,335.510009765625,335.67999267578125,20886800
2021-11-17,328.1267395019531,339.1199951171875,342.19000244140625,338.0,338.94000244140625,19053400
2021-11-18,330.20697021484375,341.2699890136719,342.45001220703125,337.1199951171875,338.17999267578125,22463500
2021-11-19,331.9874267578125,343.1099853515625,345.1000061035156,342.20001220703125,342.6400146484375,21963400
2021-11-22,328.8137512207031,339.8299865722656,349.6700134277344,339.54998779296875,344.6199951171875,31031100
2021-11-23,326.7334289550781,337.67999267578125,339.45001220703125,333.55999755859375,337.04998779296875,30427600
2021-11-24,326.9559631347656,337.9100036621094,338.1600036621094,333.9100036621094,336.2799987792969,21661300
2021-11-26,318.9927978515625,329.67999267578125,337.92999267578125,328.1199951171875,334.3500061035156,24217200
2021-11-29,325.7174072265625,336.6300048828125,339.0299987792969,334.739990234375,334.94000244140625,28563500
2021-11-30,319.87322998046875,330.5899963378906,337.7799987792969,328.989990234375,335.32000732421875,42885600
2021-12-01,319.3797302246094,330.0799865722656,339.2799987792969,329.3900146484375,335.1300048828125,33337600
2021-12-02,318.8089294433594,329.489990234375,333.489990234375,327.79998779296875,330.29998779296875,30766000
2021-12-03,312.5389709472656,323.010009765625,332.70001220703125,318.0299987792969,331.989990234375,41779300
2021-12-06,315.6158752441406,326.19000244140625,327.45001220703125,319.2300109863281,323.95001220703125,30032600
2021-12-07,324.0628662109375,334.9200134277344,335.79998779296875,330.1000061035156,331.6400146484375,31021900
2021-12-08,324.1112365722656,334.9700012207031,335.5,330.79998779296875,335.30999755859375,24761000
2021-12-09,322.3018798828125,333.1000061035156,336.489990234375,332.1199951171875,334.4100036621094,22214200
2021-12-10,331.43585205078125,342.5400085449219,343.0,334.7900085449219,334.9800109863281,38095700
2021-12-13,328.39764404296875,339.3999938964844,343.7900085449219,339.0799865722656,340.67999267578125,28899400
2021-12-14,317.6961669921875,328.3399963378906,334.6400146484375,324.1099853515625,333.2200012207031,44438700
2021-12-15,323.8015441894531,334.6499938964844,335.19000244140625,324.5,328.6099853515625,35381100
2021-12-16,314.3677062988281,324.8999938964844,336.760009765625,323.0199890136719,335.7099914550781,35034800
2021-12-17,313.3033447265625,323.79998779296875,324.9200134277344,317.25,320.8800048828125,47750300
2021-12-20,309.5394287109375,319.9100036621094,322.79998779296875,317.57000732421875,320.04998779296875,28326500
2021-12-21,316.68023681640625,327.2900085449219,327.7300109863281,319.79998779296875,323.2900085449219,24740600
2021-12-22,322.3986511230469,333.20001220703125,333.6099853515625,325.75,328.29998779296875,24831500
2021-12-23,323.84039306640625,334.69000244140625,336.3900146484375,332.7300109863281,332.75,19617800
2021-12-27,331.3487854003906,342.45001220703125,342.4800109863281,335.42999267578125,335.4599914550781,19947000
2021-12-28,330.1876525878906,341.25,343.80999755859375,340.32000732421875,343.1499938964844,15661500
2021-12-29,330.864990234375,341.95001220703125,344.29998779296875,339.67999267578125,341.29998779296875,15042000
2021-12-30,328.32025146484375,339.32000732421875,343.1300048828125,338.82000732421875,341.9100036621094,15994500
2021-12-31,325.41748046875,336.32000732421875,339.3599853515625,335.8500061035156,338.510009765625,18000800
2022-01-03,323.8984069824219,334.75,338.0,329.7799987792969,335.3500061035156,28865100
2022-01-04,318.3444519042969,329.010009765625,335.20001220703125,326.1199951171875,334.8299865722656,32674300
2022-01-05,306.1239013671875,316.3800048828125,326.07000732421875,315.9800109863281,325.8599853515625,40054300
2022-01-06,303.70489501953125,313.8800048828125,318.70001220703125,311.489990234375,313.1499938964844,39646100
2022-01-07,303.8597106933594,314.0400085449219,316.5,310.0899963378906,314.1499938964844,32720000
2022-01-10,304.082275390625,314.2699890136719,314.7200012207031,304.69000244140625,309.489990234375,44289500
2022-01-11,304.7693176269531,314.9800109863281,316.6099853515625,309.8900146484375,313.3800048828125,29386800
2022-01-12,307.9526062011719,318.2699890136719,323.4100036621094,317.0799865722656,319.6700134277344,34372200
2022-01-13,294.91925048828125,304.79998779296875,320.8800048828125,304.0,320.4700012207031,45366000
2022-01-14,300.14422607421875,310.20001220703125,310.82000732421875,303.75,304.25,39846400
2022-01-18,292.83892822265625,302.6499938964844,309.79998779296875,301.739990234375,304.07000732421875,42333200
2022-01-19,293.49688720703125,303.3299865722656,313.9100036621094,302.70001220703125,306.2900085449219,45933900
2022-01-20,291.8230285644531,301.6000061035156,311.6499938964844,301.1400146484375,309.07000732421875,35380700
2022-01-21,286.43359375,296.0299987792969,304.1099853515625,295.6099853515625,302.69000244140625,57984400
2022-01-24,286.7625427246094,296.3699951171875,297.1099853515625,276.04998779296875,292.20001220703125,85731500
2022-01-25,279.1380310058594,288.489990234375,294.989990234375,285.1700134277344,291.5199890136719,72848600
2022-01-26,287.091552734375,296.7099914550781,308.5,293.0299987792969,307.989990234375,90428900
2022-01-27,290.1200256347656,299.8399963378906,307.29998779296875,297.92999267578125,302.6600036621094,53481300
2022-01-28,298.2671203613281,308.260009765625,308.4800109863281,294.45001220703125,300.2300109863281,49743700
2022-01-31,300.8988952636719,310.9800109863281,312.3800048828125,306.3699951171875,308.95001220703125,46444500
2022-02-01,298.7509765625,308.760009765625,310.6300048828125,305.1300048828125,310.4100036621094,40950400
2022-02-02,303.29852294921875,313.4599914550781,315.1199951171875,308.8800048828125,309.6300048828125,36636000
2022-02-03,291.48431396484375,301.25,311.2300109863281,299.9599914550781,309.489990234375,43730000
2022-02-04,296.0222473144531,305.94000244140625,308.79998779296875,299.9700012207031,300.2099914550781,35096500
2022-02-07,291.19403076171875,300.95001220703125,307.8399963378906,299.8999938964844,306.1700134277344,28533300
2022-02-08,294.68707275390625,304.55999755859375,305.55999755859375,299.95001220703125,301.25,32421200
2022-02-09,301.1214904785156,311.2099914550781,311.92999267578125,307.3900146484375,309.8699951171875,31284700
2022-02-10,292.5777282714844,302.3800048828125,309.1199951171875,300.70001220703125,304.0400085449219,45386200
2022-02-11,285.47564697265625,295.0400085449219,304.2900085449219,294.2200012207031,303.19000244140625,39175600
2022-02-14,285.43701171875,295.0,296.760009765625,291.3500061035156,293.7699890136719,36359500
2022-02-15,290.7296142578125,300.4700012207031,300.79998779296875,297.0199890136719,300.010009765625,27058300
2022-02-16,290.3902587890625,299.5,300.8699951171875,293.67999267578125,298.3699951171875,29982100
2022-02-17,281.8870544433594,290.7300109863281,296.79998779296875,290.0,296.3599853515625,32461600
2022-02-18,279.17218017578125,287.92999267578125,293.8599853515625,286.30999755859375,293.04998779296875,34264000
2022-02-22,278.9686279296875,287.7200012207031,291.5400085449219,284.5,285.0,41736100
2022-02-23,271.7452697753906,280.2699890136719,291.70001220703125,280.1000061035156,290.17999267578125,37811200
2022-02-24,285.62957763671875,294.5899963378906,295.1600036621094,271.5199890136719,272.510009765625,56989700
2022-02-25,288.2668762207031,297.30999755859375,297.6300048828125,291.6499938964844,295.1400146484375,32546700
2022-02-28,289.701904296875,298.7900085449219,299.1400146484375,293.0,294.30999755859375,34627500
2022-03-01,285.9786682128906,294.95001220703125,299.9700012207031,292.1499938964844,296.3999938964844,31217800
2022-03-02,291.0592346191406,300.19000244140625,301.4700012207031,293.70001220703125,295.3599853515625,31873000
2022-03-03,286.91925048828125,295.9200134277344,303.1300048828125,294.04998779296875,302.8900146484375,27314500
2022-03-04,281.0434875488281,289.8599853515625,295.6600036621094,287.1700134277344,294.2900085449219,32356500
2022-03-07,270.42657470703125,278.9100036621094,289.69000244140625,278.5299987792969,288.5299987792969,43157200
2022-03-08,267.4595642089844,275.8500061035156,283.9599914550781,270.0,277.79998779296875,48159500
2022-03-09,279.7248840332031,288.5,289.6000061035156,280.7799987792969,283.44000244140625,35204500
2022-03-10,276.90338134765625,285.5899963378906,286.6000061035156,280.5799865722656,283.0199890136719,30628000
2022-03-11,271.5513000488281,280.07000732421875,289.510009765625,279.42999267578125,287.9599914550781,27209300
2022-03-14,268.0317077636719,276.44000244140625,285.3999938964844,275.82000732421875,280.3399963378906,30660700
2022-03-15,278.4159240722656,287.1499938964844,287.82000732421875,278.7300109863281,280.3500061035156,34245100
2022-03-16,285.4357604980469,294.3900146484375,294.57000732421875,283.20001220703125,289.1099853515625,37826300
2022-03-17,286.24053955078125,295.2200012207031,295.6099853515625,289.3699951171875,293.2900085449219,30816600
2022-03-18,291.2919616699219,300.42999267578125,301.0,292.7300109863281,295.3699951171875,43390600
2022-03-21,290.0606384277344,299.1600036621094,300.1400146484375,294.8999938964844,298.8900146484375,28351200
2022-03-22,294.8115539550781,304.05999755859375,305.0,298.7699890136719,299.79998779296875,27599700
2022-03-23,290.3806457519531,299.489990234375,303.2300109863281,297.7200012207031,300.510009765625,25715400
2022-03-24,294.8503723144531,304.1000061035156,304.20001220703125,298.32000732421875,299.1400146484375,24484500
2022-03-25,294.4430847167969,303.67999267578125,305.5,299.2900085449219,305.2300109863281,22566500
2022-03-28,301.24969482421875,310.70001220703125,310.79998779296875,304.3299865722656,304.3299865722656,29578200
2022-03-29,305.81634521484375,315.4100036621094,315.82000732421875,309.04998779296875,313.9100036621094,30393400
2022-03-30,304.3134765625,313.8599853515625,315.95001220703125,311.5799865722656,313.760009765625,28163600
2022-03-31,298.93231201171875,308.30999755859375,315.1400146484375,307.8900146484375,313.8999938964844,33422100
2022-04-01,300.0085754394531,309.4200134277344,310.1300048828125,305.5400085449219,309.3699951171875,27110500
2022-04-04,305.38970947265625,314.9700012207031,315.1099853515625,309.7099914550781,310.0899963378906,24289600
2022-04-05,301.42413330078125,310.8800048828125,314.8699951171875,309.8699951171875,313.2699890136719,23156700
2022-04-06,290.3902587890625,299.5,307.0,296.7099914550781,305.19000244140625,40110400
2022-04-07,292.203369140625,301.3699951171875,303.6499938964844,296.3500061035156,296.6600036621094,31411200
2022-04-08,287.9372863769531,296.9700012207031,301.1199951171875,296.2799987792969,300.44000244140625,24361900
2022-04-11,276.58343505859375,285.260009765625,292.6099853515625,285.0,291.7900085449219,34569300
2022-04-12,273.4807434082031,282.05999755859375,290.739990234375,280.489990234375,289.239990234375,30966700
2022-04-13,278.87158203125,287.6199951171875,288.5799865722656,281.29998779296875,282.7300109863281,21907200
2022-04-14,271.31854248046875,279.8299865722656,288.30999755859375,279.32000732421875,288.0899963378906,28221600
2022-04-18,271.9876403808594,280.5199890136719,282.4599914550781,278.3399963378906,278.9100036621094,20778000
2022-04-19,276.6222229003906,285.29998779296875,286.1700134277344,278.4100036621094,279.3800048828125,22297700
2022-04-20,277.64996337890625,286.3599853515625,289.70001220703125,285.3699951171875,289.3999938964844,22906700
2022-04-21,272.26873779296875,280.80999755859375,293.29998779296875,280.05999755859375,288.5799865722656,29454600
2022-04-22,265.69500732421875,274.0299987792969,283.20001220703125,273.3800048828125,281.67999267578125,29405800
2022-04-25,272.1815490722656,280.7200012207031,281.1099853515625,270.7699890136719,273.2900085449219,35678900
2022-04-26,262.00091552734375,270.2200012207031,278.3599853515625,270.0,277.5,46518400
2022-04-27,274.6054992675781,283.2200012207031,290.9700012207031,279.1600036621094,282.1000061035156,63477700
2022-04-28,280.82049560546875,289.6300048828125,290.9800109863281,281.4599914550781,285.19000244140625,33646600
2022-04-29,269.0788269042969,277.5199890136719,289.8800048828125,276.5,288.6099853515625,37073900
2022-05-02,275.8174743652344,284.4700012207031,284.94000244140625,276.2200012207031,277.7099914550781,35151100
2022-05-03,273.2091979980469,281.7799987792969,284.1300048828125,280.1499938964844,283.9599914550781,25978600
2022-05-04,281.1598815917969,289.9800109863281,290.8800048828125,276.7300109863281,282.5899963378906,33599300
2022-05-05,268.9140319824219,277.3500061035156,286.3500061035156,274.3399963378906,285.5400085449219,43260400
2022-05-06,266.3737487792969,274.7300109863281,279.25,271.2699890136719,274.80999755859375,37780300
2022-05-09,256.5323791503906,264.5799865722656,272.3599853515625,263.32000732421875,270.05999755859375,47726000
2022-05-10,261.302734375,269.5,273.75,265.07000732421875,271.69000244140625,39336400
2022-05-11,252.62498474121094,260.54998779296875,271.3599853515625,259.29998779296875,265.67999267578125,48975900
2022-05-12,247.5831756591797,255.35000610351562,259.8800048828125,250.02000427246094,257.69000244140625,51033800
2022-05-13,253.1776580810547,261.1199951171875,263.0400085449219,255.35000610351562,257.3500061035156,34925100
2022-05-16,253.54615783691406,261.5,265.82000732421875,255.77999877929688,259.9599914550781,32550900
2022-05-17,258.7043151855469,266.82000732421875,268.3299865722656,262.4599914550781,266.1099853515625,28828800
2022-05-18,246.9255828857422,254.0800018310547,263.6000061035156,252.77000427246094,263.0,31356000
2022-05-19,246.01205444335938,253.13999938964844,257.6700134277344,251.8800048828125,253.89999389648438,32692300
2022-05-20,245.44837951660156,252.55999755859375,258.5400085449219,246.44000244140625,257.239990234375,39199300
2022-05-23,253.31056213378906,260.6499938964844,261.5,253.42999267578125,255.49000549316406,33175400
2022-05-24,252.30953979492188,259.6199951171875,261.3299865722656,253.5,257.8900146484375,29043900
2022-05-25,255.12794494628906,262.5199890136719,264.5799865722656,257.1300048828125,258.1400146484375,28547900
2022-05-26,258.4127197265625,265.8999938964844,267.1099853515625,261.42999267578125,262.2699890136719,25002100
2022-05-27,265.5460205078125,273.239990234375,273.3399963378906,267.55999755859375,268.4800109863281,26910800
2022-05-31,264.21466064453125,271.8699951171875,274.7699890136719,268.92999267578125,272.5299987792969,37827700
2022-06-01,264.7491760253906,272.4200134277344,277.69000244140625,270.0400085449219,275.20001220703125,25292200
2022-06-02,266.84832763671875,274.5799865722656,274.6499938964844,261.6000061035156,264.45001220703125,44008200
2022-06-03,262.4167175292969,270.0199890136719,273.45001220703125,268.4100036621094,270.30999755859375,28059000
2022-06-06,261.1825256347656,268.75,274.17999267578125,267.2200012207031,272.05999755859375,22400300
2022-06-07,264.8268737792969,272.5,273.1300048828125,265.94000244140625,266.6400146484375,22860700
2022-06-08,262.7957458496094,270.4100036621094,273.0,269.6099853515625,271.7099914550781,17372300
2022-06-09,257.3340148925781,264.7900085449219,272.7099914550781,264.6300048828125,267.7799987792969,26439700
2022-06-10,245.8662872314453,252.99000549316406,260.5799865722656,252.52999877929688,260.5799865722656,31422800
2022-06-13,235.4384307861328,242.25999450683594,249.02000427246094,241.52999877929688,245.11000061035156,46135800
2022-06-14,237.6056365966797,244.49000549316406,245.74000549316406,241.50999450683594,243.86000061035156,28651500
2022-06-15,244.6708984375,251.75999450683594,255.3000030517578,246.4199981689453,248.30999755859375,33111700
2022-06-16,238.07208251953125,244.97000122070312,247.4199981689453,243.02000427246094,245.97999572753906,33169200
2022-06-17,240.67665100097656,247.64999389648438,250.5,244.02999877929688,244.6999969482422,43084800
2022-06-21,246.5951690673828,253.74000549316406,254.75,249.50999450683594,250.25999450683594,29928300
2022-06-22,246.0023651123047,253.1300048828125,257.1700134277344,250.3699951171875,251.88999938964844,25939900
2022-06-23,251.5709686279297,258.8599853515625,259.3699951171875,253.6300048828125,255.57000732421875,25861400
2022-06-24,260.1620788574219,267.70001220703125,267.9800109863281,261.7200012207031,261.80999755859375,33923200
2022-06-27,257.43115234375,264.8900146484375,268.29998779296875,263.2799987792969,268.2099914550781,24615100
2022-06-28,249.2580108642578,256.4800109863281,266.9100036621094,256.32000732421875,263.9800109863281,27295500
2022-06-29,252.9315643310547,260.260009765625,261.9700012207031,255.75999450683594,257.5899963378906,20069800
2022-06-30,249.59815979003906,256.8299865722656,259.5299987792969,252.89999389648438,257.04998779296875,31730900
2022-07-01,252.27072143554688,259.5799865722656,259.7699890136719,254.61000061035156,256.3900146484375,22837700
2022-07-05,255.44857788085938,262.8500061035156,262.9800109863281,254.74000549316406,256.1600036621094,22941000
2022-07-06,258.7140197753906,266.2099914550781,267.989990234375,262.3999938964844,263.75,23824400
2022-07-07,260.8423156738281,268.3999938964844,269.05999755859375,265.0199890136719,265.1199951171875,20859900
2022-07-08,260.12322998046875,267.6600036621094,268.1000061035156,263.2900085449219,264.7900085449219,19658800
2022-07-11,257.0618896484375,264.510009765625,266.5299987792969,262.17999267578125,265.6499938964844,19455200
2022-07-12,246.52711486816406,253.6699981689453,265.94000244140625,252.0399932861328,265.8800048828125,35868500
2022-07-13,245.6038818359375,252.72000122070312,253.5500030517578,248.11000061035156,250.19000244140625,29497400
2022-07-14,246.9255828857422,254.0800018310547,255.13999938964844,245.94000244140625,250.57000732421875,25102800
2022-07-15,249.4912567138672,256.7200012207031,260.3699951171875,254.77000427246094,255.72000122070312,29774100
2022-07-18,247.09078979492188,254.25,260.8399963378906,253.3000030517578,259.75,20975000
2022-07-19,252.22210693359375,259.5299987792969,259.7200012207031,253.67999267578125,257.5799865722656,25012600
2022-07-20,254.8849334716797,262.2699890136719,264.8699951171875,258.9100036621094,259.8999938964844,22788300
2022-07-21,257.382568359375,264.8399963378906,264.8900146484375,257.0299987792969,259.7900085449219,22404700
2022-07-22,253.0286865234375,260.3599853515625,265.3299865722656,259.07000732421875,265.239990234375,21881300
2022-07-25,251.54185485839844,258.8299865722656,261.5,256.80999755859375,261.0,21056000
2022-07-26,244.80697631835938,251.89999389648438,259.8800048828125,249.57000732421875,259.8599853515625,39348000
2022-07-27,261.17279052734375,268.739990234375,270.04998779296875,258.8500061035156,261.1600036621094,45994000
2022-07-28,268.62677001953125,276.4100036621094,277.8399963378906,267.8699951171875,269.75,33459300
2022-07-29,272.8348388671875,280.739990234375,282.0,276.6300048828125,277.70001220703125,32152800
2022-08-01,270.1817626953125,278.010009765625,281.2799987792969,275.8399963378906,277.82000732421875,21539600
2022-08-02,267.08160400390625,274.82000732421875,277.8900146484375,272.3800048828125,276.0,22754200
2022-08-03,274.5161437988281,282.4700012207031,283.5,276.6099853515625,276.760009765625,23518900
2022-08-04,275.6629638671875,283.6499938964844,283.79998779296875,280.1700134277344,281.79998779296875,18098700
2022-08-05,274.9437561035156,282.9100036621094,283.6499938964844,278.67999267578125,279.1499938964844,16774600
2022-08-08,272.4267883300781,280.32000732421875,285.9200134277344,279.32000732421875,284.04998779296875,18739200
2022-08-09,274.3509521484375,282.29998779296875,283.0799865722656,277.6099853515625,279.6400146484375,23405200
2022-08-10,281.01776123046875,289.1600036621094,289.80999755859375,286.94000244140625,288.1700134277344,24687800
2022-08-11,278.9380187988281,287.0199890136719,291.2099914550781,286.510009765625,290.8500061035156,20065900
2022-08-12,283.69036865234375,291.9100036621094,291.9100036621094,286.94000244140625,288.4800109863281,22619700
2022-08-15,285.2064514160156,293.4700012207031,294.17999267578125,290.1099853515625,291.0,18085700
2022-08-16,284.46783447265625,292.7099914550781,294.0400085449219,290.4200134277344,291.989990234375,18102900
2022-08-17,283.7179260253906,291.32000732421875,293.3500061035156,289.4700012207031,289.739990234375,18253400
2022-08-18,282.597900390625,290.1700134277344,291.9100036621094,289.0799865722656,290.19000244140625,17186200
2022-08-19,278.682861328125,286.1499938964844,289.25,285.55999755859375,288.8999938964844,20570000
2022-08-22,270.5020446777344,277.75,282.4599914550781,277.2200012207031,282.0799865722656,25061100
2022-08-23,269.22625732421875,276.44000244140625,278.8599853515625,275.3999938964844,276.44000244140625,17527400
2022-08-24,268.5931701660156,275.7900085449219,277.2300109863281,275.1099853515625,275.4100036621094,18137000
2022-08-25,271.57330322265625,278.8500061035156,279.0199890136719,274.5199890136719,277.3299865722656,16583400
2022-08-26,261.0940856933594,268.0899963378906,280.3399963378906,267.9800109863281,279.0799865722656,27549300
2022-08-29,258.308837890625,265.2300109863281,267.3999938964844,263.8500061035156,265.8500061035156,20338500
2022-08-30,256.1077575683594,262.9700012207031,267.04998779296875,260.6600036621094,266.6700134277344,22767100
2022-08-31,254.64686584472656,261.4700012207031,267.1099853515625,261.3299865722656,265.3900146484375,24791800
2022-09-01,253.60482788085938,260.3999938964844,260.8900146484375,255.41000366210938,258.8699951171875,23263400
2022-09-02,249.37802124023438,256.05999755859375,264.739990234375,254.47000122070312,261.70001220703125,22855400
2022-09-06,246.641357421875,253.25,257.8299865722656,251.94000244140625,256.20001220703125,21328200
2022-09-07,251.3550567626953,258.0899963378906,258.8299865722656,253.22000122070312,254.6999969482422,24126700
2022-09-08,251.77381896972656,258.5199890136719,260.42999267578125,254.7899932861328,257.510009765625,20319900
2022-09-09,257.5588684082031,264.4599914550781,265.2300109863281,260.2900085449219,260.5,22084700
2022-09-12,259.6916809082031,266.6499938964844,267.45001220703125,265.1600036621094,265.7799987792969,18747700
2022-09-13,245.4142608642578,251.99000549316406,260.3999938964844,251.58999633789062,258.8399963378906,33353300
2022-09-14,245.63824462890625,252.22000122070312,254.22999572753906,249.86000061035156,253.52999877929688,23913000
2022-09-15,238.9767303466797,245.3800048828125,251.39999389648438,244.02000427246094,249.77000427246094,31530900
2022-09-16,238.35345458984375,244.74000549316406,245.3000030517578,242.05999755859375,244.25999450683594,39791800
2022-09-19,238.13917541503906,244.52000427246094,245.13999938964844,240.85000610351562,242.47000122070312,26826900
2022-09-20,236.12319946289062,242.4499969482422,243.50999450683594,239.63999938964844,242.07000732421875,26660300
2022-09-21,232.71453857421875,238.9499969482422,247.66000366210938,238.89999389648438,244.27000427246094,28625600
2022-09-22,234.69155883789062,240.97999572753906,243.86000061035156,237.57000732421875,237.8699951171875,31061200
2022-09-23,231.71141052246094,237.9199981689453,241.1300048828125,235.1999969482422,239.5399932861328,34176000
2022-09-26,231.25367736816406,237.4499969482422,241.4499969482422,236.89999389648438,237.0500030517578,27694200
2022-09-27,230.2408447265625,236.41000366210938,241.8000030517578,234.5,239.97999572753906,27018700
2022-09-28,234.77923583984375,241.07000732421875,242.3300018310547,234.72999572753906,236.80999755859375,29029700
2022-09-29,231.30235290527344,237.5,239.9499969482422,234.41000366210938,238.88999938964844,27484200
2022-09-30,226.82237243652344,232.89999389648438,240.5399932861328,232.72999572753906,238.2899932861328,35694800
2022-10-03,234.4578399658203,240.74000549316406,241.61000061035156,234.66000366210938,235.41000366210938,28880400
2022-10-04,242.3854217529297,248.8800048828125,250.36000061035156,244.97999572753906,245.08999633789062,34888400
2022-10-05,242.697021484375,249.1999969482422,250.5800018310547,244.10000610351562,245.99000549316406,20347100
2022-10-06,240.34996032714844,246.7899932861328,250.33999633789062,246.0800018310547,247.92999267578125,20239900
2022-10-07,228.12747192382812,234.24000549316406,241.32000732421875,233.1699981689453,240.89999389648438,37769600
2022-10-10,223.26763916015625,229.25,234.55999755859375,226.72999572753906,233.0500030517578,29743600
2022-10-11,219.5278778076172,225.41000366210938,229.05999755859375,224.11000061035156,227.6199951171875,30474000
2022-10-12,219.85899353027344,225.75,227.86000061035156,223.9600067138672,225.39999389648438,21903900
2022-10-13,228.12747192382812,234.24000549316406,236.10000610351562,219.1300048828125,219.85000610351562,42551800
2022-10-14,222.59564208984375,228.55999755859375,237.24000549316406,228.33999633789062,235.5399932861328,30198600
2022-10-17,231.33160400390625,237.52999877929688,238.9600067138672,235.13999938964844,235.82000732421875,28142300
2022-10-18,232.2762908935547,238.5,243.92999267578125,235.3699951171875,243.24000549316406,26329600
2022-10-19,230.30897521972656,236.47999572753906,239.61000061035156,234.2899932861328,237.0399932861328,19985700
2022-10-20,229.98756408691406,236.14999389648438,241.30999755859375,234.8699951171875,235.77000427246094,21811000
2022-10-21,235.8018035888672,242.1199951171875,243.0,234.5,234.74000549316406,26299700
2022-10-24,240.79791259765625,247.25,247.83999633789062,241.3000030517578,243.75999450683594,24911200
2022-10-25,244.11892700195312,250.66000366210938,251.0399932861328,245.8300018310547,247.25999450683594,34775500
2022-10-26,225.2836456298828,231.32000732421875,238.3000030517578,230.05999755859375,231.1699981689453,82543200
2022-10-27,220.83287048339844,226.75,233.69000244140625,225.77999877929688,231.0399932861328,40424600
2022-10-28,229.71490478515625,235.8699951171875,236.60000610351562,226.0500030517578,226.24000549316406,40647700
2022-10-31,226.07249450683594,232.1300048828125,234.9199981689453,231.14999389648438,233.75999450683594,28357300
2022-11-01,222.2158203125,228.1699981689453,235.74000549316406,227.3300018310547,234.60000610351562,30592300
2022-11-02,214.35641479492188,220.10000610351562,231.3000030517578,220.0399932861328,229.4600067138672,38407000
2022-11-03,208.65907287597656,214.25,220.41000366210938,213.97999572753906,220.08999633789062,36633900
2022-11-04,215.61276245117188,221.38999938964844,221.58999633789062,213.42999267578125,217.5500030517578,36789100
2022-11-07,221.92367553710938,227.8699951171875,228.41000366210938,221.27999877929688,221.99000549316406,33498000
2022-11-08,222.89755249023438,228.8699951171875,231.64999389648438,225.83999633789062,228.6999969482422,28192500
2022-11-09,218.65135192871094,224.50999450683594,228.6300048828125,224.3300018310547,227.3699951171875,27852900
2022-11-10,236.63934326171875,242.97999572753906,243.3300018310547,235.0,235.42999267578125,46268000
2022-11-11,240.66160583496094,247.11000061035156,247.99000549316406,241.92999267578125,242.99000549316406,34620200
2022-11-14,235.24668884277344,241.5500030517578,243.91000366210938,239.2100067138672,241.99000549316406,31123300
2022-11-15,235.65573120117188,241.97000122070312,247.0,240.02999877929688,245.66000366210938,31390100
2022-11-16,236.08543395996094,241.72999572753906,243.8000030517578,240.4199981689453,242.7899932861328,24093300
2022-11-17,236.03663635253906,241.67999267578125,243.25,237.6300048828125,237.77999877929688,23123500
2022-11-18,235.5873565673828,241.22000122070312,243.74000549316406,239.02999877929688,243.50999450683594,27613500
2022-11-21,236.39796447753906,242.0500030517578,244.6699981689453,241.19000244140625,241.42999267578125,26394700
2022-11-22,239.30841064453125,245.02999877929688,245.30999755859375,240.7100067138672,243.58999633789062,19665700
2022-11-23,241.79885864257812,247.5800018310547,248.27999877929688,244.27000427246094,245.11000061035156,19508500
2022-11-25,241.71095275878906,247.49000549316406,248.6999969482422,246.72999572753906,247.30999755859375,9200800
2022-11-28,236.11474609375,241.75999450683594,246.64999389648438,240.8000030517578,246.0800018310547,24778200
2022-11-29,234.7181396484375,240.3300018310547,242.7899932861328,238.2100067138672,241.39999389648438,17956300
2022-11-30,249.1822967529297,255.13999938964844,255.3300018310547,239.86000061035156,240.57000732421875,47594200
2022-12-01,248.74282836914062,254.69000244140625,256.1199951171875,250.9199981689453,253.8699951171875,26041500
2022-12-02,249.06512451171875,255.02000427246094,256.05999755859375,249.69000244140625,249.82000732421875,21528500
2022-12-05,244.35765075683594,250.1999969482422,253.82000732421875,248.05999755859375,252.00999450683594,23435300
2022-12-06,239.39627075195312,245.1199951171875,251.86000061035156,243.77999877929688,250.82000732421875,22463700
2022-12-07,238.66375732421875,244.3699951171875,246.16000366210938,242.2100067138672,244.8300018310547,20481500
2022-12-08,241.623046875,247.39999389648438,248.74000549316406,243.05999755859375,244.83999633789062,22611800
2022-12-09,239.68930053710938,245.4199981689453,248.30999755859375,244.16000366210938,244.6999969482422,20609700
2022-12-12,246.6137237548828,252.50999450683594,252.5399932861328,247.1699981689453,247.4499969482422,30665100
2022-12-13,250.9207305908203,256.9200134277344,263.9200134277344,253.07000732421875,261.69000244140625,42196900
2022-12-14,251.21376037597656,257.2200012207031,262.5899963378906,254.30999755859375,257.1300048828125,35410900
2022-12-15,243.19546508789062,249.00999450683594,254.1999969482422,247.33999633789062,253.72000122070312,35560400
2022-12-16,238.97634887695312,244.69000244140625,249.83999633789062,243.50999450683594,248.5500030517578,86102000
2022-12-19,234.83531188964844,240.4499969482422,245.2100067138672,238.7100067138672,244.86000061035156,29696400
2022-12-20,236.15377807617188,241.8000030517578,242.91000366210938,238.4199981689453,239.39999389648438,25150800
2022-12-21,238.72238159179688,244.42999267578125,245.6199951171875,240.11000061035156,241.69000244140625,23690600
2022-12-22,232.62811279296875,238.19000244140625,241.99000549316406,233.8699951171875,241.25999450683594,28651700
2022-12-23,233.15548706054688,238.72999572753906,238.8699951171875,233.94000244140625,236.11000061035156,21207000
2022-12-27,231.4268341064453,236.9600067138672,238.92999267578125,235.8300018310547,238.6999969482422,16688600
2022-12-28,229.0535430908203,234.52999877929688,239.72000122070312,234.1699981689453,236.88999938964844,17457100
2022-12-29,235.3822479248047,241.00999450683594,241.9199981689453,235.64999389648438,235.64999389648438,19770700
2022-12-30,234.2200469970703,239.82000732421875,239.9600067138672,236.66000366210938,238.2100067138672,21938500
2023-01-03,233.9856414794922,239.5800018310547,245.75,237.39999389648438,243.0800018310547,25740000
2023-01-04,223.7503662109375,229.10000610351562,232.8699951171875,225.9600067138672,232.27999877929688,50623400
2023-01-05,217.118896484375,222.30999755859375,227.5500030517578,221.75999450683594,227.1999969482422,39585600
2023-01-06,219.677734375,224.92999267578125,225.75999450683594,219.35000610351562,223.0,43613600
2023-01-09,221.8166046142578,227.1199951171875,231.24000549316406,226.41000366210938,226.4499969482422,27369800
2023-01-10,223.50619506835938,228.85000610351562,231.30999755859375,227.3300018310547,227.75999450683594,27033900
2023-01-11,230.26461791992188,235.77000427246094,235.9499969482422,231.11000061035156,231.2899932861328,28669300
2023-01-12,232.9406280517578,238.50999450683594,239.89999389648438,233.55999755859375,235.25999450683594,27269500
2023-01-13,233.64381408691406,239.22999572753906,239.3699951171875,234.9199981689453,237.0,21333300
2023-01-17,234.7376708984375,240.35000610351562,240.91000366210938,237.08999633789062,237.97000122070312,29831300
2023-01-18,230.3036651611328,235.80999755859375,242.3800048828125,235.52000427246094,241.57000732421875,30028700
2023-01-19,226.5142822265625,231.92999267578125,235.52000427246094,230.67999267578125,233.77999877929688,28623000
2023-01-20,234.61070251464844,240.22000122070312,240.74000549316406,234.50999450683594,234.86000061035156,35389800
2023-01-23,236.9155731201172,242.5800018310547,245.1699981689453,239.64999389648438,241.10000610351562,31934000
2023-01-24,236.38819885253906,242.0399932861328,243.9499969482422,240.44000244140625,242.5,40234400
2023-01-25,234.99159240722656,240.61000061035156,243.3000030517578,230.89999389648438,234.47999572753906,66526600
2023-01-26,242.2090301513672,248.0,248.30999755859375,242.0,243.64999389648438,33454500
2023-01-27,242.36529541015625,248.16000366210938,249.8300018310547,246.8300018310547,248.99000549316406,26498900
2023-01-30,237.0425567626953,242.7100067138672,245.60000610351562,242.1999969482422,244.50999450683594,25867400
2023-01-31,242.0234375,247.80999755859375,247.9499969482422,242.9499969482422,243.4499969482422,26541100
2023-02-01,246.8480987548828,252.75,255.17999267578125,245.47000122070312,248.0,31259900
2023-02-02,258.4214172363281,264.6000061035156,264.69000244140625,257.25,258.82000732421875,39940400
2023-02-03,252.3173828125,258.3500061035156,264.20001220703125,257.1000061035156,259.5400085449219,29077300
2023-02-06,250.77423095703125,256.7699890136719,258.29998779296875,254.77999877929688,257.44000244140625,22518000
2023-02-07,261.31231689453125,267.55999755859375,268.7699890136719,260.0799865722656,260.5299987792969,50841400
2023-02-08,260.501708984375,266.7300109863281,276.760009765625,266.2099914550781,273.20001220703125,54686000
2023-02-09,257.4642333984375,263.6199951171875,273.9800109863281,262.79998779296875,273.79998779296875,42375100
2023-02-10,256.9564208984375,263.1000061035156,264.0899963378906,260.6600036621094,261.5299987792969,25818500
2023-02-13,264.9844970703125,271.32000732421875,274.6000061035156,267.1499938964844,267.6400146484375,44630900
2023-02-14,265.8146667480469,272.1700134277344,274.9700012207031,269.2799987792969,272.6700134277344,37047900
2023-02-15,263.6900939941406,269.32000732421875,270.7300109863281,266.17999267578125,268.32000732421875,28922400
2023-02-16,256.669921875,262.1499938964844,266.739990234375,261.8999938964844,264.0199890136719,29603600
2023-02-17,252.6654052734375,258.05999755859375,260.0899963378906,256.0,259.3900146484375,30000100
2023-02-21,247.3880615234375,252.6699981689453,255.49000549316406,251.58999633789062,254.47999572753906,28397400
2023-02-22,246.25230407714844,251.50999450683594,254.33999633789062,250.33999633789062,254.08999633789062,22491100
2023-02-23,249.4441680908203,254.77000427246094,256.8399963378906,250.47999572753906,255.55999755859375,29219100
2023-02-24,244.01019287109375,249.22000122070312,251.0,248.10000610351562,249.9600067138672,24990900
2023-02-27,244.9305419921875,250.16000366210938,252.82000732421875,249.38999938964844,252.4600067138672,21190000
2023-02-28,244.20599365234375,249.4199981689453,251.49000549316406,248.72999572753906,249.07000732421875,22491000
2023-03-01,241.12185668945312,246.27000427246094,250.92999267578125,245.7899932861328,250.75999450683594,27565300
2023-03-02,245.8606719970703,251.11000061035156,251.39999389648438,245.61000061035156,246.5500030517578,24808200
2023-03-03,249.9532928466797,255.2899932861328,255.6199951171875,251.38999938964844,252.19000244140625,30760100
2023-03-06,251.50027465820312,256.8699951171875,260.1199951171875,255.97999572753906,256.42999267578125,24109800
2023-03-07,248.8371124267578,254.14999389648438,257.69000244140625,253.38999938964844,256.29998779296875,21473200
2023-03-08,248.3965301513672,253.6999969482422,254.5399932861328,250.80999755859375,254.0399932861328,17340200
2023-03-09,247.04539489746094,252.32000732421875,259.55999755859375,251.5800018310547,255.82000732421875,26653400
2023-03-10,243.39337158203125,248.58999633789062,252.7899932861328,247.60000610351562,251.0800018310547,28333900
2023-03-13,248.6119384765625,253.9199981689453,257.9100036621094,245.72999572753906,247.39999389648438,33339700
2023-03-14,255.3383331298828,260.7900085449219,261.07000732421875,255.86000061035156,256.75,33620300
2023-03-15,259.8911437988281,265.44000244140625,266.4800109863281,259.2099914550781,259.9800109863281,46028000
2023-03-16,270.42620849609375,276.20001220703125,276.55999755859375,263.2799987792969,265.2099914550781,54768800
2023-03-17,273.5886535644531,279.42999267578125,283.3299865722656,276.32000732421875,278.260009765625,69527400
2023-03-20,266.5391845703125,272.2300109863281,277.4800109863281,269.8500061035156,276.9800109863281,43466600
2023-03-21,268.0567932128906,273.7799987792969,275.0,269.5199890136719,274.8800048828125,34558700
2023-03-22,266.59796142578125,272.2900085449219,281.0400085449219,272.17999267578125,273.3999938964844,34873300
2023-03-23,271.855712890625,277.6600036621094,281.05999755859375,275.20001220703125,277.94000244140625,36610900
2023-03-24,274.7048034667969,280.57000732421875,280.6300048828125,275.2799987792969,277.239990234375,28172000
2023-03-27,270.60247802734375,276.3800048828125,281.4599914550781,275.5199890136719,280.5,26840200
2023-03-28,269.47650146484375,275.2300109863281,276.1400146484375,272.04998779296875,275.7900085449219,21878600
2023-03-29,274.6460876464844,280.510009765625,281.1400146484375,278.4100036621094,278.9599914550781,25087000
2023-03-30,278.1120910644531,284.04998779296875,284.4599914550781,281.4800109863281,284.2300109863281,25053400
2023-03-31,282.2732238769531,288.29998779296875,289.2699890136719,283.0,283.7300109863281,32766000
2023-04-03,281.2255859375,287.2300109863281,288.2699890136719,283.95001220703125,286.5199890136719,24883300
2023-04-04,281.1766357421875,287.17999267578125,290.45001220703125,285.6700134277344,287.2300109863281,25824300
2023-04-05,278.39599609375,284.3399963378906,287.1499938964844,282.9200134277344,285.8500061035156,22064800
2023-04-06,285.5042419433594,291.6000061035156,292.0799865722656,282.0299987792969,283.2099914550781,29770300
2023-04-10,283.3404846191406,289.3900146484375,289.6000061035156,284.7099914550781,289.2099914550781,23103000
2023-04-11,276.9176330566406,282.8299865722656,285.9800109863281,281.6400146484375,285.75,27276600
2023-04-12,277.5638427734375,283.489990234375,287.010009765625,281.9599914550781,284.7900085449219,27403400
2023-04-13,283.7810363769531,289.8399963378906,289.8999938964844,283.1700134277344,283.5899963378906,24222700
2023-04-14,280.15838623046875,286.1400146484375,288.4800109863281,283.69000244140625,287.0,20987900
2023-04-17,282.7627868652344,288.79998779296875,291.6000061035156,286.1600036621094,289.92999267578125,23836200
2023-04-18,282.34173583984375,288.3699951171875,291.760009765625,287.010009765625,291.57000732421875,20161800
2023-04-19,282.4201354980469,288.45001220703125,289.04998779296875,284.5400085449219,285.989990234375,17150300
2023-04-20,280.1289978027344,286.1099853515625,289.0299987792969,285.0799865722656,285.25,23244400
2023-04-21,279.786376953125,285.760009765625,286.2699890136719,283.05999755859375,285.010009765625,21676400
2023-04-24,275.8797607421875,281.7699890136719,284.95001220703125,278.7200012207031,282.0899963378906,26611000
2023-04-25,269.6624755859375,275.4200134277344,281.6000061035156,275.3699951171875,279.510009765625,45772200
2023-04-26,289.1955261230469,295.3699951171875,299.57000732421875,292.7300109863281,296.70001220703125,64599200
2023-04-27,298.4576721191406,304.8299865722656,305.20001220703125,295.25,295.9700012207031,46462600
2023-04-28,300.8369140625,307.260009765625,308.92999267578125,303.30999755859375,304.010009765625,36469600
2023-05-01,299.17242431640625,305.55999755859375,308.6000061035156,305.1499938964844,306.9700012207031,21294100
2023-05-02,299.02557373046875,305.4100036621094,309.17999267578125,303.9100036621094,307.760009765625,26404400
2023-05-03,298.0366516113281,304.3999938964844,308.6099853515625,304.0899963378906,306.6199951171875,22360800
2023-05-04,299.02557373046875,305.4100036621094,307.760009765625,303.3999938964844,306.239990234375,22519900
2023-05-05,304.156005859375,310.6499938964844,311.9700012207031,304.2699890136719,305.7200012207031,28197100
2023-05-08,302.1978454589844,308.6499938964844,310.20001220703125,306.0899963378906,310.1300048828125,21318600
2023-05-09,300.5823974609375,307.0,310.0400085449219,306.30999755859375,308.0,21340800
2023-05-10,305.7812805175781,312.30999755859375,313.0,307.6700134277344,308.6199951171875,30078000
2023-05-11,303.6272888183594,310.1099853515625,311.1199951171875,306.260009765625,310.1000061035156,31680200
2023-05-12,302.5111389160156,308.9700012207031,310.6499938964844,306.6000061035156,310.54998779296875,19774700
2023-05-15,302.9909362792969,309.4599914550781,309.8999938964844,307.5899963378906,309.1000061035156,16336500
2023-05-16,305.22320556640625,311.739990234375,313.7099914550781,309.8299865722656,309.8299865722656,26730300
2023-05-17,308.1080627441406,314.0,314.42999267578125,310.739990234375,312.2900085449219,24315000
2023-05-18,312.5432434082031,318.5199890136719,319.0400085449219,313.7200012207031,314.5299987792969,27276000
2023-05-19,312.36663818359375,318.3399963378906,318.75,316.3699951171875,316.739990234375,27546700
2023-05-22,315.1532897949219,321.17999267578125,322.5899963378906,318.010009765625,318.6000061035156,24115700
2023-05-23,309.3444519042969,315.260009765625,322.7200012207031,315.25,320.0299987792969,30797200
2023-05-24,307.96087646484375,313.8500061035156,316.5,312.6099853515625,314.7300109863281,23384900
2023-05-25,319.80438232421875,325.9200134277344,326.8999938964844,320.0,323.239990234375,43301700
2023-05-26,326.64361572265625,332.8900146484375,333.3999938964844,323.8800048828125,324.0199890136719,36630600
2023-05-30,324.9951477050781,331.2099914550781,335.739990234375,330.5199890136719,335.2300109863281,29503100
2023-05-31,322.2280578613281,328.3900146484375,335.94000244140625,327.3299865722656,332.2900085449219,45950600
2023-06-01,326.3393859863281,332.5799865722656,333.5299987792969,324.7200012207031,325.92999267578125,26773900
2023-06-02,329.1065368652344,335.3999938964844,337.5,332.54998779296875,334.25,25873800
2023-06-05,329.6363830566406,335.94000244140625,338.55999755859375,334.6600036621094,335.2200012207031,21307100
2023-06-06,327.4188232421875,333.67999267578125,335.3699951171875,332.1700134277344,335.3299865722656,20396200
2023-06-07,317.3120422363281,323.3800048828125,334.489990234375,322.5,331.6499938964844,40717100
2023-06-08,319.15679931640625,325.260009765625,326.6400146484375,323.3500061035156,323.94000244140625,23277700
2023-06-09,320.6581115722656,326.7900085449219,329.989990234375,324.4100036621094,324.989990234375,22529000
2023-06-12,325.6231384277344,331.8500061035156,332.1000061035156,325.1600036621094,328.5799865722656,24260300
2023-06-13,328.0173645019531,334.2900085449219,336.9800109863281,330.3900146484375,334.4700012207031,22951300
2023-06-14,331.0101318359375,337.3399963378906,339.0400085449219,332.80999755859375,334.3399963378906,26003800
2023-06-15,341.5682373046875,348.1000061035156,349.8399963378906,337.20001220703125,337.4800109863281,38899100
2023-06-16,335.906494140625,342.3299865722656,351.4700012207031,341.95001220703125,351.32000732421875,46552000
2023-06-20,331.706787109375,338.04998779296875,342.0799865722656,335.8599853515625,339.30999755859375,26375400
2023-06-21,327.301025390625,333.55999755859375,337.7300109863281,332.07000732421875,336.3699951171875,25117800
2023-06-22,333.33563232421875,339.7099914550781,340.1199951171875,333.3399963378906,334.1199951171875,23556800
2023-06-23,328.7336730957031,335.0199890136719,337.9599914550781,333.45001220703125,334.3599853515625,23146900
2023-06-26,322.4341125488281,328.6000061035156,336.1099853515625,328.489990234375,333.7200012207031,21520600
2023-06-27,328.2921447753906,334.57000732421875,336.1499938964844,329.29998779296875,331.8599853515625,24354100
2023-06-28,329.548095703125,335.8500061035156,337.9800109863281,333.80999755859375,334.6600036621094,20259500
2023-06-29,328.7630920410156,335.04998779296875,336.1099853515625,332.6199951171875,334.7099914550781,16997000
2023-06-30,334.1500549316406,340.5400085449219,342.7300109863281,337.20001220703125,337.75,26832800
2023-07-03,331.64788818359375,337.989990234375,340.8999938964844,336.57000732421875,339.19000244140625,12508700
2023-07-05,331.8049011230469,338.1499938964844,341.6499938964844,334.7300109863281,335.0899963378906,18172400
2023-07-06,334.8663330078125,341.2699890136719,342.989990234375,335.5,337.29998779296875,28161200
2023-07-07,330.892333984375,337.2200012207031,341.7900085449219,337.0,339.32000732421875,21214800
2023-07-10,325.603515625,331.8299865722656,335.2300109863281,327.5899963378906,334.6000061035156,32791400
2023-07-11,326.2315368652344,332.4700012207031,332.8599853515625,327.0,331.05999755859375,26698200
2023-07-12,330.8727722167969,337.20001220703125,341.6499938964844,335.6700134277344,336.6000061035156,29995300
2023-07-13,336.2303466796875,342.6600036621094,343.739990234375,339.0199890136719,339.55999755859375,20567200
2023-07-14,338.7618713378906,345.239990234375,351.42999267578125,344.30999755859375,347.5899963378906,28352700
2023-07-17,339.2427062988281,345.7300109863281,346.989990234375,342.20001220703125,345.67999267578125,20363900
2023-07-18,352.7444763183594,359.489990234375,366.7799987792969,342.1700134277344,345.8299865722656,64738600
2023-07-19,348.417236328125,355.0799865722656,362.4599914550781,352.44000244140625,361.75,39732900
2023-07-20,340.3612976074219,346.8699951171875,357.9700012207031,345.3699951171875,353.57000732421875,33778400
2023-07-21,337.3194580078125,343.7699890136719,350.29998779296875,339.8299865722656,349.1499938964844,69405400
2023-07-24,338.6343078613281,345.1099853515625,346.9200134277344,342.30999755859375,345.8500061035156,26678100
2023-07-25,344.3941955566406,350.9800109863281,351.8900146484375,345.07000732421875,347.1099853515625,41637700
2023-07-26,331.4320068359375,337.7699890136719,344.6700134277344,333.1099853515625,341.44000244140625,58383700
2023-07-27,324.51434326171875,330.7200012207031,341.3299865722656,329.04998779296875,340.4800109863281,39635300
2023-07-28,332.02081298828125,338.3699951171875,340.010009765625,333.1700134277344,333.6700134277344,28484900
2023-07-31,329.6167297363281,335.9200134277344,337.70001220703125,333.3599853515625,336.9200134277344,25446000
2023-08-01,330.0288391113281,336.3399963378906,338.5400085449219,333.70001220703125,335.19000244140625,18311900
2023-08-02,321.3547058105469,327.5,333.6300048828125,326.3599853515625,333.6300048828125,27761300
2023-08-03,320.5305480957031,326.6600036621094,329.8800048828125,325.95001220703125,326.0,18253700
2023-08-04,321.6294860839844,327.7799987792969,335.1400146484375,327.239990234375,331.8800048828125,23741500
2023-08-07,323.915771484375,330.1099853515625,331.1099853515625,327.5199890136719,328.3699951171875,17741500
2023-08-08,319.9319763183594,326.04998779296875,328.75,323.0,326.9599914550781,22327600
2023-08-09,316.18365478515625,322.2300109863281,327.1099853515625,321.04998779296875,326.4700012207031,22373300
2023-08-10,316.8704833984375,322.92999267578125,328.260009765625,321.17999267578125,326.0199890136719,20113700
2023-08-11,314.98651123046875,321.010009765625,322.4100036621094,319.2099914550781,320.260009765625,24355500
2023-08-14,317.9596862792969,324.0400085449219,324.05999755859375,320.0799865722656,321.3900146484375,18836100
2023-08-15,315.8205871582031,321.8599853515625,325.0899963378906,320.8999938964844,323.0,16966300
2023-08-16,315.0535888671875,320.3999938964844,324.4200134277344,319.79998779296875,320.79998779296875,20698900
2023-08-17,311.5923767089844,316.8800048828125,321.8699951171875,316.2099914550781,320.5400085449219,21257200
2023-08-18,311.198974609375,316.4800109863281,318.3800048828125,311.54998779296875,314.489990234375,24755000
2023-08-21,316.5089416503906,321.8800048828125,322.7699890136719,317.0400085449219,317.92999267578125,24040000
2023-08-22,317.0792236328125,322.4599914550781,326.0799865722656,321.4599914550781,325.5,16084600
2023-08-23,321.5434875488281,327.0,329.20001220703125,323.4599914550781,323.82000732421875,21166400
2023-08-24,314.63079833984375,319.9700012207031,332.9800109863281,319.9599914550781,332.8500061035156,23281400
2023-08-25,317.590576171875,322.9800109863281,325.3599853515625,318.79998779296875,321.4700012207031,21684100
2023-08-28,318.2985534667969,323.70001220703125,326.1499938964844,321.7200012207031,325.6600036621094,14808500
2023-08-29,322.9299621582031,328.4100036621094,328.9800109863281,321.8800048828125,321.8800048828125,19284600
2023-08-30,323.3036193847656,328.7900085449219,329.80999755859375,326.45001220703125,328.6700134277344,15222100
2023-08-31,322.29083251953125,327.760009765625,330.9100036621094,326.7799987792969,329.20001220703125,26411000
2023-09-01,323.17578125,328.6600036621094,331.989990234375,326.7799987792969,331.30999755859375,14942000
2023-09-05,327.9841613769531,333.54998779296875,334.8500061035156,328.6600036621094,329.0,18553900
2023-09-06,327.32537841796875,332.8800048828125,334.4599914550781,330.17999267578125,333.3800048828125,17535800
2023-09-07,324.4049072265625,329.9100036621094,333.0799865722656,329.0299987792969,331.2900085449219,18381000
2023-09-08,328.692138671875,334.2699890136719,336.1600036621094,329.4599914550781,330.0899963378906,19530100
2023-09-11,332.3009338378906,337.94000244140625,338.4200134277344,335.42999267578125,337.239990234375,16583300
2023-09-12,326.2339172363281,331.7699890136719,336.7900085449219,331.4800109863281,335.82000732421875,17565500
2023-09-13,330.4523010253906,336.05999755859375,336.8500061035156,331.1700134277344,331.30999755859375,16544400
2023-09-14,333.0481872558594,338.70001220703125,340.8599853515625,336.57000732421875,339.1499938964844,20267000
2023-09-15,324.70977783203125,330.2200012207031,337.3999938964844,329.6499938964844,336.9200134277344,37679800
2023-09-18,323.569091796875,329.05999755859375,330.3999938964844,326.3599853515625,327.79998779296875,16834200
2023-09-19,323.16595458984375,328.6499938964844,329.3900146484375,324.510009765625,326.1700134277344,16505900
2023-09-20,315.4174499511719,320.7699890136719,329.5899963378906,320.510009765625,329.510009765625,21436500
2023-09-21,314.1980895996094,319.5299987792969,325.3500061035156,315.0,319.260009765625,35560400
2023-09-22,311.7201843261719,317.010009765625,321.45001220703125,316.1499938964844,321.32000732421875,21447900
2023-09-25,312.2413635253906,317.5400085449219,317.6700134277344,315.0,316.5899963378906,17836000
2023-09-26,306.9314880371094,312.1400146484375,315.8800048828125,310.0199890136719,315.1300048828125,26297600
2023-09-27,307.57061767578125,312.7900085449219,314.29998779296875,309.69000244140625,312.29998779296875,19410100
2023-09-28,308.40643310546875,313.6400146484375,315.4800109863281,309.45001220703125,310.989990234375,19683600
2023-09-29,310.481201171875,315.75,319.4700012207031,314.9800109863281,317.75,24147300
2023-10-02,316.4302673339844,321.79998779296875,321.8900146484375,315.17999267578125,316.2799987792969,20570000
2023-10-03,308.16064453125,313.3900146484375,321.3900146484375,311.2099914550781,320.8299865722656,21033500
2023-10-04,313.6376647949219,318.9599914550781,320.0400085449219,314.0,314.0299987792969,20720100
2023-10-05,314.03094482421875,319.3599853515625,319.9800109863281,314.8999938964844,319.0899963378906,16965600
2023-10-06,321.79913330078125,327.260009765625,329.19000244140625,316.29998779296875,316.54998779296875,25673600
2023-10-09,324.31640625,329.82000732421875,330.29998779296875,323.17999267578125,324.75,19891200
2023-10-10,322.9102783203125,328.3900146484375,331.1000061035156,327.6700134277344,330.9599914550781,20557100
2023-10-11,326.873046875,332.4200134277344,332.82000732421875,329.1400146484375,331.2099914550781,20063200
2023-10-12,325.6340637207031,331.1600036621094,333.6300048828125,328.7200012207031,330.57000732421875,19313100
2023-10-13,322.2613525390625,327.7300109863281,333.8299865722656,326.3599853515625,332.3800048828125,21072400
2023-10-16,327.08935546875,332.6400146484375,336.1400146484375,330.6000061035156,331.04998779296875,22158000
2023-10-17,326.51904296875,332.05999755859375,333.4599914550781,327.4100036621094,329.5899963378906,18338500
2023-10-18,324.6015319824219,330.1099853515625,335.5899963378906,328.29998779296875,332.489990234375,23153600
2023-10-19,325.7914123535156,331.32000732421875,336.8800048828125,330.9100036621094,332.1499938964844,25052100
2023-10-20,321.2189636230469,326.6700134277344,331.9200134277344,325.45001220703125,331.7200012207031,25027700
2023-10-23,323.8247375488281,329.32000732421875,332.7300109863281,324.3900146484375,325.4700012207031,24374700
2023-10-24,325.0145568847656,330.5299987792969,331.8399963378906,327.6000061035156,331.29998779296875,31153600
2023-10-25,334.9853820800781,340.6700134277344,346.20001220703125,337.6199951171875,345.0199890136719,55053800
2023-10-26,322.41864013671875,327.8900146484375,341.6300048828125,326.94000244140625,340.5400085449219,37828500
2023-10-27,324.3066101074219,329.80999755859375,336.7200012207031,328.3999938964844,330.42999267578125,29856500
2023-10-30,331.681396484375,337.30999755859375,339.45001220703125,331.8299865722656,333.4100036621094,22828100
2023-10-31,332.46807861328125,338.1099853515625,339.0,334.69000244140625,338.8500061035156,20265300
2023-11-01,340.2952575683594,346.07000732421875,347.4200134277344,339.6499938964844,339.7900085449219,28158800
2023-11-02,342.5077819824219,348.32000732421875,348.8299865722656,344.7699890136719,347.239990234375,24348100
2023-11-03,346.9129638671875,352.79998779296875,354.3900146484375,347.3299865722656,349.6300048828125,23637700
2023-11-06,350.58074951171875,356.5299987792969,357.5400085449219,353.3500061035156,353.45001220703125,23828300
2023-11-07,354.5139465332031,360.5299987792969,362.4599914550781,357.6300048828125,359.3999938964844,25833900
2023-11-08,357.1394348144531,363.20001220703125,363.8699951171875,360.54998779296875,361.67999267578125,26767800
2023-11-09,354.67132568359375,360.69000244140625,364.7900085449219,360.3599853515625,362.29998779296875,24847300
2023-11-10,363.50146484375,369.6700134277344,370.1000061035156,361.07000732421875,361.489990234375,28042100
2023-11-13,360.5613708496094,366.67999267578125,368.4700012207031,365.8999938964844,368.2200012207031,19986500
2023-11-14,364.0914611816406,370.2699890136719,371.95001220703125,367.3500061035156,371.010009765625,27683900
2023-11-15,364.2392578125,369.6700134277344,373.1300048828125,367.1099853515625,371.2799987792969,26860100
2023-11-16,370.6437683105469,376.1700134277344,376.3500061035156,370.17999267578125,370.9599914550781,27182300
2023-11-17,364.4165954589844,369.8500061035156,374.3699951171875,367.0,373.6099853515625,40157000
2023-11-20,371.89508056640625,377.44000244140625,378.8699951171875,371.0,371.2200012207031,52465100
2023-11-21,367.58935546875,373.07000732421875,376.2200012207031,371.1199951171875,375.6700134277344,28423100
2023-11-22,372.2991027832031,377.8500061035156,379.7900085449219,374.9700012207031,378.0,23345300
2023-11-24,371.8852233886719,377.42999267578125,377.9700012207031,375.1400146484375,377.3299865722656,10176600
2023-11-27,373.04791259765625,378.6099853515625,380.6400146484375,376.20001220703125,376.7799987792969,22179200
2023-11-28,377.0777893066406,382.70001220703125,383.0,378.1600036621094,378.3500061035156,20453100
2023-11-29,373.28436279296875,378.8500061035156,384.29998779296875,377.44000244140625,383.760009765625,28963400
2023-11-30,373.3435363769531,378.9100036621094,380.0899963378906,375.4700012207031,378.489990234375,30554400
2023-12-01,369.0081481933594,374.510009765625,378.1600036621094,371.30999755859375,376.760009765625,33040500
2023-12-04,363.7170104980469,369.1400146484375,369.5199890136719,362.8999938964844,369.1000061035156,32063300
2023-12-05,367.0473327636719,372.5199890136719,373.0799865722656,365.6199951171875,366.45001220703125,23065000
2023-12-06,363.3820495605469,368.79998779296875,374.17999267578125,368.0299987792969,373.5400085449219,21182100
2023-12-07,365.50048828125,370.95001220703125,371.45001220703125,366.32000732421875,368.2300109863281,23118900
2023-12-08,368.7322692871094,374.2300109863281,374.4599914550781,368.2300109863281,369.20001220703125,20154400
2023-12-11,365.8452453613281,371.29998779296875,371.6000061035156,366.1000061035156,368.4800109863281,27708800
2023-12-12,368.8800354003906,374.3800048828125,374.4200134277344,370.4599914550781,370.8500061035156,24838300
2023-12-13,368.8702087402344,374.3699951171875,377.6400146484375,370.7699890136719,376.0199890136719,30955500
2023-12-14,360.55419921875,365.92999267578125,373.760009765625,364.1300048828125,373.30999755859375,43277500
2023-12-15,365.28369140625,370.7300109863281,372.3999938964844,366.2799987792969,366.8500061035156,78502300
2023-12-18,367.1754455566406,372.6499938964844,373.0,368.67999267578125,369.45001220703125,21802900
2023-12-19,367.7764892578125,373.260009765625,373.260009765625,369.8399963378906,371.489990234375,20603700
2023-12-20,365.17529296875,370.6199951171875,376.0299987792969,370.5299987792969,375.0,26316700
2023-12-21,368.0523681640625,373.5400085449219,374.4100036621094,370.0400085449219,372.55999755859375,17708000
2023-12-22,369.0771179199219,374.5799865722656,375.17999267578125,372.7099914550781,373.67999267578125,17107500
2023-12-26,369.1559753417969,374.6600036621094,376.94000244140625,373.5,375.0,12673100
2023-12-27,368.5746154785156,374.07000732421875,375.05999755859375,372.80999755859375,373.69000244140625,14905400
2023-12-28,369.76678466796875,375.2799987792969,376.4599914550781,374.1600036621094,375.3699951171875,14327000
2023-12-29,370.5156555175781,376.0400085449219,377.1600036621094,373.4800109863281,376.0,18730800
2024-01-02,365.421630859375,370.8699951171875,375.8999938964844,366.7699890136719,373.8599853515625,25258600
2024-01-03,365.15557861328125,370.6000061035156,373.260009765625,368.510009765625,369.010009765625,23083500
2024-01-04,362.5346374511719,367.94000244140625,373.1000061035156,367.1700134277344,370.6700134277344,20901500
2024-01-05,362.3474426269531,367.75,372.05999755859375,366.5,368.9700012207031,21004600
2024-01-08,369.1855163574219,374.69000244140625,375.20001220703125,369.010009765625,369.29998779296875,23134000
2024-01-09,370.26934814453125,375.7900085449219,375.989990234375,371.19000244140625,372.010009765625,20830000
2024-01-10,377.14678955078125,382.7699890136719,384.1700134277344,376.32000732421875,376.3699951171875,25514200
2024-01-11,378.9794921875,384.6300048828125,390.67999267578125,380.3800048828125,386.0,27850800
2024-01-12,382.7630615234375,388.4700012207031,388.67999267578125,384.6499938964844,385.489990234375,21661200
2024-01-16,384.53656005859375,390.2699890136719,394.0299987792969,387.6199951171875,393.6600036621094,27202300
2024-01-17,383.7483825683594,389.4700012207031,390.1099853515625,384.80999755859375,387.9800109863281,22234100
2024-01-18,388.0837097167969,393.8699951171875,393.989990234375,390.1199951171875,391.7200012207031,23392100
2024-01-19,392.81317138671875,398.6700134277344,398.6700134277344,393.5,395.760009765625,29331100
2024-01-22,390.6849670410156,396.510009765625,400.6199951171875,393.5899963378906,400.0199890136719,27016900
2024-01-23,393.03985595703125,398.8999938964844,399.3800048828125,393.92999267578125,395.75,20525900
2024-01-24,396.64605712890625,402.55999755859375,405.6300048828125,400.45001220703125,401.5400085449219,24867000
2024-01-25,398.9221496582031,404.8699951171875,407.010009765625,402.5299987792969,404.32000732421875,21021200
2024-01-26,397.9959411621094,403.92999267578125,406.1700134277344,402.42999267578125,404.3699951171875,17803300
2024-01-29,403.7008361816406,409.7200012207031,409.9800109863281,404.3299865722656,406.05999755859375,24510200
2024-01-30,402.58746337890625,408.5899963378906,413.04998779296875,406.45001220703125,412.260009765625,33477600
2024-01-31,391.7392272949219,397.5799865722656,415.32000732421875,397.2099914550781,406.9599914550781,47871100
2024-02-01,397.84814453125,403.7799987792969,408.0,401.79998779296875,401.8299865722656,30657700
2024-02-02,405.1788330078125,411.2200012207031,412.6499938964844,403.55999755859375,403.80999755859375,28256700
2024-02-05,399.690673828125,405.6499938964844,411.1600036621094,403.989990234375,409.8999938964844,25352300
2024-02-06,399.5329895019531,405.489990234375,407.9700012207031,402.9100036621094,405.8800048828125,18382600
2024-02-07,407.96728515625,414.04998779296875,414.29998779296875,407.3999938964844,407.44000244140625,22340500
2024-02-08,408.0263671875,414.1099853515625,415.55999755859375,412.5299987792969,414.04998779296875,21225300
2024-02-09,414.3717956542969,420.54998779296875,420.82000732421875,415.0899963378906,415.25,22032800
2024-02-12,409.1594543457031,415.260009765625,420.739990234375,414.75,420.55999755859375,21202900
2024-02-13,400.350830078125,406.32000732421875,410.07000732421875,403.3900146484375,404.94000244140625,27824900
2024-02-14,404.2203674316406,409.489990234375,409.8399963378906,404.57000732421875,408.07000732421875,20401200
2024-02-15,401.328125,406.55999755859375,409.1300048828125,404.2900085449219,408.1400146484375,21825500
2024-02-16,398.86029052734375,404.05999755859375,408.2900085449219,403.44000244140625,407.9599914550781,22296500
2024-02-20,397.6065979003906,402.7900085449219,404.489990234375,398.010009765625,403.239990234375,24307900
2024-02-21,397.00439453125,402.17999267578125,402.2900085449219,397.2200012207031,400.1700134277344,18518900
2024-02-22,406.3525695800781,411.6499938964844,412.8299865722656,408.57000732421875,410.19000244140625,27009900
2024-02-23,405.0594482421875,410.3399963378906,415.8599853515625,408.9700012207031,415.6700134277344,16295900
2024-02-26,402.29547119140625,407.5400085449219,412.1600036621094,407.3599853515625,411.4599914550781,16193500
2024-02-27,402.2362365722656,407.4800109863281,408.32000732421875,403.8500061035156,407.989990234375,14835800
2024-02-28,402.4731750488281,407.7200012207031,409.29998779296875,405.32000732421875,408.17999267578125,13183100
2024-02-29,408.3169860839844,413.6400146484375,414.20001220703125,405.9200134277344,408.6400146484375,31947300
2024-03-01,410.15301513671875,415.5,415.8699951171875,410.8800048828125,411.2699890136719,17823400
2024-03-04,409.5805358886719,414.9200134277344,417.3500061035156,412.32000732421875,413.44000244140625,17596000
2024-03-05,397.4683837890625,402.6499938964844,414.25,400.6400146484375,413.9599914550781,26919200
2024-03-06,396.9156188964844,402.0899963378906,405.1600036621094,398.3900146484375,402.9700012207031,22344100
2024-03-07,403.8749084472656,409.1400146484375,409.7799987792969,402.239990234375,406.1199951171875,18718500
2024-03-08,400.9924621582031,406.2200012207031,410.4200134277344,404.3299865722656,407.9599914550781,18002200
2024-03-11,399.3143310546875,404.5199890136719,405.67999267578125,401.260009765625,403.760009765625,16120800
2024-03-12,409.93585205078125,415.2799987792969,415.57000732421875,406.7900085449219,407.6199951171875,22457000
2024-03-13,409.7582092285156,415.1000061035156,418.17999267578125,411.45001220703125,418.1000061035156,17115900
2024-03-14,419.74798583984375,425.2200012207031,427.82000732421875,417.989990234375,420.239990234375,34157300
2024-03-15,411.06121826171875,416.4200134277344,422.6000061035156,412.7900085449219,419.2900085449219,45079900
2024-03-18,411.9495849609375,417.32000732421875,420.7300109863281,413.7799987792969,414.25,20106000
2024-03-19,415.98699951171875,421.4100036621094,421.6700134277344,415.54998779296875,417.8299865722656,19837900
2024-03-20,419.7578430175781,425.2300109863281,425.9599914550781,420.6600036621094,422.0,17860100
2024-03-21,423.84454345703125,429.3699951171875,430.82000732421875,427.1600036621094,429.8299865722656,21296200
2024-03-22,423.22265625,428.739990234375,429.8599853515625,426.07000732421875,429.70001220703125,17648500
2024-03-25,417.4183349609375,422.8599853515625,427.4100036621094,421.6099853515625,425.239990234375,18060500
2024-03-26,416.223876953125,421.6499938964844,425.989990234375,421.3500061035156,425.6099853515625,16725600
2024-03-27,416.0067138671875,421.42999267578125,424.45001220703125,419.010009765625,424.44000244140625,16705000
2024-03-28,415.30584716796875,420.7200012207031,421.8699951171875,419.1199951171875,420.9599914550781,21871200
2024-04-01,419.1063232421875,424.57000732421875,427.8900146484375,422.2200012207031,423.95001220703125,16316000
2024-04-02,416.0165710449219,421.44000244140625,422.3800048828125,417.8399963378906,420.1099853515625,17912000
2024-04-03,415.03936767578125,420.45001220703125,423.260009765625,419.0899963378906,419.7300109863281,16502300
2024-04-04,412.5024108886719,417.8800048828125,428.6700134277344,417.57000732421875,424.989990234375,19370900
2024-04-05,420.0440673828125,425.5199890136719,426.510009765625,418.32000732421875,420.010009765625,16554800
2024-04-08,419.1260681152344,424.5899963378906,427.2799987792969,423.29998779296875,425.1700134277344,14272400
2024-04-09,420.7943115234375,426.2799987792969,427.739990234375,421.6199951171875,426.44000244140625,12496900
2024-04-10,417.8132019042969,423.260009765625,424.0299987792969,419.70001220703125,422.19000244140625,16216600
2024-04-11,422.423095703125,427.92999267578125,429.3699951171875,422.3599853515625,425.82000732421875,17966400
2024-04-12,416.47064208984375,421.8999938964844,425.17999267578125,419.7699890136719,424.04998779296875,19253800
2024-04-15,408.3169860839844,413.6400146484375,426.82000732421875,413.42999267578125,426.6000061035156,20273500
2024-04-16,409.244873046875,414.5799865722656,418.3999938964844,413.7300109863281,414.57000732421875,16765600
2024-04-17,406.54010009765625,411.8399963378906,418.8800048828125,410.3299865722656,417.25,15855500
2024-04-18,399.0675354003906,404.2699890136719,411.8900146484375,403.95001220703125,410.6300048828125,21029900
2024-04-19,393.9838562011719,399.1199951171875,405.4800109863281,397.7699890136719,404.0299987792969,30565800
2024-04-22,395.80010986328125,400.9599914550781,402.8500061035156,395.75,400.0799865722656,20286900
2024-04-23,402.3251037597656,407.57000732421875,408.20001220703125,403.05999755859375,404.239990234375,15734500
2024-04-24,403.7959289550781,409.05999755859375,412.4700012207031,406.7799987792969,409.55999755859375,15065300
2024-04-25,393.90484619140625,399.0400085449219,399.8900146484375,388.0299987792969,394.0299987792969,40586500
2024-04-26,401.0911865234375,406.32000732421875,413.0,405.760009765625,412.1700134277344,29694700
2024-04-29,397.0735168457031,402.25,406.32000732421875,399.19000244140625,405.25,19582100
2024-04-30,384.3197937011719,389.3299865722656,402.1600036621094,389.1700134277344,401.489990234375,28781400
2024-05-01,389.85760498046875,394.94000244140625,401.7200012207031,390.30999755859375,392.6099853515625,23562500
2024-05-02,392.7203063964844,397.8399963378906,399.92999267578125,394.6499938964844,397.6600036621094,17709400
2024-05-03,401.4267578125,406.6600036621094,407.1499938964844,401.8599853515625,402.2799987792969,17446700
2024-05-06,408.21826171875,413.5400085449219,413.92999267578125,406.3699951171875,408.760009765625,16996600
2024-05-07,404.07232666015625,409.3399963378906,414.6700134277344,409.0899963378906,414.6600036621094,20018200
2024-05-08,405.2568664550781,410.5400085449219,412.2300109863281,406.7099914550781,408.1700134277344,11792300
2024-05-09,407.0140075683594,412.32000732421875,412.7200012207031,409.1000061035156,410.57000732421875,14689700
2024-05-10,409.4028015136719,414.739990234375,415.3800048828125,411.79998779296875,412.94000244140625,13402300
2024-05-13,408.39593505859375,413.7200012207031,418.3500061035156,410.82000732421875,418.010009765625,15440200
2024-05-14,411.19940185546875,416.55999755859375,417.489990234375,411.54998779296875,412.0199890136719,15109300
2024-05-15,418.3887939453125,423.0799865722656,423.80999755859375,417.2699890136719,417.8999938964844,22239500
2024-05-16,416.3219299316406,420.989990234375,425.4200134277344,420.3500061035156,421.79998779296875,17530100
2024-05-17,415.55059814453125,420.2099914550781,422.9200134277344,418.0299987792969,422.5400085449219,15352200
2024-05-20,420.6237487792969,425.3399963378906,426.7699890136719,419.989990234375,420.2099914550781,16272100
2024-05-21,424.2827453613281,429.0400085449219,432.9700012207031,424.8500061035156,426.8299865722656,21453300
2024-05-22,425.74627685546875,430.5199890136719,432.4100036621094,427.1300048828125,430.0899963378906,18073700
2024-05-23,422.2653503417969,427.0,433.6000061035156,425.4200134277344,432.9700012207031,17211700
2024-05-24,425.39031982421875,430.1600036621094,431.05999755859375,424.4100036621094,427.19000244140625,11855300
2024-05-28,425.5484924316406,430.32000732421875,430.82000732421875,426.6000061035156,429.6300048828125,15718000
2024-05-29,424.41131591796875,429.1700134277344,430.94000244140625,425.69000244140625,425.69000244140625,15517100
2024-05-30,410.072021484375,414.6700134277344,424.29998779296875,414.239990234375,424.29998779296875,28394500
2024-05-31,410.5269775390625,415.1300048828125,416.75,404.510009765625,416.75,47995300
2024-06-03,408.93475341796875,413.5199890136719,416.42999267578125,408.9200134277344,415.5299987792969,17484700
2024-06-04,411.45654296875,416.07000732421875,416.44000244140625,409.67999267578125,412.42999267578125,14348900
2024-06-05,419.3085021972656,424.010009765625,424.0799865722656,416.29998779296875,417.80999755859375,16988000
2024-06-06,419.8128356933594,424.5199890136719,425.30999755859375,420.5799865722656,424.010009765625,14861300
2024-06-07,419.1502685546875,423.8500061035156,426.2799987792969,423.0,426.20001220703125,13621700
2024-06-10,423.12567138671875,427.8699951171875,428.0799865722656,423.8900146484375,424.70001220703125,13982900
2024-06-11,427.88232421875,432.67999267578125,432.82000732421875,425.25,425.4800109863281,14551100
2024-06-12,436.16943359375,441.05999755859375,443.3999938964844,433.25,435.32000732421875,22366200
2024-06-13,436.68365478515625,441.5799865722656,443.3900146484375,439.3699951171875,440.8500061035156,15960600
2024-06-14,437.6626892089844,442.57000732421875,443.1400146484375,436.7200012207031,438.2799987792969,13582000
2024-06-17,443.3983459472656,448.3699951171875,450.94000244140625,440.7200012207031,442.5899963378906,20790000
2024-06-18,441.3908996582031,446.3399963378906,450.1400146484375,444.8900146484375,449.7099914550781,17112500
2024-06-20,440.75799560546875,445.70001220703125,446.5299987792969,441.2699890136719,446.29998779296875,19877400
2024-06-21,444.7926940917969,449.7799987792969,450.5799865722656,446.510009765625,447.3800048828125,34187100
2024-06-24,442.7061767578125,447.6700134277344,452.75,446.4100036621094,449.79998779296875,15913700
2024-06-25,445.94976806640625,450.95001220703125,451.4200134277344,446.75,448.25,16413400
2024-06-26,447.1463623046875,452.1600036621094,453.6000061035156,448.19000244140625,449.0,16507000
2024-06-27,447.8287048339844,452.8500061035156,456.1700134277344,451.7699890136719,452.17999267578125,14806300
2024-06-28,441.994140625,446.95001220703125,455.3800048828125,446.4100036621094,453.07000732421875,28362300
2024-07-01,451.6656799316406,456.7300109863281,457.3699951171875,445.6600036621094,448.6600036621094,17662800
2024-07-02,454.1874084472656,459.2799987792969,459.5899963378906,453.1099853515625,453.20001220703125,13979800
2024-07-03,455.6608581542969,460.7699890136719,461.0199890136719,457.8800048828125,458.19000244140625,9932800
2024-07-05,462.3756408691406,467.55999755859375,468.3500061035156,458.9700012207031,459.6099853515625,16000300
2024-07-08,461.0702209472656,466.239990234375,467.70001220703125,464.4599914550781,466.54998779296875,12962300
2024-07-09,454.44451904296875,459.5400085449219,467.3299865722656,458.0,467.0,17207200
2024-07-10,461.0801086425781,466.25,466.4599914550781,458.8599853515625,461.2200012207031,18196100
2024-07-11,449.6581726074219,454.70001220703125,464.7799987792969,451.54998779296875,462.9800109863281,23111200
2024-07-12,448.5209045410156,453.54998779296875,456.3599853515625,450.6499938964844,454.3299865722656,16324300
2024-07-15,448.9263916015625,453.9599914550781,457.260009765625,451.42999267578125,453.29998779296875,14429400
2024-07-16,444.5356140136719,449.5199890136719,454.29998779296875,446.6600036621094,454.2200012207031,17175700
2024-07-17,438.6021423339844,443.5199890136719,444.8500061035156,439.17999267578125,442.5899963378906,21778000
2024-07-18,435.487060546875,440.3699951171875,444.6499938964844,434.3999938964844,444.3399963378906,20794800
2024-07-19,432.26324462890625,437.1099853515625,441.1400146484375,432.0,433.1000061035156,20940400
2024-07-22,438.0285949707031,442.94000244140625,444.6000061035156,438.9100036621094,441.7900085449219,15808800
2024-07-23,439.91741943359375,444.8500061035156,448.3900146484375,443.1000061035156,443.8999938964844,13107100
2024-07-24,424.14422607421875,428.8999938964844,441.4800109863281,427.5899963378906,440.45001220703125,26805800
2024-07-25,413.7607116699219,418.3999938964844,429.79998779296875,417.510009765625,428.79998779296875,29943800
2024-07-26,420.5545349121094,425.2699890136719,428.9200134277344,417.2699890136719,418.20001220703125,23583800
2024-07-29,421.9983215332031,426.7300109863281,432.1499938964844,424.70001220703125,431.5799865722656,15125800
2024-07-30,418.2305908203125,422.9200134277344,429.04998779296875,417.3599853515625,427.7200012207031,32687600
2024-07-31,413.7112731933594,418.3500061035156,421.7799987792969,412.2099914550781,420.5,42891400
2024-08-01,412.4849548339844,417.1099853515625,427.4599914550781,413.0899963378906,420.7900085449219,30296400
2024-08-02,403.9605712890625,408.489990234375,415.0,404.3399963378906,412.489990234375,29437900
2024-08-05,390.7684326171875,395.1499938964844,401.0400085449219,385.5799865722656,389.1700134277344,40709200
2024-08-06,395.1789855957031,399.6099853515625,405.6700134277344,398.5,400.0,24946500
2024-08-07,394.01214599609375,398.42999267578125,410.0799865722656,397.4700012207031,408.6400146484375,20650900
2024-08-08,398.2248840332031,402.69000244140625,405.8599853515625,399.94000244140625,402.44000244140625,20203000
2024-08-09,401.5179443359375,406.0199890136719,408.04998779296875,402.260009765625,404.0299987792969,19276700
2024-08-12,402.2991943359375,406.80999755859375,408.760009765625,404.239990234375,407.05999755859375,16762900
2024-08-13,409.41937255859375,414.010009765625,414.95001220703125,409.57000732421875,409.5899963378906,19414300
2024-08-14,412.2377624511719,416.8599853515625,417.7200012207031,412.45001220703125,414.79998779296875,18267000
2024-08-15,417.1119689941406,421.0299987792969,421.1099853515625,417.6600036621094,419.79998779296875,20752100
2024-08-16,414.5757751464844,418.4700012207031,421.3399963378906,417.29998779296875,420.6000061035156,22775600
2024-08-19,417.6073303222656,421.5299987792969,421.75,416.4599914550781,418.9599914550781,15234000
2024-08-20,420.8468933105469,424.79998779296875,425.8599853515625,421.6400146484375,421.70001220703125,16387600
2024-08-21,420.19305419921875,424.1400146484375,426.3999938964844,421.7200012207031,424.0799865722656,16067300
2024-08-22,411.6829528808594,415.54998779296875,426.7900085449219,414.6099853515625,424.3599853515625,19361900
2024-08-23,412.91143798828125,416.7900085449219,419.260009765625,412.0899963378906,416.9800109863281,18493800
2024-08-26,409.64215087890625,413.489990234375,417.2799987792969,411.3399963378906,416.3699951171875,13152800
2024-08-27,409.9888916015625,413.8399963378906,414.3599853515625,410.25,412.8599853515625,13492900
2024-08-28,406.7790222167969,410.6000061035156,415.0,407.30999755859375,414.8800048828125,14882700
2024-08-29,409.2756042480469,413.1199951171875,422.04998779296875,410.6000061035156,414.94000244140625,17045200
2024-08-30,413.2581787109375,417.1400146484375,417.489990234375,412.1300048828125,415.6000061035156,24308300
2024-09-03,405.6298522949219,409.44000244140625,419.8800048828125,407.0299987792969,417.9100036621094,20313600
2024-09-04,405.0948486328125,408.8999938964844,411.239990234375,404.3699951171875,405.9100036621094,15135800
2024-09-05,404.5896301269531,408.3900146484375,413.1000061035156,406.1300048828125,407.6199951171875,14195500
2024-09-06,397.9618835449219,401.70001220703125,410.6499938964844,400.79998779296875,409.05999755859375,19609500
2024-09-09,401.9444580078125,405.7200012207031,408.6499938964844,402.1499938964844,407.239990234375,15295100
2024-09-10,410.3455505371094,414.20001220703125,416.3299865722656,407.70001220703125,408.20001220703125,19594300
2024-09-11,419.103271484375,423.0400085449219,423.989990234375,409.5799865722656,415.5,19266900
2024-09-12,423.02642822265625,427.0,427.3699951171875,419.75,423.30999755859375,17395700
2024-09-13,426.5830078125,430.5899963378906,431.8299865722656,425.4599914550781,425.8299865722656,15874600
2024-09-16,427.3260498046875,431.3399963378906,433.5299987792969,428.2200012207031,430.6000061035156,13834700
2024-09-17,431.1005554199219,435.1499938964844,441.8500061035156,432.2699890136719,440.2300109863281,18874200
2024-09-18,426.80096435546875,430.80999755859375,436.0299987792969,430.4100036621094,435.0,18898000
2024-09-19,434.6076354980469,438.69000244140625,441.5,436.8999938964844,441.2300109863281,21706600
2024-09-20,431.21942138671875,435.2699890136719,439.239990234375,434.2200012207031,437.2200012207031,55167100
2024-09-23,429.4758605957031,433.510009765625,436.4599914550781,430.3900146484375,434.2799987792969,15128900
2024-09-24,425.17626953125,429.1700134277344,433.3500061035156,426.1000061035156,433.0,17015800
2024-09-25,428.0888671875,432.1099853515625,433.1199951171875,428.57000732421875,429.8299865722656,13396400
2024-09-26,427.29632568359375,431.30999755859375,435.29998779296875,429.1300048828125,435.0899963378906,14492000
2024-09-27,424.0368957519531,428.0199890136719,431.8500061035156,427.4700012207031,431.5199890136719,14896100
2024-09-30,426.29571533203125,430.29998779296875,430.4200134277344,425.3699951171875,428.2099914550781,16807300
2024-10-01,416.775146484375,420.69000244140625,428.4800109863281,418.80999755859375,428.45001220703125,19092900
2024-10-02,413.248291015625,417.1300048828125,422.82000732421875,416.7099914550781,422.5799865722656,16582300
2024-10-03,412.66375732421875,416.5400085449219,419.54998779296875,414.2900085449219,417.6300048828125,13686400
2024-10-04,412.188232421875,416.05999755859375,419.75,414.9700012207031,418.239990234375,19169700
2024-10-07,405.7289123535156,409.5400085449219,417.1099853515625,409.0,416.0,20919800
2024-10-08,410.8507995605469,414.7099914550781,415.6600036621094,408.1700134277344,410.8999938964844,19229300
2024-10-09,413.5751953125,417.4599914550781,420.3800048828125,414.29998779296875,415.8599853515625,14974300
2024-10-10,411.97027587890625,415.8399963378906,417.3500061035156,413.1499938964844,415.2300109863281,13848400
2024-10-11,412.4458312988281,416.32000732421875,417.1300048828125,413.25,416.1400146484375,14144900
2024-10-14,415.23956298828125,419.1400146484375,424.0400085449219,417.5199890136719,417.7699890136719,16653100
2024-10-15,414.84326171875,418.739990234375,422.4800109863281,415.260009765625,422.17999267578125,18900200
2024-10-16,412.2476806640625,416.1199951171875,416.3599853515625,410.4800109863281,415.1700134277344,15508900
2024-10-17,412.8420715332031,416.7200012207031,422.5,415.5899963378906,422.3599853515625,14820000
2024-10-18,414.2687072753906,418.1600036621094,419.6499938964844,416.260009765625,417.1400146484375,17145300
2024-10-21,414.8829040527344,418.7799987792969,418.9599914550781,413.75,416.1199951171875,14206100
2024-10-22,423.5317077636719,427.510009765625,430.5799865722656,418.0400085449219,418.489990234375,25482200
2024-10-23,420.64874267578125,424.6000061035156,431.0799865722656,422.5299987792969,430.8599853515625,19654400
2024-10-24,420.77752685546875,424.7300109863281,425.9800109863281,422.3999938964844,425.3299865722656,13581600
2024-10-25,424.16571044921875,428.1499938964844,432.5199890136719,426.57000732421875,426.760009765625,16899100
2024-10-28,422.6202392578125,426.5899963378906,431.94000244140625,426.29998779296875,431.6600036621094,14882400
2024-10-29,427.93035888671875,431.95001220703125,433.1700134277344,425.79998779296875,428.0,17644100
2024-10-30,428.5049743652344,432.5299987792969,438.5,432.1000061035156,437.44000244140625,29749100
2024-10-31,402.5686340332031,406.3500061035156,416.1600036621094,406.29998779296875,415.3599853515625,53971000
2024-11-01,406.5511779785156,410.3699951171875,415.5,407.5,409.010009765625,24230400
2024-11-04,404.658935546875,408.4599914550781,410.4200134277344,405.57000732421875,409.79998779296875,19672300
2024-11-05,407.63104248046875,411.4599914550781,414.8999938964844,408.0799865722656,408.3699951171875,17626000
2024-11-06,416.2698974609375,420.17999267578125,420.45001220703125,410.5199890136719,412.4200134277344,26681800
2024-11-07,421.4710388183594,425.42999267578125,426.8500061035156,419.8800048828125,421.2799987792969,19901800
2024-11-08,418.6079406738281,422.5400085449219,426.5,421.7799987792969,425.32000732421875,16891400
2024-11-11,414.1200866699219,418.010009765625,424.80999755859375,416.0,422.5199890136719,24503300
2024-11-12,419.0933837890625,423.0299987792969,424.44000244140625,417.20001220703125,418.25,19401200
2024-11-13,421.2431945800781,425.20001220703125,429.3299865722656,418.2099914550781,421.6400146484375,21502200
2024-11-14,422.91748046875,426.8900146484375,428.1700134277344,420.0,425.0,30246900
2024-11-15,411.1380920410156,415.0,422.79998779296875,413.6400146484375,419.82000732421875,28247600
2024-11-18,411.89105224609375,415.760009765625,418.3999938964844,412.1000061035156,414.8699951171875,24727000
2024-11-19,413.90216064453125,417.7900085449219,417.94000244140625,411.54998779296875,413.1099853515625,18133500
2024-11-20,411.62353515625,415.489990234375,417.2900085449219,410.5799865722656,416.8699951171875,19191700
2024-11-21,409.8466491699219,412.8699951171875,419.7799987792969,410.2900085449219,419.5,20780200
2024-11-22,413.9464111328125,417.0,417.3999938964844,411.05999755859375,411.3699951171875,24814600
2024-11-25,415.7232971191406,418.7900085449219,421.0799865722656,414.8500061035156,418.3800048828125,27691100
2024-11-26,424.8559265136719,427.989990234375,429.0400085449219,418.8500061035156,419.5899963378906,23458900
2024-11-27,419.89251708984375,422.989990234375,427.2300109863281,422.0199890136719,425.1099853515625,18332400
2024-11-29,420.3591003417969,423.4599914550781,424.8800048828125,417.79998779296875,420.0899963378906,16271900
2024-12-02,427.8240051269531,430.9800109863281,433.0,421.30999755859375,421.57000732421875,20207200
2024-12-03,428.04241943359375,431.20001220703125,432.4700012207031,427.739990234375,429.8399963378906,18302000
2024-12-04,434.21685791015625,437.4200134277344,439.6700134277344,432.6300048828125,433.0299987792969,26009400
2024-12-05,439.3787841796875,442.6199951171875,444.6600036621094,436.1700134277344,437.9200134277344,21697800
2024-12-06,440.32183837890625,443.57000732421875,446.1000061035156,441.7699890136719,442.29998779296875,18821000
2024-12-09,442.7538757324219,446.0199890136719,448.3299865722656,440.5,442.6000061035156,19144400
2024-12-10,440.0835876464844,443.3299865722656,449.6199951171875,441.6000061035156,444.3900146484375,18469500
2024-12-11,445.7021789550781,448.989990234375,450.3500061035156,444.04998779296875,444.04998779296875,19200200
2024-12-12,446.26800537109375,449.55999755859375,456.1600036621094,449.1099853515625,449.1099853515625,20834800
2024-12-13,443.9947204589844,447.2699890136719,451.42999267578125,445.5799865722656,448.44000244140625,20177800
2024-12-16,448.2831115722656,451.5899963378906,452.17999267578125,445.2799987792969,447.2699890136719,23598800
2024-12-17,451.132080078125,454.4599914550781,455.2900085449219,449.57000732421875,451.010009765625,22733500
2024-12-18,434.18707275390625,437.3900146484375,452.6499938964844,437.0199890136719,451.32000732421875,24444500
2024-12-19,433.8297424316406,437.0299987792969,443.17999267578125,436.32000732421875,441.6199951171875,22963700
2024-12-20,433.40289306640625,436.6000061035156,443.739990234375,428.6300048828125,433.1099853515625,64263700
2024-12-23,432.0627746582031,435.25,437.6499938964844,432.8299865722656,436.739990234375,19152500
2024-12-24,436.1128845214844,439.3299865722656,439.6000061035156,434.19000244140625,434.6499938964844,7164500
2024-12-26,434.90179443359375,438.1099853515625,440.94000244140625,436.6300048828125,439.0799865722656,8194200
2024-12-27,427.3773193359375,430.5299987792969,435.2200012207031,426.3500061035156,434.6000061035156,18117700
2024-12-30,421.7190246582031,424.8299865722656,427.54998779296875,421.8999938964844,426.05999755859375,13158700
2024-12-31,418.4134521484375,421.5,426.7300109863281,420.6600036621094,426.1000061035156,13246500
2025-01-02,415.51483154296875,418.5799865722656,426.07000732421875,414.8500061035156,425.5299987792969,16896500
2025-01-03,420.24993896484375,423.3500061035156,424.0299987792969,419.5400085449219,421.0799865722656,16662900
2025-01-06,424.71697998046875,427.8500061035156,434.32000732421875,425.4800109863281,428.0,20573600
2025-01-07,419.2770690917969,422.3699951171875,430.6499938964844,420.79998779296875,429.0,18139100
2025-01-08,421.4510192871094,424.55999755859375,426.9700012207031,421.5400085449219,423.4599914550781,15054600
2025-01-10,415.88214111328125,418.95001220703125,424.7099914550781,415.0199890136719,424.6300048828125,20201100
2025-01-13,414.135009765625,417.19000244140625,418.5,412.2900085449219,415.239990234375,17604800
2025-01-14,412.62615966796875,415.6700134277344,419.739990234375,410.7200012207031,417.80999755859375,16935900
2025-01-15,423.1882019042969,426.30999755859375,428.1499938964844,418.2699890136719,419.1300048828125,19637800
2025-01-16,421.47088623046875,424.5799865722656,429.489990234375,424.3900146484375,428.70001220703125,15300000
2025-01-17,425.8883056640625,429.0299987792969,434.4800109863281,428.1700134277344,434.0899963378906,26197500
2025-01-21,425.3621826171875,428.5,430.8999938964844,425.6000061035156,430.20001220703125,26085700
2025-01-22,442.9326171875,446.20001220703125,447.2699890136719,436.0,437.55999755859375,27803800
2025-01-23,443.4388122558594,446.7099914550781,446.75,441.5,442.0,18389300
2025-01-24,440.8082275390625,444.05999755859375,446.6499938964844,441.3999938964844,445.1600036621094,15549500
2025-01-27,431.3778381347656,434.55999755859375,435.20001220703125,423.5,424.010009765625,35647800
2025-01-28,443.9252624511719,447.20001220703125,448.3800048828125,431.3800048828125,434.6000061035156,23491700
2025-01-29,439.0909118652344,442.3299865722656,446.8800048828125,440.3999938964844,446.69000244140625,23581400
2025-01-30,411.95111083984375,414.989990234375,422.8599853515625,413.1600036621094,418.7699890136719,54586300
2025-01-31,412.0205993652344,415.05999755859375,420.69000244140625,414.9100036621094,418.9800109863281,34161900
2025-02-03,407.91094970703125,410.9200134277344,415.4100036621094,408.6600036621094,411.6000061035156,25679100
2025-02-04,409.35028076171875,412.3699951171875,413.9200134277344,409.739990234375,412.69000244140625,20532100
2025-02-05,410.2635803222656,413.2900085449219,413.8299865722656,410.3999938964844,412.3500061035156,16316700
2025-02-06,412.7750244140625,415.82000732421875,418.20001220703125,414.0,414.0,16309800
2025-02-07,406.7494812011719,409.75,418.6499938964844,408.1000061035156,416.4800109863281,22886800
2025-02-10,409.201416015625,412.2200012207031,415.4599914550781,410.9200134277344,413.7099914550781,20817900
2025-02-11,408.4271240234375,411.44000244140625,412.489990234375,409.29998779296875,409.6400146484375,18140600
2025-02-12,406.0447082519531,409.0400085449219,410.75,404.3699951171875,407.2099914550781,19121700
2025-02-13,407.5337219238281,410.5400085449219,411.0,406.3599853515625,407.0,23891700
2025-02-14,405.43914794921875,408.42999267578125,408.9100036621094,405.8800048828125,407.7900085449219,22758500
2025-02-18,406.64031982421875,409.6400146484375,410.6000061035156,406.5,408.0,21423100
2025-02-19,411.73272705078125,414.7699890136719,415.489990234375,407.6499938964844,407.8800048828125,24114200
2025-02-20,413.91107177734375,416.1300048828125,419.30999755859375,412.5400085449219,415.2900085449219,23508700
2025-02-21,406.03326416015625,408.2099914550781,418.04998779296875,407.8900146484375,417.3399963378906,27524800
2025-02-24,401.8457336425781,404.0,409.3699951171875,399.32000732421875,408.510009765625,26443700
2025-02-25,395.77825927734375,397.8999938964844,401.9200134277344,396.70001220703125,401.1000061035156,29387400
2025-02-26,397.5985412597656,399.7300109863281,403.6000061035156,394.25,398.010009765625,19619000
2025-02-27,390.4368896484375,392.5299987792969,405.739990234375,392.1700134277344,401.2699890136719,21127400
2025-02-28,394.87310791015625,396.989990234375,397.6300048828125,386.57000732421875,392.6600036621094,32845700
2025-03-03,386.4184265136719,388.489990234375,398.82000732421875,386.1600036621094,398.82000732421875,23007700
2025-03-04,386.53778076171875,388.6099853515625,392.5799865722656,381.0,383.3999938964844,29342900
2025-03-05,398.8816223144531,401.0199890136719,401.6700134277344,388.80999755859375,389.3399963378906,23433100
2025-03-06,394.773681640625,396.8900146484375,402.1499938964844,392.67999267578125,394.2799987792969,23304600
2025-03-07,391.2127380371094,393.30999755859375,394.79998779296875,385.5400085449219,392.32000732421875,22034100
2025-03-10,378.1328430175781,380.1600036621094,386.3999938964844,377.2200012207031,385.8399963378906,32840100
2025-03-11,378.4213562011719,380.45001220703125,386.0,376.9100036621094,379.0,30380200
2025-03-12,381.2262878417969,383.2699890136719,385.2200012207031,378.95001220703125,382.95001220703125,24253600
2025-03-13,376.750244140625,378.7699890136719,385.32000732421875,377.45001220703125,383.1600036621094,20473000
2025-03-14,386.4880676269531,388.55999755859375,390.2300109863281,379.510009765625,379.7799987792969,19952800
2025-03-17,386.6273193359375,388.70001220703125,392.7099914550781,385.57000732421875,386.70001220703125,22474300
2025-03-18,381.4749450683594,383.5199890136719,387.3699951171875,381.1000061035156,387.07000732421875,19486900
2025-03-19,385.75201416015625,387.82000732421875,389.67999267578125,384.0,385.5299987792969,19185500
2025-03-20,384.7772521972656,386.8399963378906,391.7900085449219,383.2799987792969,385.739990234375,18470500
2025-03-21,389.1736755371094,391.260009765625,391.739990234375,382.79998779296875,383.2200012207031,39675900
2025-03-24,390.98394775390625,393.0799865722656,395.3999938964844,389.80999755859375,395.3999938964844,21004500
2025-03-25,393.0528869628906,395.1600036621094,396.3599853515625,392.6400146484375,393.9200134277344,15775000
2025-03-26,387.89056396484375,389.9700012207031,395.30999755859375,388.57000732421875,395.0,16108400
2025-03-27,388.4972839355469,390.5799865722656,392.239990234375,387.3999938964844,390.1300048828125,13766800
2025-03-28,376.78009033203125,378.79998779296875,389.1300048828125,376.92999267578125,388.0799865722656,21632000
2025-03-31,373.3883056640625,375.3900146484375,377.07000732421875,367.239990234375,372.5400085449219,35184700
2025-04-01,380.1520080566406,382.19000244140625,382.8500061035156,373.2300109863281,374.6499938964844,19689500
2025-04-02,380.1023254394531,382.1400146484375,385.0799865722656,376.6199951171875,377.9700012207031,16092600
2025-04-03,371.12042236328125,373.1099853515625,377.4800109863281,369.3500061035156,374.7900085449219,30198000
2025-04-04,357.92120361328125,359.8399963378906,374.5899963378906,359.4800109863281,364.1300048828125,49209900
2025-04-07,355.9517822265625,357.8599853515625,371.0,344.7900085449219,350.8800048828125,50425000
2025-04-08,352.66937255859375,354.55999755859375,373.6499938964844,350.25,368.260009765625,35868900
2025-04-09,388.40777587890625,390.489990234375,393.2300109863281,353.1000061035156,353.5400085449219,50199700
2025-04-10,379.3165283203125,381.3500061035156,383.8999938964844,367.79998779296875,382.05999755859375,38024400
2025-04-11,386.378662109375,388.45001220703125,390.04998779296875,378.8900146484375,380.6400146484375,23839200
2025-04-14,385.7420654296875,387.80999755859375,394.6499938964844,384.2099914550781,393.2200012207031,19251200
2025-04-15,383.6731872558594,385.7300109863281,391.8900146484375,384.1600036621094,388.510009765625,17199900
2025-04-16,369.6284484863281,371.6099853515625,381.6099853515625,368.0,380.6700134277344,21967800
2025-04-17,365.8188781738281,367.7799987792969,374.32000732421875,366.8900146484375,373.75,21120200
2025-04-21,357.2050476074219,359.1199951171875,364.4800109863281,355.6700134277344,362.82000732421875,20807300
2025-04-22,364.864013671875,366.82000732421875,367.7699890136719,359.8599853515625,363.3800048828125,19485000
2025-04-23,372.3936462402344,374.3900146484375,380.3900146484375,373.0199890136719,376.05999755859375,20545500
2025-04-24,385.2347717285156,387.29998779296875,388.45001220703125,375.19000244140625,375.70001220703125,22232300
2025-04-25,389.7605285644531,391.8500061035156,392.1600036621094,384.6000061035156,387.0,18973200
2025-04-28,389.07421875,391.1600036621094,392.739990234375,386.6400146484375,391.9599914550781,16579400
2025-04-29,391.9388732910156,394.0400085449219,395.1000061035156,390.3800048828125,391.29998779296875,14974000
2025-04-30,393.15234375,395.260009765625,396.6600036621094,384.44000244140625,390.29998779296875,36461100
2025-05-01,423.1316223144531,425.3999938964844,436.989990234375,424.8999938964844,431.1099853515625,58938100
2025-05-02,432.9589538574219,435.2799987792969,439.44000244140625,429.989990234375,431.739990234375,30757400
2025-05-05,433.8442077636719,436.1700134277344,439.5,432.1099853515625,432.8699951171875,20136100
2025-05-06,430.99945068359375,433.30999755859375,437.7300109863281,431.1700134277344,432.20001220703125,15104200
2025-05-07,431.03924560546875,433.3500061035156,438.1199951171875,431.1099853515625,433.8399963378906,23295300
2025-05-08,435.83355712890625,438.1700134277344,443.6700134277344,435.6600036621094,437.92999267578125,23491300
2025-05-09,436.3905334472656,438.7300109863281,440.739990234375,435.8800048828125,440.0,15324200
2025-05-12,446.8644104003906,449.260009765625,449.3699951171875,439.7799987792969,445.94000244140625,22821900
2025-05-13,446.74505615234375,449.1400146484375,450.6700134277344,445.3599853515625,447.7799987792969,23618800
2025-05-14,450.5247802734375,452.94000244140625,453.8999938964844,448.1400146484375,448.1400146484375,19902800
2025-05-15,451.54119873046875,453.1300048828125,456.19000244140625,450.42999267578125,450.7699890136719,21992300
2025-05-16,452.6772155761719,454.2699890136719,454.3599853515625,448.7300109863281,452.04998779296875,23849800
2025-05-19,457.26104736328125,458.8699951171875,459.5899963378906,450.79998779296875,450.8800048828125,21336500
2025-05-20,456.56353759765625,458.1700134277344,458.3399963378906,454.32000732421875,455.5899963378906,15441800
2025-05-21,450.983154296875,452.57000732421875,457.7799987792969,451.80999755859375,454.57000732421875,19216900
2025-05-22,453.26513671875,454.8599853515625,460.25,453.8999938964844,454.95001220703125,18025600
2025-05-23,448.6015625,450.17999267578125,453.69000244140625,448.9100036621094,449.9800109863281,16883500
2025-05-27,459.0746765136719,460.69000244140625,460.95001220703125,456.1199951171875,456.4800109863281,20974300
2025-05-28,455.7563781738281,457.3599853515625,462.5199890136719,456.92999267578125,461.2200012207031,17086300
2025-05-29,457.0717468261719,458.67999267578125,461.7200012207031,455.30999755859375,461.54998779296875,13974800
2025-05-30,458.7458190917969,460.3599853515625,461.67999267578125,455.5400085449219,459.7200012207031,34770500
2025-06-02,460.3502197265625,461.9700012207031,462.1099853515625,456.8900146484375,457.1400146484375,16626500
2025-06-03,461.3467102050781,462.9700012207031,464.1400146484375,460.8599853515625,461.4700012207031,15743800
2025-06-04,462.2435302734375,463.8699951171875,465.69000244140625,463.0199890136719,464.0,14162700
2025-06-05,466.0401611328125,467.67999267578125,469.6499938964844,464.0299987792969,464.9599914550781,20131700
2025-06-06,468.730712890625,470.3800048828125,473.3399963378906,468.7799987792969,470.0899963378906,15285600
2025-06-09,471.0924072265625,472.75,473.42999267578125,468.6199951171875,469.70001220703125,16469900
2025-06-10,469.2688293457031,470.9200134277344,472.79998779296875,466.9599914550781,471.19000244140625,15375900
2025-06-11,470.9628601074219,472.6199951171875,475.4700012207031,469.6600036621094,470.0199890136719,16399200
2025-06-12,477.1909484863281,478.8699951171875,480.4200134277344,473.5199890136719,475.0199890136719,18950600
2025-06-13,473.2946472167969,474.9599914550781,479.17999267578125,472.760009765625,476.4100036621094,16814500
2025-06-16,477.46002197265625,479.1400146484375,480.69000244140625,475.0,475.2099914550781,15626100
2025-06-17,476.3638610839844,478.0400085449219,478.739990234375,474.0799865722656,475.3999938964844,15414100
2025-06-18,478.5561218261719,480.239990234375,481.0,474.4599914550781,478.0,17526500
2025-06-20,475.7261047363281,477.3999938964844,483.4599914550781,476.8699951171875,482.2300109863281,37576200
2025-06-23,484.2959289550781,486.0,487.75,472.510009765625,478.2099914550781,24864000
2025-06-24,488.3915100097656,490.1099853515625,491.8500061035156,486.79998779296875,488.95001220703125,22305600
2025-06-25,490.5439453125,492.2699890136719,494.55999755859375,489.3900146484375,492.0400085449219,17495100
2025-06-26,495.705810546875,497.45001220703125,498.0400085449219,492.80999755859375,492.9800109863281,21578900
2025-06-27,494.20111083984375,495.94000244140625,499.29998779296875,493.0299987792969,497.54998779296875,34539200
2025-06-30,495.66595458984375,497.4100036621094,500.760009765625,495.3299865722656,497.0400085449219,28369000
2025-07-01,490.3247375488281,492.04998779296875,498.04998779296875,490.9800109863281,496.4700012207031,19945400
2025-07-02,489.36810302734375,491.0899963378906,493.5,488.70001220703125,489.989990234375,16319600
2025-07-03,497.0909423828125,498.8399963378906,500.1300048828125,493.44000244140625,493.80999755859375,13984800
2025-07-07,495.974853515625,497.7200012207031,498.75,495.2300109863281,497.3800048828125,13981600
2025-07-08,494.8786926269531,496.6199951171875,498.20001220703125,494.1099853515625,497.239990234375,11846600
2025-07-09,501.74456787109375,503.510009765625,506.7799987792969,499.739990234375,500.29998779296875,18659500
2025-07-10,499.7216796875,501.4800109863281,504.44000244140625,497.75,503.04998779296875,16492100
2025-07-11,501.55523681640625,503.32000732421875,505.0299987792969,497.79998779296875,498.4700012207031,16459500
2025-07-14,501.2562561035156,503.0199890136719,503.9700012207031,501.0299987792969,501.5199890136719,12058800
2025-07-15,504.04644775390625,505.82000732421875,508.29998779296875,502.7900085449219,503.0199890136719,14927200
2025-07-16,503.8471374511719,505.6199951171875,506.7200012207031,501.8900146484375,505.17999267578125,15154400
2025-07-17,509.9058532714844,511.70001220703125,513.3699951171875,505.6199951171875,505.67999267578125,17503100
2025-07-18,508.2616271972656,510.04998779296875,514.6400146484375,507.42999267578125,514.47998046875,21209700
2025-07-21,508.2715759277344,510.05999755859375,512.0900268554688,505.54998779296875,506.7099914550781,14066800
2025-07-22,503.4983825683594,505.2699890136719,511.20001220703125,505.2699890136719,510.9700012207031,13868600
2025-07-23,504.0962829589844,505.8699951171875,506.7900085449219,500.70001220703125,506.75,16396600
2025-07-24,509.0887145996094,510.8800048828125,513.6699829101562,507.29998779296875,508.7699890136719,16107000
2025-07-25,511.9088439941406,513.7100219726562,518.2899780273438,510.3599853515625,512.469970703125,19125700
2025-07-28,510.7030334472656,512.5,515.0,510.1199951171875,514.0800170898438,14308000
2025-07-29,510.7727966308594,512.5700073242188,517.6199951171875,511.55999755859375,515.530029296875,16469200
2025-07-30,511.4404296875,513.239990234375,515.9500122070312,509.44000244140625,515.1699829101562,26380400
2025-07-31,531.62939453125,533.5,555.4500122070312,531.9000244140625,555.22998046875,51617300
2025-08-01,522.2723388671875,524.1099853515625,535.7999877929688,520.8599853515625,535.0,28977600
2025-08-04,533.7619018554688,535.6400146484375,538.25,528.1300048828125,528.27001953125,25349000
2025-08-05,525.8995361328125,527.75,537.2999877929688,527.239990234375,537.1799926757812,19171600
2025-08-06,523.0994262695312,524.9400024414062,531.7000122070312,524.030029296875,530.9000244140625,21355700
2025-08-07,519.0138549804688,520.8400268554688,528.0900268554688,517.5499877929688,526.7999877929688,16079100
2025-08-08,520.2095947265625,522.0399780273438,524.6599731445312,519.4099731445312,522.5999755859375,15531000
2025-08-11,519.9405517578125,521.77001953125,527.5900268554688,519.719970703125,522.2999877929688,20194400
2025-08-12,527.3843383789062,529.239990234375,530.97998046875,522.7000122070312,523.75,18667000
2025-08-13,518.7547607421875,520.5800170898438,532.7000122070312,519.3699951171875,532.1099853515625,19619200
2025-08-14,520.6480102539062,522.47998046875,525.9500122070312,520.1400146484375,522.5599975585938,20269100
2025-08-15,518.3461303710938,520.1699829101562,526.0999755859375,519.0800170898438,522.77001953125,25213300
2025-08-18,515.286865234375,517.0999755859375,522.8200073242188,514.02001953125,521.5900268554688,23760600
2025-08-19,507.98260498046875,509.7699890136719,515.1599731445312,508.54998779296875,515.0,21481000
2025-08-20,503.9468078613281,505.7200012207031,511.0,504.44000244140625,509.8699951171875,27723000
2025-08-21,503.2980041503906,504.239990234375,507.6300048828125,502.7200012207031,503.69000244140625,18443300
2025-08-22,506.2824401855469,507.2300109863281,510.7300109863281,502.4100036621094,504.25,24324200
2025-08-25,503.3179931640625,504.260009765625,508.19000244140625,504.1199951171875,506.6300048828125,21638600
2025-08-26,501.1021423339844,502.0400085449219,504.9800109863281,498.510009765625,504.3599853515625,30835700
2025-08-27,505.7933349609375,506.739990234375,507.2900085449219,499.8999938964844,502.0,17277900
2025-08-28,508.68792724609375,509.6400146484375,511.0899963378906,505.5,507.0899963378906,18015600
2025-08-29,505.7434387207031,506.69000244140625,509.6000061035156,504.489990234375,508.6600036621094,20961600
2025-09-02,504.1763610839844,505.1199951171875,506.0,496.80999755859375,500.4700012207031,18128000
2025-09-03,504.40594482421875,505.3500061035156,507.7900085449219,502.32000732421875,503.7900085449219,16345100
2025-09-04,507.02105712890625,507.9700012207031,508.1499938964844,503.1499938964844,504.29998779296875,15509500
2025-09-05,494.0752868652344,495.0,511.9700012207031,492.3699951171875,509.07000732421875,31994800
2025-09-08,497.2693176269531,498.20001220703125,501.20001220703125,495.0299987792969,498.1099853515625,16771000
2025-09-09,497.4789123535156,498.4100036621094,502.25,497.70001220703125,501.42999267578125,14410500
2025-09-10,499.43524169921875,500.3699951171875,503.2300109863281,496.7200012207031,502.9800109863281,21611800
2025-09-11,500.0740661621094,501.010009765625,503.1700134277344,497.8800048828125,502.25,18881600
2025-09-12,508.94744873046875,509.8999938964844,512.5499877929688,503.8500061035156,506.6499938964844,23624900
2025-09-15,514.397216796875,515.3599853515625,515.469970703125,507.0,508.7900085449219,17143800
2025-09-16,508.08905029296875,509.0400085449219,517.22998046875,508.6000061035156,516.8800048828125,19711900
2025-09-17,509.06719970703125,510.0199890136719,511.2900085449219,505.92999267578125,510.6199951171875,15816600
2025-09-18,507.5001525878906,508.45001220703125,513.0700073242188,507.6600036621094,511.489990234375,18913700
2025-09-19,516.96240234375,517.9299926757812,519.2999877929688,510.30999755859375,510.55999755859375,52474100
2025-09-22,513.4889526367188,514.4500122070312,517.739990234375,512.5399780273438,515.5900268554688,20009300
2025-09-23,508.2787170410156,509.2300109863281,514.5900268554688,507.30999755859375,513.7999877929688,19799600
2025-09-24,509.19696044921875,510.1499938964844,512.47998046875,506.9200134277344,510.3800048828125,13533700
2025-09-25,506.0827941894531,507.0299987792969,510.010009765625,505.0400085449219,508.29998779296875,15786500
2025-09-26,510.5045166015625,511.4599914550781,513.9400024414062,506.6199951171875,510.05999755859375,16213100
2025-09-29,513.6386108398438,514.5999755859375,516.8499755859375,508.8800048828125,511.5,17617800
2025-09-30,516.982421875,517.9500122070312,518.1599731445312,509.6600036621094,513.239990234375,19728200
2025-10-01,518.7391357421875,519.7100219726562,520.510009765625,511.69000244140625,514.7999877929688,22632300
2025-10-02,514.7765502929688,515.739990234375,521.5999755859375,510.67999267578125,517.6400146484375,21222900
2025-10-03,516.3834838867188,517.3499755859375,520.489990234375,515.0,517.0999755859375,15112300
2025-10-06,527.5825805664062,528.5700073242188,531.030029296875,518.2000122070312,518.6099853515625,21388600
2025-10-07,523.0010986328125,523.97998046875,529.7999877929688,521.4400024414062,528.2899780273438,14615200
2025-10-08,523.8695068359375,524.8499755859375,526.9500122070312,523.0900268554688,523.280029296875,13363400
2025-10-09,521.4241333007812,522.4000244140625,524.3300170898438,517.4000244140625,522.3400268554688,18343600
2025-10-10,510.0054626464844,510.9599914550781,523.5800170898438,509.6300048828125,519.6400146484375,24133800
2025-10-13,513.0896606445312,514.0499877929688,516.4099731445312,511.67999267578125,516.4099731445312,14284200
2025-10-14,512.610595703125,513.5700073242188,515.280029296875,506.0,510.2300109863281,14684300
2025-10-15,512.4708251953125,513.4299926757812,517.1900024414062,510.0,514.9600219726562,14694700
2025-10-16,510.65423583984375,511.6099853515625,516.8499755859375,508.1300048828125,512.5800170898438,15559600
2025-10-17,512.62060546875,513.5800170898438,515.47998046875,507.30999755859375,509.0400085449219,19867800
2025-10-20,515.8245239257812,516.7899780273438,518.7000122070312,513.4299926757812,514.6099853515625,14665600
2025-10-21,516.6929321289062,517.6599731445312,518.6900024414062,513.0399780273438,517.5,15586200
2025-10-22,519.5675659179688,520.5399780273438,525.22998046875,517.7100219726562,521.1500244140625,18962700
2025-10-23,519.5875244140625,520.5599975585938,523.9500122070312,518.6099853515625,522.4600219726562,14023500
2025-10-24,522.6318359375,523.6099853515625,525.3499755859375,520.7100219726562,522.7899780273438,15532400
2025-10-27,530.527099609375,531.52001953125,534.5800170898438,529.010009765625,531.780029296875,18734700
2025-10-28,541.057373046875,542.0700073242188,553.719970703125,540.77001953125,550.0,29986700
2025-10-29,540.538330078125,541.5499877929688,546.27001953125,536.72998046875,544.9400024414062,36023000
2025-10-30,524.77783203125,525.760009765625,534.969970703125,522.1199951171875,530.47998046875,41023100
2025-10-31,516.8426513671875,517.8099975585938,529.3200073242188,515.0999755859375,528.8800048828125,34006400
2025-11-03,516.0641479492188,517.030029296875,524.9600219726562,514.5900268554688,519.8099975585938,22374700
2025-11-04,513.3692016601562,514.3300170898438,515.5499877929688,507.8399963378906,511.760009765625,20958700
2025-11-05,506.2125549316406,507.1600036621094,514.8300170898438,506.5799865722656,513.2999877929688,23024300
2025-11-06,496.1713562011719,497.1000061035156,505.70001220703125,495.80999755859375,505.6600036621094,27406500
2025-11-07,495.8918762207031,496.82000732421875,499.3800048828125,493.25,496.95001220703125,24019800
2025-11-10,505.0547180175781,506.0,506.8500061035156,498.79998779296875,500.0400085449219,26101500
2025-11-11,507.7297058105469,508.67999267578125,509.6000061035156,502.3500061035156,504.79998779296875,17980000
2025-11-12,510.1851501464844,511.1400146484375,511.6700134277344,499.1199951171875,509.3599853515625,26574900
2025-11-13,502.34979248046875,503.2900085449219,513.5,501.2900085449219,510.30999755859375,25273100
2025-11-14,509.2268981933594,510.17999267578125,511.6000061035156,497.44000244140625,498.2300109863281,28505700
2025-11-17,506.54193115234375,507.489990234375,512.1199951171875,504.9100036621094,508.45001220703125,19092800
2025-11-18,492.8675537109375,493.7900085449219,502.9800109863281,486.7799987792969,495.3699951171875,33815100
2025-11-19,486.2099914550781,487.1199951171875,495.19000244140625,482.8299865722656,490.1000061035156,23245300
2025-11-20,478.42999267578125,478.42999267578125,493.57000732421875,475.5,492.7099914550781,26802500
2025-11-21,472.1199951171875,472.1199951171875,478.9200134277344,468.2699890136719,478.5,31769200
2025-11-24,474.0,474.0,476.8999938964844,468.0199890136719,475.0,34421000
2025-11-25,476.989990234375,476.989990234375,479.1499938964844,464.8900146484375,474.07000732421875,28019800
2025-11-26,485.5,485.5,488.30999755859375,481.20001220703125,486.30999755859375,25709100
2025-11-28,492.010009765625,492.010009765625,492.6300048828125,486.6499938964844,487.6000061035156,14386700
2025-12-01,486.739990234375,486.739990234375,489.8599853515625,484.6499938964844,488.44000244140625,23964000
2025-12-02,490.0,490.0,493.5,486.32000732421875,486.7200012207031,19562700
2025-12-03,477.7300109863281,477.7300109863281,484.239990234375,475.20001220703125,476.32000732421875,34615100
2025-12-04,480.8399963378906,480.8399963378906,481.32000732421875,476.489990234375,479.760009765625,22318200
2025-12-05,483.1600036621094,483.1600036621094,483.3999938964844,478.8800048828125,482.5199890136719,22608700
2025-12-08,491.0199890136719,491.0199890136719,492.29998779296875,484.3800048828125,484.8900146484375,21965900
2025-12-09,492.0199890136719,492.0199890136719,492.1199951171875,488.5,489.1000061035156,14696100
2025-12-10,478.55999755859375,478.55999755859375,484.25,475.0799865722656,484.0299987792969,35756200
2025-12-11,483.4700012207031,483.4700012207031,486.0299987792969,475.8599853515625,476.6300048828125,24669200
2025-12-12,478.5299987792969,478.5299987792969,482.45001220703125,476.3399963378906,479.82000732421875,21248100
2025-12-15,474.82000732421875,474.82000732421875,480.7200012207031,472.5199890136719,480.1000061035156,23727700
2025-12-16,476.3900146484375,476.3900146484375,477.8900146484375,470.8800048828125,471.9100036621094,20705600
2025-12-17,476.1199951171875,476.1199951171875,480.0,475.0,476.9100036621094,24527200
2025-12-18,483.9800109863281,483.9800109863281,489.6000061035156,477.8900146484375,478.19000244140625,28573500
2025-12-19,485.9200134277344,485.9200134277344,487.8500061035156,482.489990234375,487.3599853515625,70836100
2025-12-22,484.9200134277344,484.9200134277344,488.7300109863281,482.69000244140625,486.1199951171875,16963000
2025-12-23,486.8500061035156,486.8500061035156,487.8299865722656,484.739990234375,484.9800109863281,14683600
2025-12-24,488.0199890136719,488.0199890136719,489.1600036621094,484.8299865722656,485.67999267578125,5855900
2025-12-26,487.7099914550781,487.7099914550781,488.1199951171875,485.9599914550781,486.7099914550781,8842200
2025-12-29,487.1000061035156,487.1000061035156,488.3500061035156,484.17999267578125,484.8599853515625,10893400
2025-12-30,487.4800109863281,487.4800109863281,489.67999267578125,485.5,485.92999267578125,13944500
2025-12-31,483.6199951171875,483.6199951171875,488.1400146484375,483.29998779296875,487.8399963378906,15601600
2026-01-02,472.94000244140625,472.94000244140625,484.6600036621094,470.1600036621094,484.3900146484375,25571600
2026-01-05,472.8500061035156,472.8500061035156,476.07000732421875,469.5,474.05999755859375,25250300
2026-01-06,478.510009765625,478.510009765625,478.739990234375,469.75,473.79998779296875,23037700
2026-01-07,483.4700012207031,483.4700012207031,489.70001220703125,477.95001220703125,479.760009765625,25564200
2026-01-08,478.1099853515625,478.1099853515625,482.6600036621094,475.8599853515625,481.239990234375,18162600
2026-01-09,479.2799987792969,479.2799987792969,479.82000732421875,472.20001220703125,474.05999755859375,18491000
2026-01-12,477.17999267578125,477.17999267578125,480.989990234375,475.67999267578125,476.6700134277344,23519900
2026-01-13,470.6700134277344,470.6700134277344,475.7799987792969,465.95001220703125,474.67999267578125,28545800
2026-01-14,459.3800048828125,459.3800048828125,468.20001220703125,457.1700134277344,466.4599914550781,28184300
2026-01-15,456.6600036621094,456.6600036621094,464.25,455.8999938964844,464.1199951171875,23225800
2026-01-16,459.8599853515625,459.8599853515625,463.19000244140625,456.4800109863281,457.8299865722656,34246700
2026-01-20,454.5199890136719,454.5199890136719,456.79998779296875,449.2799987792969,451.2200012207031,26130000
2026-01-21,444.1099853515625,444.1099853515625,452.69000244140625,438.67999267578125,452.6000061035156,37980500
2026-01-22,451.1400146484375,451.1400146484375,452.8399963378906,444.70001220703125,447.6199951171875,25349400
2026-01-23,465.95001220703125,465.95001220703125,471.1000061035156,450.5299987792969,451.8699951171875,38000200
2026-01-26,470.2799987792969,470.2799987792969,474.25,462.0,465.30999755859375,29291200
2026-01-27,480.5799865722656,480.5799865722656,482.8699951171875,473.1600036621094,473.70001220703125,29213900
2026-01-28,481.6300048828125,481.6300048828125,483.739990234375,478.0,483.2099914550781,36875400
