date,adj_close,close,high,low,open,volume
,VOO,VOO,VOO,VOO,VOO,VOO
2021-02-01,321.8445739746094,345.7699890136719,346.8500061035156,341.3999938964844,343.6300048828125,3334000
2021-02-02,326.4707336425781,350.739990234375,352.3399963378906,349.0,349.04998779296875,2955200
2021-02-03,326.7965087890625,351.0899963378906,352.79998779296875,349.8800048828125,351.70001220703125,3392800
2021-02-04,330.4544982910156,355.0199890136719,355.0400085449219,351.9200134277344,352.1199951171875,1988300
2021-02-05,331.77618408203125,356.44000244140625,357.1300048828125,355.32000732421875,356.8999938964844,2091800
2021-02-08,334.22430419921875,359.07000732421875,359.07000732421875,357.05999755859375,357.9200134277344,3371100
2021-02-09,333.954345703125,358.7799987792969,359.3299865722656,357.7699890136719,358.2200012207031,1891200
2021-02-10,333.82403564453125,358.6400146484375,360.6099853515625,356.29998779296875,360.5299987792969,2400000
2021-02-11,334.36395263671875,359.2200012207031,360.1000061035156,356.8399963378906,359.7099914550781,2237200
2021-02-12,336.0672302246094,361.04998779296875,361.19000244140625,358.3599853515625,358.45001220703125,2144500
2021-02-16,335.750732421875,360.7099914550781,362.3699951171875,359.9800109863281,362.1499938964844,4408500
2021-02-17,335.8251953125,360.7900085449219,360.9700012207031,357.9200134277344,359.0299987792969,3211800
2021-02-18,334.3917541503906,359.25,359.92999267578125,356.489990234375,358.239990234375,3010500
2021-02-19,333.7774658203125,358.5899963378906,360.7099914550781,358.1400146484375,360.4700012207031,2487100
2021-02-22,331.1526184082031,355.7699890136719,358.19000244140625,355.55999755859375,355.8399963378906,3291000
2021-02-23,331.57147216796875,356.2200012207031,357.55999755859375,349.5299987792969,353.69000244140625,5251100
2021-02-24,335.2388610839844,360.1600036621094,360.5799865722656,354.20001220703125,355.1499938964844,3301200
2021-02-25,327.1966857910156,351.5199890136719,360.2699890136719,350.0799865722656,359.0299987792969,7049200
2021-02-26,325.4002380371094,349.5899963378906,354.4700012207031,347.7099914550781,353.4700012207031,7579500
2021-03-01,333.33990478515625,358.1199951171875,359.3900146484375,354.5,354.54998779296875,3721100
2021-03-02,330.7616882324219,355.3500061035156,358.6300048828125,355.1600036621094,358.3800048828125,5462600
2021-03-03,326.3961486816406,350.6600036621094,355.6400146484375,350.55999755859375,354.70001220703125,6317600
2021-03-04,322.37506103515625,346.3399963378906,353.0199890136719,341.9200134277344,350.489990234375,6604500
2021-03-05,328.2857666015625,352.69000244140625,353.7300109863281,342.5899963378906,349.7699890136719,8721300
2021-03-08,326.67547607421875,350.9599914550781,356.3999938964844,350.6600036621094,353.6300048828125,5663500
2021-03-09,331.2457275390625,355.8699951171875,358.4599914550781,354.2300109863281,354.75,6075100
2021-03-10,333.29345703125,358.07000732421875,359.8399963378906,356.8800048828125,358.29998779296875,7231400
2021-03-11,336.8119812011719,361.8500061035156,363.760009765625,360.1600036621094,360.6600036621094,3340700
2021-03-12,337.28662109375,362.3599853515625,362.45001220703125,359.6700134277344,360.5,4847300
2021-03-15,339.2413330078125,364.4599914550781,364.75,360.45001220703125,362.6700134277344,3154800
2021-03-16,338.85968017578125,364.04998779296875,365.7799987792969,363.25,365.1199951171875,3698400
2021-03-17,339.9672546386719,365.239990234375,366.04998779296875,361.6199951171875,362.8299865722656,5011600
2021-03-18,334.9689025878906,359.8699951171875,364.760009765625,359.2799987792969,362.7300109863281,5067500
2021-03-19,334.3731689453125,359.2300109863281,361.1700134277344,357.1400146484375,359.6499938964844,5382800
2021-03-22,337.0166320800781,362.07000732421875,363.5,359.760009765625,359.7900085449219,3417600
2021-03-23,334.540771484375,359.4100036621094,362.94000244140625,358.510009765625,361.5299987792969,4954600
2021-03-24,332.68841552734375,357.4200134277344,362.2699890136719,357.4200134277344,360.7099914550781,4099000
2021-03-25,334.5593566894531,359.42999267578125,360.239990234375,354.1400146484375,356.0799865722656,5487300
2021-03-26,340.0172119140625,364.010009765625,364.3699951171875,358.75,359.3699951171875,3322600
2021-03-29,339.8116760253906,363.7900085449219,364.67999267578125,361.1099853515625,362.57000732421875,3143300
2021-03-30,338.9429626464844,362.8599853515625,363.4700012207031,361.2699890136719,362.55999755859375,3696200
2021-03-31,340.2881164550781,364.29998779296875,365.82000732421875,363.3900146484375,363.3900146484375,7470300
2021-04-01,343.8937072753906,368.1600036621094,368.2900085449219,366.0299987792969,366.20001220703125,5132000
2021-04-05,348.8537292480469,373.4700012207031,374.07000732421875,370.80999755859375,370.8900146484375,3764100
2021-04-06,348.657470703125,373.260009765625,374.3299865722656,372.6700134277344,373.0400085449219,3583500
2021-04-07,349.0965270996094,373.7300109863281,374.0799865722656,372.7200012207031,373.1400146484375,2768900
2021-04-08,350.7966003417969,375.54998779296875,375.55999755859375,374.05999755859375,374.9700012207031,3949400
2021-04-09,353.318603515625,378.25,378.3999938964844,375.3299865722656,375.4200134277344,2627500
2021-04-12,353.4773864746094,378.4200134277344,378.6499938964844,377.0799865722656,377.70001220703125,2747500
2021-04-13,354.43951416015625,379.45001220703125,380.1199951171875,377.9200134277344,378.3699951171875,2985500
2021-04-14,353.29986572265625,378.2300109863281,380.510009765625,377.70001220703125,379.4599914550781,3691100
2021-04-15,357.0923156738281,382.2900085449219,382.5400085449219,380.2799987792969,380.3299865722656,3573800
2021-04-16,358.34405517578125,383.6300048828125,384.1499938964844,382.19000244140625,383.55999755859375,3252500
2021-04-19,356.5784912109375,381.739990234375,383.0899963378906,380.3699951171875,382.6199951171875,3945700
2021-04-20,353.963134765625,378.94000244140625,381.1600036621094,377.4700012207031,380.489990234375,4106700
2021-04-21,357.2884521484375,382.5,382.6700134277344,378.1400146484375,378.2799987792969,3640100
2021-04-22,354.0098876953125,378.989990234375,383.1199951171875,377.9599914550781,382.32000732421875,3965000
2021-04-23,357.7835693359375,383.0299987792969,384.4599914550781,379.4599914550781,379.57000732421875,3781100
2021-04-26,358.5588684082031,383.8599853515625,384.45001220703125,383.32000732421875,383.7300109863281,3125200
2021-04-27,358.44677734375,383.739990234375,384.3800048828125,382.7200012207031,384.20001220703125,3370600
2021-04-28,358.2785949707031,383.55999755859375,385.1700134277344,383.239990234375,384.1000061035156,3960400
2021-04-29,360.66986083984375,386.1199951171875,386.739990234375,382.80999755859375,386.3999938964844,4209900
2021-04-30,358.2879638671875,383.57000732421875,384.760009765625,382.7300109863281,383.9100036621094,5219200
2021-05-03,359.1006164550781,384.44000244140625,385.94000244140625,383.9599914550781,385.55999755859375,4180800
2021-05-04,356.91485595703125,382.1000061035156,382.9599914550781,378.45001220703125,382.5199890136719,5485600
2021-05-05,356.98028564453125,382.1700134277344,383.9100036621094,381.44000244140625,383.7200012207031,4410700
2021-05-06,359.8852844238281,385.2799987792969,385.3699951171875,380.2699890136719,382.260009765625,4737300
2021-05-07,362.4539794921875,388.0299987792969,388.67999267578125,385.3299865722656,386.0199890136719,3516600
2021-05-10,358.9044189453125,384.2300109863281,388.6600036621094,384.0899963378906,388.4100036621094,5942700
2021-05-11,355.7565612792969,380.8599853515625,381.739990234375,376.95001220703125,379.75,7081500
2021-05-12,348.1624755859375,372.7300109863281,379.2699890136719,372.1300048828125,378.0400085449219,7707400
2021-05-13,352.30047607421875,377.1600036621094,379.04998779296875,374.1700134277344,374.2099914550781,7179100
2021-05-14,357.7088623046875,382.95001220703125,383.7900085449219,379.80999755859375,379.80999755859375,5167900
2021-05-17,356.84942626953125,382.0299987792969,382.75,380.0,381.8999938964844,3781600
2021-05-18,353.76702880859375,378.7300109863281,382.4700012207031,378.5400085449219,382.25,3128300
2021-05-19,352.8328857421875,377.7300109863281,377.8399963378906,372.6199951171875,374.05999755859375,5086300
2021-05-20,356.5972595214844,381.760009765625,382.989990234375,378.45001220703125,378.57000732421875,4776700
2021-05-21,356.3263854980469,381.4700012207031,384.45001220703125,381.010009765625,383.2300109863281,3567500
2021-05-24,359.9225769042969,385.32000732421875,386.3999938964844,383.44000244140625,383.69000244140625,2962500
2021-05-25,359.1659240722656,384.510009765625,386.760009765625,383.94000244140625,386.3999938964844,4031800
2021-05-26,359.81982421875,385.2099914550781,385.75,384.07000732421875,385.0899963378906,2642700
2021-05-27,359.97869873046875,385.3800048828125,386.7799987792969,385.32000732421875,386.2799987792969,3015900
2021-05-28,360.6792297363281,386.1300048828125,387.2699890136719,385.94000244140625,387.0299987792969,3370100
2021-06-01,360.39898681640625,385.8299865722656,388.6199951171875,385.3800048828125,388.5,4389000
2021-06-02,361.0061340332031,386.4800109863281,387.239990234375,385.4700012207031,386.45001220703125,3209200
2021-06-03,359.6330261230469,385.010009765625,386.1099853515625,382.70001220703125,384.1700134277344,3391000
2021-06-04,362.8929748535156,388.5,388.79998779296875,386.760009765625,386.80999755859375,2628100
2021-06-07,362.5848083496094,388.1700134277344,388.69000244140625,387.25,388.5199890136719,2500600
2021-06-08,362.64080810546875,388.2300109863281,389.0799865722656,386.44000244140625,389.0,2386600
2021-06-09,362.071044921875,387.6199951171875,389.1300048828125,387.4100036621094,389.0799865722656,2968100
2021-06-10,363.7430114746094,389.4100036621094,390.3599853515625,387.5799865722656,388.8599853515625,2611800
2021-06-11,364.378173828125,390.0899963378906,390.20001220703125,388.7300109863281,390.0,2241500
2021-06-14,365.2935791015625,391.07000732421875,391.07000732421875,389.0,390.2099914550781,2252200
2021-06-15,364.5276794433594,390.25,391.20001220703125,389.4100036621094,391.1499938964844,2405000
2021-06-16,362.52874755859375,388.1099853515625,390.5799865722656,386.0199890136719,390.4200134277344,4194300
2021-06-17,362.3979187011719,387.9700012207031,388.9100036621094,385.5,387.6199951171875,4065300
2021-06-18,357.5874328613281,382.82000732421875,385.3800048828125,382.5199890136719,384.7900085449219,5211100
2021-06-21,362.5940856933594,388.17999267578125,388.3800048828125,383.6499938964844,384.5,4389800
2021-06-22,364.518310546875,390.239990234375,391.0899963378906,387.4700012207031,388.239990234375,2705400
2021-06-23,364.1259765625,389.82000732421875,391.1400146484375,389.70001220703125,390.3500061035156,2404200
2021-06-24,366.2090148925781,392.04998779296875,392.5199890136719,391.6700134277344,391.8900146484375,2987800
2021-06-25,367.56341552734375,393.5,393.9200134277344,392.5400085449219,392.8999938964844,2862800
2021-06-28,368.32940673828125,394.32000732421875,394.45001220703125,392.8299865722656,394.0299987792969,2418500
2021-06-29,368.49151611328125,393.1600036621094,393.94000244140625,392.6600036621094,393.3500061035156,2927600
2021-06-30,368.82891845703125,393.5199890136719,394.1300048828125,392.7200012207031,392.7200012207031,3795900
2021-07-01,370.9096374511719,395.739990234375,395.8500061035156,394.2099914550781,394.29998779296875,3414500
2021-07-02,373.7308044433594,398.75,399.04998779296875,396.5299987792969,396.8500061035156,4363100
2021-07-06,373.0278625488281,398.0,398.989990234375,395.29998779296875,398.7699890136719,4331300
2021-07-07,374.3118896484375,399.3699951171875,399.6600036621094,396.67999267578125,398.6700134277344,4747800
2021-07-08,371.3314208984375,396.19000244140625,396.8800048828125,393.0199890136719,394.20001220703125,5817100
2021-07-09,375.2491149902344,400.3699951171875,400.6499938964844,397.4200134277344,397.6300048828125,3332200
2021-07-12,376.6082458496094,401.82000732421875,402.0299987792969,399.8699951171875,400.29998779296875,2929200
2021-07-13,375.3335266113281,400.4599914550781,402.5,400.17999267578125,401.0799865722656,4313100
2021-07-14,375.8490905761719,401.010009765625,402.57000732421875,399.82000732421875,402.05999755859375,3332200
2021-07-15,374.6399841308594,399.7200012207031,400.3800048828125,397.80999755859375,399.739990234375,4483900
2021-07-16,371.7250671386719,396.6099853515625,400.8800048828125,396.1400146484375,400.8399963378906,4516600
2021-07-19,366.1671142578125,390.67999267578125,392.260009765625,387.92999267578125,391.7799987792969,12336200
2021-07-20,371.3407897949219,396.20001220703125,397.5,390.010009765625,391.3500061035156,4043100
2021-07-21,374.46185302734375,399.5299987792969,399.6199951171875,397.2699890136719,397.4800109863281,2996600
2021-07-22,375.2585754394531,400.3800048828125,400.55999755859375,398.70001220703125,399.7099914550781,2575700
2021-07-23,379.007568359375,404.3800048828125,404.75,401.5799865722656,402.1700134277344,3151900
2021-07-26,379.9729919433594,405.4100036621094,405.4200134277344,403.82000732421875,403.9200134277344,2374300
2021-07-27,378.2858581542969,403.6099853515625,404.45001220703125,400.79998779296875,404.45001220703125,3626100
2021-07-28,378.07965087890625,403.3900146484375,404.760009765625,402.0400085449219,404.1700134277344,3763700
2021-07-29,379.71051025390625,405.1300048828125,406.1300048828125,404.3500061035156,404.3599853515625,2274200
2021-07-30,377.8547058105469,403.1499938964844,404.5299987792969,402.4700012207031,402.5899963378906,5204500
2021-08-02,377.0862121582031,402.3299865722656,405.3599853515625,401.94000244140625,404.7799987792969,5814700
2021-08-03,380.1322021484375,405.5799865722656,405.6600036621094,400.9200134277344,403.0799865722656,4129600
2021-08-04,378.31396484375,403.6400146484375,404.8599853515625,403.3399963378906,404.30999755859375,3880200
2021-08-05,380.67584228515625,406.1600036621094,406.19000244140625,404.3800048828125,404.70001220703125,3052800
2021-08-06,381.3318786621094,406.8599853515625,407.17999267578125,406.1700134277344,406.44000244140625,2486900
2021-08-09,380.9664306640625,406.4700012207031,407.04998779296875,405.69000244140625,406.75,1984400
2021-08-10,381.44439697265625,406.9800109863281,407.6700134277344,406.2300109863281,406.9100036621094,2400700
2021-08-11,382.3629150390625,407.9599914550781,408.07000732421875,406.9100036621094,408.0,3554400
2021-08-12,383.478271484375,409.1499938964844,409.3299865722656,406.9700012207031,407.82000732421875,2319300
2021-08-13,384.2374572753906,409.9599914550781,409.9599914550781,409.17999267578125,409.6400146484375,2253800
2021-08-16,385.15594482421875,410.94000244140625,411.010009765625,407.1499938964844,408.7099914550781,3379100
2021-08-17,382.6160583496094,408.2300109863281,409.04998779296875,405.30999755859375,408.4100036621094,5186300
2021-08-18,378.50140380859375,403.8399963378906,408.75,403.5400085449219,407.2200012207031,4878300
2021-08-19,379.03564453125,404.4100036621094,405.54998779296875,400.92999267578125,401.0899963378906,5505700
2021-08-20,382.0348815917969,407.6099853515625,407.9200134277344,404.260009765625,404.67999267578125,3263600
2021-08-23,385.4184265136719,411.2200012207031,412.0799865722656,409.2300109863281,409.25,3259400
2021-08-24,386.0275573730469,411.8699951171875,412.3599853515625,411.3500061035156,411.8999938964844,3006500
2021-08-25,386.7399597167969,412.6300048828125,413.2099914550781,411.6700134277344,412.05999755859375,3261400
2021-08-26,384.4811706542969,410.2200012207031,412.6600036621094,410.20001220703125,412.4100036621094,4707600
2021-08-27,387.8927001953125,413.8599853515625,414.3299865722656,411.0199890136719,411.0899963378906,3882200
2021-08-30,389.67352294921875,415.760009765625,416.55999755859375,414.3900146484375,414.6600036621094,2811800
2021-08-31,389.008056640625,415.04998779296875,416.0199890136719,414.5799865722656,415.6600036621094,6062900
2021-09-01,389.4203796386719,415.489990234375,416.5899963378906,415.1600036621094,416.04998779296875,3256400
2021-09-02,390.5827331542969,416.7300109863281,417.44000244140625,415.5,416.79998779296875,2835500
2021-09-03,390.4327087402344,416.57000732421875,417.05999755859375,415.1600036621094,415.5799865722656,3740000
2021-09-07,388.98931884765625,415.0299987792969,416.2900085449219,414.4200134277344,416.2699890136719,3542500
2021-09-08,388.61444091796875,414.6300048828125,415.260009765625,412.6700134277344,414.5299987792969,4012600
2021-09-09,386.8710632324219,412.7699890136719,416.07000732421875,412.57000732421875,414.3399963378906,3887800
2021-09-10,383.8812561035156,409.5799865722656,415.1000061035156,409.4200134277344,414.69000244140625,4035500
2021-09-13,384.78106689453125,410.5400085449219,412.7099914550781,408.30999755859375,412.5199890136719,4738300
2021-09-14,382.78472900390625,408.4100036621094,412.17999267578125,407.489990234375,412.0199890136719,3657700
2021-09-15,385.9807434082031,411.82000732421875,412.260009765625,407.70001220703125,408.7900085449219,3891400
2021-09-16,385.31524658203125,411.1099853515625,412.19000244140625,408.2300109863281,411.2699890136719,3351500
2021-09-17,381.53814697265625,407.0799865722656,410.7799987792969,406.7699890136719,410.3500061035156,5396100
2021-09-20,375.30548095703125,400.42999267578125,402.6400146484375,395.57000732421875,401.1099853515625,10942700
2021-09-21,374.9399108886719,400.0400085449219,403.8999938964844,399.44000244140625,402.6600036621094,6418100
2021-09-22,378.55767822265625,403.8999938964844,405.8500061035156,401.260009765625,402.1700134277344,6004800
2021-09-23,383.1314392089844,408.7799987792969,410.32000732421875,405.4700012207031,405.7099914550781,4098000
2021-09-24,383.768798828125,409.4599914550781,410.1300048828125,406.95001220703125,407.1700134277344,3417700
2021-09-27,382.68157958984375,408.29998779296875,409.57000732421875,407.5899963378906,408.4200134277344,3546600
2021-09-28,375.0335998535156,400.1400146484375,405.8699951171875,399.3299865722656,405.54998779296875,8234300
2021-09-29,375.6241455078125,399.4599914550781,401.7900085449219,398.8599853515625,400.1000061035156,4724200
2021-09-30,370.8661193847656,394.3999938964844,401.5199890136719,394.3399963378906,400.8500061035156,9511200
2021-10-01,375.3044128417969,399.1199951171875,400.8500061035156,392.7699890136719,396.2300109863281,8482200
2021-10-04,370.6873779296875,394.2099914550781,398.94000244140625,391.9599914550781,398.1199951171875,8820400
2021-10-05,374.2887878417969,398.0400085449219,400.3500061035156,394.7900085449219,395.55999755859375,5523200
2021-10-06,375.9532165527344,399.80999755859375,400.0199890136719,393.05999755859375,394.6499938964844,6590000
2021-10-07,379.1879577636719,403.25,406.04998779296875,402.8500061035156,403.07000732421875,4409200
2021-10-08,378.47332763671875,402.489990234375,404.3900146484375,401.94000244140625,404.0400085449219,3960900
2021-10-11,375.7181396484375,399.55999755859375,404.739990234375,399.55999755859375,401.9100036621094,3695700
2021-10-12,374.9659423828125,398.760009765625,400.9200134277344,397.8699951171875,400.54998779296875,6201300
2021-10-13,376.16949462890625,400.0400085449219,400.8800048828125,396.75,399.6400146484375,6492400
2021-10-14,382.488525390625,406.760009765625,406.95001220703125,403.2200012207031,403.70001220703125,3785200
2021-10-15,385.46929931640625,409.92999267578125,410.260009765625,408.2799987792969,408.9200134277344,3501600
2021-10-18,386.64471435546875,411.17999267578125,411.4599914550781,407.5299987792969,408.20001220703125,3402700
2021-10-19,389.65386962890625,414.3800048828125,414.3800048828125,412.1400146484375,412.739990234375,2838300
2021-10-20,391.16778564453125,415.989990234375,416.2200012207031,414.6499938964844,414.739990234375,3208200
2021-10-21,392.1269226074219,417.010009765625,417.239990234375,414.94000244140625,415.3800048828125,2579500
2021-10-22,391.7319641113281,416.5899963378906,418.0,414.70001220703125,416.5799865722656,3648900
2021-10-25,393.7630920410156,418.75,419.1400146484375,415.92999267578125,417.6400146484375,2511500
2021-10-26,394.1392517089844,419.1499938964844,421.5299987792969,418.8599853515625,420.2699890136719,3085300
2021-10-27,392.42779541015625,417.3299865722656,420.2900085449219,417.2799987792969,419.6600036621094,2873500
2021-10-28,396.26434326171875,421.4100036621094,421.44000244140625,418.75,418.7799987792969,3643600
2021-10-29,396.9696044921875,422.1600036621094,422.5199890136719,418.8699951171875,419.1499938964844,4637400
2021-11-01,397.8064880371094,423.04998779296875,423.57000732421875,421.2799987792969,423.19000244140625,3937300
2021-11-02,399.3486328125,424.69000244140625,424.9599914550781,423.010009765625,423.1499938964844,2989200
2021-11-03,401.755859375,427.25,427.6600036621094,423.69000244140625,424.1400146484375,3562900
2021-11-04,403.63653564453125,429.25,429.3699951171875,427.5400085449219,427.8500061035156,4287300
2021-11-05,405.0093688964844,430.7099914550781,432.760009765625,429.29998779296875,431.54998779296875,4942900
2021-11-08,405.4983215332031,431.2300109863281,432.3399963378906,430.5,431.8800048828125,3511600
2021-11-09,404.0784606933594,429.7200012207031,431.75,428.3399963378906,431.55999755859375,4696000
2021-11-10,400.824951171875,426.260009765625,429.7300109863281,424.80999755859375,428.0899963378906,6350700
2021-11-11,400.95660400390625,426.3999938964844,427.82000732421875,426.3900146484375,427.70001220703125,3634600
2021-11-12,403.9373779296875,429.57000732421875,430.1700134277344,426.7300109863281,427.6600036621094,3655500
2021-11-15,404.1255187988281,429.7699890136719,431.010009765625,428.6499938964844,430.95001220703125,3122300
2021-11-16,405.6676025390625,431.4100036621094,432.5899963378906,429.4700012207031,429.5199890136719,3267000
2021-11-17,404.68975830078125,430.3699951171875,431.3900146484375,429.8399963378906,431.239990234375,3764900
2021-11-18,406.09075927734375,431.8599853515625,432.1700134277344,428.79998779296875,431.44000244140625,4732200
2021-11-19,405.3291015625,431.04998779296875,432.989990234375,430.3800048828125,431.8699951171875,4886200
2021-11-22,404.2572021484375,429.9100036621094,435.4100036621094,429.7200012207031,432.92999267578125,4868300
2021-11-23,404.78375244140625,430.4700012207031,431.2900085449219,427.0400085449219,429.57000732421875,6795200
2021-11-24,405.780517578125,431.5299987792969,431.75,427.7099914550781,428.55999755859375,4569600
2021-11-26,396.9507751464844,422.1400146484375,426.5199890136719,420.8999938964844,425.19000244140625,7702500
2021-11-29,401.7464294433594,427.239990234375,428.9800109863281,424.54998779296875,426.7099914550781,6300800
2021-11-30,394.05450439453125,419.05999755859375,426.6300048828125,418.6300048828125,424.79998779296875,8657600
2021-12-01,389.522216796875,414.239990234375,427.2200012207031,413.9700012207031,424.4700012207031,8337000
2021-12-02,395.4651184082031,420.55999755859375,422.05999755859375,414.0299987792969,414.4200134277344,10417700
2021-12-03,391.96697998046875,416.8399963378906,423.19000244140625,412.7699890136719,422.1199951171875,10228900
2021-12-06,396.6499328613281,421.82000732421875,423.6600036621094,417.0,419.4100036621094,7289500
2021-12-07,404.8025207519531,430.489990234375,431.1000061035156,426.94000244140625,426.9800109863281,4731900
2021-12-08,405.9403076171875,431.70001220703125,432.1400146484375,429.239990234375,430.95001220703125,4476500
2021-12-09,403.17578125,428.760009765625,431.32000732421875,428.6099853515625,430.4599914550781,5035400
2021-12-10,407.02178955078125,432.8500061035156,432.9599914550781,428.95001220703125,431.44000244140625,6238300
2021-12-13,403.41082763671875,429.010009765625,432.6600036621094,428.75,432.3599853515625,5923900
2021-12-14,400.6651306152344,426.0899963378906,428.239990234375,423.20001220703125,425.79998779296875,6522900
2021-12-15,406.9277038574219,432.75,432.9800109863281,423.6700134277344,426.1099853515625,6871300
2021-12-16,403.2510681152344,428.8399963378906,434.79998779296875,427.3500061035156,434.55999755859375,7159500
2021-12-17,399.0665283203125,424.3900146484375,428.7900085449219,422.6700134277344,425.8500061035156,8882700
2021-12-20,394.75042724609375,419.79998779296875,420.2200012207031,416.29998779296875,419.3900146484375,9903400
2021-12-21,401.7560729980469,425.69000244140625,425.8500061035156,419.5199890136719,421.6499938964844,6916700
2021-12-22,405.8143310546875,429.989990234375,430.0899963378906,425.32000732421875,425.45001220703125,4992200
2021-12-23,408.315185546875,432.6400146484375,434.1000061035156,430.8699951171875,430.9100036621094,5032700
2021-12-27,414.138427734375,438.80999755859375,438.82000732421875,433.95001220703125,433.9800109863281,4986300
2021-12-28,413.8269958496094,438.4800109863281,440.19000244140625,437.6600036621094,439.2799987792969,4865800
2021-12-29,414.3271179199219,439.010009765625,439.95001220703125,437.5400085449219,438.5,4596700
2021-12-30,413.1568908691406,437.7699890136719,440.3599853515625,437.32000732421875,439.3900146484375,3751800
2021-12-31,412.0243835449219,436.57000732421875,438.3800048828125,436.3900146484375,437.2300109863281,5185600
2022-01-03,414.5536804199219,439.25,439.2699890136719,435.6400146484375,437.92999267578125,6017300
2022-01-04,414.38385009765625,439.07000732421875,441.260009765625,437.2200012207031,440.5799865722656,6262200
2022-01-05,406.44659423828125,430.6600036621094,439.4100036621094,430.5299987792969,438.7799987792969,7539600
2022-01-06,405.8992004394531,430.0799865722656,432.8299865722656,427.8999938964844,430.20001220703125,7971500
2022-01-07,404.4930114746094,428.5899963378906,431.3599853515625,427.20001220703125,430.2099914550781,6157500
2022-01-10,403.9644775390625,428.0299987792969,428.19000244140625,419.7699890136719,425.3800048828125,10481500
2022-01-11,407.5036315917969,431.7799987792969,431.95001220703125,424.7799987792969,427.67999267578125,7282400
2022-01-12,408.7211608886719,433.07000732421875,435.0400085449219,431.1400146484375,433.55999755859375,8270300
2022-01-13,403.0867919921875,427.1000061035156,434.7200012207031,426.0899963378906,434.0899963378906,7521300
2022-01-14,403.20941162109375,427.2300109863281,427.5799865722656,422.80999755859375,423.95001220703125,9960800
2022-01-18,396.1405944824219,419.739990234375,424.9800109863281,417.3299865722656,422.6199951171875,10681500
2022-01-19,391.97857666015625,415.3299865722656,422.5400085449219,415.07000732421875,421.1700134277344,8184100
2022-01-20,387.66552734375,410.760009765625,421.75,410.2900085449219,417.1700134277344,8907600
2022-01-21,380.04925537109375,402.69000244140625,411.92999267578125,402.6600036621094,409.7099914550781,16225900
2022-01-24,381.634765625,404.3699951171875,404.8800048828125,386.8399963378906,397.260009765625,22970700
2022-01-25,377.00079345703125,399.4599914550781,404.260009765625,392.7300109863281,398.1700134277344,16836300
2022-01-26,376.15142822265625,398.55999755859375,408.20001220703125,394.3399963378906,405.6600036621094,14377300
2022-01-27,374.2449951171875,396.5400085449219,405.9700012207031,394.82000732421875,402.92999267578125,12455200
2022-01-28,383.41851806640625,406.260009765625,406.3299865722656,393.29998779296875,397.82000732421875,12096800
2022-01-31,390.4307861328125,413.69000244140625,413.9700012207031,404.3500061035156,405.6700134277344,9200400
2022-02-01,392.9789733886719,416.3900146484375,417.0400085449219,410.8999938964844,414.3399963378906,8154900
2022-02-02,396.7257385253906,420.3599853515625,421.17999267578125,416.5400085449219,418.9800109863281,6726500
2022-02-03,387.50506591796875,410.5899963378906,416.42999267578125,409.7900085449219,414.5899963378906,7658300
2022-02-04,389.3265380859375,412.5199890136719,416.239990234375,408.05999755859375,410.3399963378906,8210000
2022-02-07,388.04302978515625,411.1600036621094,414.6199951171875,409.8999938964844,413.2300109863281,5620900
2022-02-08,391.18572998046875,414.489990234375,415.4599914550781,409.3500061035156,410.7200012207031,5565700
2022-02-09,396.9239196777344,420.57000732421875,420.8699951171875,418.3500061035156,418.54998779296875,6284500
2022-02-10,389.94940185546875,413.17999267578125,420.79998779296875,411.1400146484375,414.92999267578125,9260500
2022-02-11,382.1727294921875,404.94000244140625,415.20001220703125,403.57000732421875,413.1499938964844,10458600
2022-02-14,380.9269104003906,403.6199951171875,405.989990234375,400.239990234375,404.42999267578125,10167600
2022-02-15,387.0426330566406,410.1000061035156,410.2900085449219,407.4599914550781,408.17999267578125,6815000
2022-02-16,387.50506591796875,410.5899963378906,411.8900146484375,406.32000732421875,408.20001220703125,7743800
2022-02-17,379.2658996582031,401.8599853515625,407.9800109863281,401.2300109863281,407.489990234375,7541000
2022-02-18,376.8404235839844,399.2900085449219,403.30999755859375,397.0,402.1499938964844,10570800
2022-02-22,372.71612548828125,394.9200134277344,400.3699951171875,391.510009765625,397.04998779296875,10414700
2022-02-23,366.0057678222656,387.80999755859375,398.32000732421875,387.3800048828125,397.739990234375,12154900
2022-02-24,371.6307678222656,393.7699890136719,394.1700134277344,377.5,377.760009765625,21277200
2022-02-25,379.7471618652344,402.3699951171875,402.5199890136719,393.3999938964844,394.95001220703125,11665200
2022-02-28,378.7939758300781,401.3599853515625,402.8500061035156,396.0,397.17999267578125,11855900
2022-03-01,373.1124267578125,395.3399963378906,401.9200134277344,392.7900085449219,400.010009765625,9124400
2022-03-02,379.9642333984375,402.6000061035156,404.1000061035156,396.7799987792969,397.7200012207031,8185200
2022-03-03,378.0578308105469,400.5799865722656,405.5400085449219,398.8800048828125,405.0199890136719,8745300
2022-03-04,375.0000915527344,397.3399963378906,398.42999267578125,393.3699951171875,396.92999267578125,6317700
2022-03-07,363.9294738769531,385.6099853515625,397.0,385.55999755859375,396.7300109863281,8411500
2022-03-08,361.1831359863281,382.70001220703125,392.739990234375,381.6400146484375,385.760009765625,9356100
2022-03-09,370.8095703125,392.8999938964844,394.8500061035156,388.7200012207031,390.8800048828125,5812600
2022-03-10,369.15802001953125,391.1499938964844,392.010009765625,386.5299987792969,388.44000244140625,6394800
2022-03-11,364.4486083984375,386.1600036621094,394.19000244140625,385.67999267578125,393.6199951171875,5872800
2022-03-14,361.7871398925781,383.3399963378906,390.2699890136719,382.25,387.07000732421875,6455000
2022-03-15,369.7242126464844,391.75,392.3699951171875,384.6300048828125,385.8599853515625,5739400
2022-03-16,377.9918212890625,400.510009765625,400.54998779296875,390.54998779296875,395.5,7407300
2022-03-17,382.6163635253906,405.4100036621094,405.55999755859375,398.29998779296875,398.6400146484375,5177500
2022-03-18,386.8444519042969,409.8900146484375,410.2799987792969,403.239990234375,403.9800109863281,5875000
2022-03-21,386.8633117675781,409.9100036621094,411.75,406.42999267578125,409.8399963378906,4159500
2022-03-22,391.35565185546875,414.6700134277344,415.5199890136719,411.20001220703125,411.20001220703125,4231700
2022-03-23,386.3158874511719,409.3299865722656,413.6199951171875,409.2900085449219,412.1600036621094,3742600
2022-03-24,392.0581970214844,414.0199890136719,414.1000061035156,408.80999755859375,409.8900146484375,2977300
2022-03-25,394.0467834472656,416.1199951171875,416.3599853515625,412.2099914550781,414.7900085449219,3638000
2022-03-28,396.7645568847656,418.989990234375,419.04998779296875,413.69000244140625,415.5,3395300
2022-03-29,401.783447265625,424.2900085449219,424.7200012207031,420.25,422.9599914550781,5510600
2022-03-30,399.283447265625,421.6499938964844,424.010009765625,419.5899963378906,423.260009765625,4794300
2022-03-31,393.1472473144531,415.1700134277344,421.6700134277344,415.04998779296875,420.9700012207031,5876600
2022-04-01,394.2362060546875,416.32000732421875,416.82000732421875,412.8699951171875,416.67999267578125,4663100
2022-04-04,397.5789489746094,419.8500061035156,419.9599914550781,415.7200012207031,416.45001220703125,5117200
2022-04-05,392.664306640625,414.6600036621094,420.82000732421875,413.5,418.55999755859375,4112000
2022-04-06,388.68701171875,410.4599914550781,412.6600036621094,407.6400146484375,410.760009765625,5540700
2022-04-07,390.64727783203125,412.5299987792969,414.29998779296875,407.739990234375,409.6000061035156,4954100
2022-04-08,389.7003173828125,411.5299987792969,414.2200012207031,409.9800109863281,411.8500061035156,4752800
2022-04-11,382.948486328125,404.3999938964844,409.05999755859375,403.92999267578125,408.5,3342800
2022-04-12,381.5469970703125,402.9200134277344,409.7099914550781,401.3699951171875,407.3299865722656,6615800
2022-04-13,385.8556823730469,407.4700012207031,408.20001220703125,402.4800109863281,402.57000732421875,4358700
2022-04-14,381.1681823730469,402.5199890136719,408.7799987792969,402.3399963378906,407.7200012207031,3735700
2022-04-18,381.2345275878906,402.5899963378906,404.2200012207031,400.44000244140625,401.54998779296875,4305900
2022-04-19,387.32342529296875,409.0199890136719,409.7699890136719,402.3599853515625,402.5799865722656,3841500
2022-04-20,387.0298767089844,408.7099914550781,411.3900146484375,407.6700134277344,410.82000732421875,5067100
2022-04-21,381.291259765625,402.6499938964844,413.67999267578125,401.79998779296875,412.3800048828125,4670200
2022-04-22,370.88433837890625,391.6600036621094,401.8900146484375,391.1000061035156,401.6700134277344,6326400
2022-04-25,372.9107971191406,393.79998779296875,394.05999755859375,385.0,389.4200134277344,8141200
2022-04-26,362.248046875,382.5400085449219,391.5899963378906,382.44000244140625,391.3999938964844,8493000
2022-04-27,363.1855773925781,383.5299987792969,388.75,381.5,383.5,6415700
2022-04-28,372.2857666015625,393.1400146484375,394.8999938964844,383.8699951171875,388.2300109863281,7030200
2022-04-29,358.6117248535156,378.70001220703125,391.45001220703125,378.0,389.4200134277344,8221900
2022-05-02,360.865478515625,381.0799865722656,382.2699890136719,372.3299865722656,378.7900085449219,10737000
2022-05-03,362.4280700683594,382.7300109863281,385.05999755859375,380.0,381.6199951171875,5607700
2022-05-04,373.4221496582031,394.3399963378906,394.92999267578125,380.2799987792969,383.3500061035156,7367500
2022-05-05,360.3067932128906,380.489990234375,390.30999755859375,376.3500061035156,390.2200012207031,10477300
2022-05-06,358.0436706542969,378.1000061035156,381.2799987792969,372.95001220703125,378.010009765625,7959600
2022-05-09,346.49072265625,365.8999938964844,373.55999755859375,364.5,372.3599853515625,10793200
2022-05-10,347.3808898925781,366.8399963378906,373.2200012207031,362.9100036621094,371.8999938964844,7870800
2022-05-11,341.7844543457031,360.92999267578125,371.3599853515625,360.2699890136719,365.9700012207031,8026900
2022-05-12,341.5192565917969,360.6499938964844,363.75,354.0199890136719,357.8399963378906,7679200
2022-05-13,349.5778503417969,369.1600036621094,370.5799865722656,363.6400146484375,364.7300109863281,5377400
2022-05-16,348.3278503417969,367.8399963378906,371.3500061035156,365.45001220703125,367.7099914550781,4719800
2022-05-17,355.2974853515625,375.20001220703125,375.55999755859375,370.0799865722656,373.6600036621094,4513300
2022-05-18,341.2257080078125,360.3399963378906,371.1600036621094,359.0,370.9800109863281,6883600
2022-05-19,338.9434814453125,357.92999267578125,362.2300109863281,355.8500061035156,357.1700134277344,6359500
2022-05-20,339.0287170410156,358.0199890136719,361.95001220703125,349.760009765625,361.4100036621094,8755900
2022-05-23,345.45849609375,364.80999755859375,365.57000732421875,358.8500061035156,361.0899963378906,5254900
2022-05-24,342.9680480957031,362.17999267578125,363.2099914550781,355.70001220703125,360.8500061035156,5567300
2022-05-25,345.8278503417969,365.20001220703125,367.1600036621094,360.2699890136719,360.5400085449219,5704600
2022-05-26,352.7027893066406,372.4599914550781,374.1300048828125,366.2699890136719,366.45001220703125,4248300
2022-05-27,361.54730224609375,381.79998779296875,381.8599853515625,374.79998779296875,374.94000244140625,3911800
2022-05-31,359.539794921875,379.67999267578125,382.8500061035156,376.9200134277344,380.2300109863281,5016500
2022-06-01,356.5284729003906,376.5,382.6400146484375,374.1000061035156,381.6099853515625,4245800
2022-06-02,363.2991943359375,383.6499938964844,383.739990234375,374.20001220703125,376.4100036621094,3273700
2022-06-03,357.4186096191406,377.44000244140625,380.6000061035156,376.4800109863281,379.1099853515625,2749500
2022-06-06,358.39398193359375,378.4700012207031,382.9599914550781,377.4100036621094,381.3299865722656,2659500
2022-06-07,361.89776611328125,382.1700134277344,382.6099853515625,374.7099914550781,375.1600036621094,2649900
2022-06-08,357.93939208984375,377.989990234375,382.2300109863281,377.260009765625,380.5,3436400
2022-06-09,349.5210266113281,369.1000061035156,378.44000244140625,369.0199890136719,376.239990234375,3022000
2022-06-10,339.2655029296875,358.2699890136719,363.69000244140625,358.2300109863281,362.92999267578125,7629700
2022-06-13,326.18804931640625,344.4599914550781,350.8399963378906,343.05999755859375,349.1099853515625,10399700
2022-06-14,325.3736572265625,343.6000061035156,347.32000732421875,340.57000732421875,346.3699951171875,7584200
2022-06-15,330.03265380859375,348.5199890136719,352.8399963378906,341.9700012207031,346.82000732421875,7887600
2022-06-16,319.1900329589844,337.07000732421875,340.8399963378906,334.57000732421875,340.4800109863281,8821900
2022-06-17,320.02337646484375,337.95001220703125,340.8699951171875,334.239990234375,337.30999755859375,7084000
2022-06-21,327.8641357421875,346.2300109863281,347.5,343.1099853515625,343.19000244140625,5628300
2022-06-22,327.1728820800781,345.5,349.510009765625,341.6300048828125,342.0799865722656,4876100
2022-06-23,330.61029052734375,349.1300048828125,349.6099853515625,344.1400146484375,347.6300048828125,6708800
2022-06-24,340.9037170410156,360.0,360.0199890136719,351.9700012207031,352.0299987792969,5458600
2022-06-27,339.6252746582031,358.6499938964844,361.1499938964844,357.57000732421875,361.0,4608600
2022-06-28,332.28643798828125,350.8999938964844,362.8399963378906,350.8999938964844,360.0799865722656,8797800
2022-06-29,332.4499816894531,349.6400146484375,351.3599853515625,347.80999755859375,350.42999267578125,3775900
2022-06-30,329.8256530761719,346.8800048828125,349.8399963378906,342.45001220703125,345.8800048828125,7159600
2022-07-01,333.2107238769531,350.44000244140625,350.8299865722656,343.5899963378906,346.1600036621094,7481500
2022-07-05,333.8001708984375,351.05999755859375,351.1000061035156,342.7799987792969,345.4800109863281,6180600
2022-07-06,335.0076904296875,352.3299865722656,354.67999267578125,348.92999267578125,351.2300109863281,5450900
2022-07-07,339.9235534667969,357.5,358.29998779296875,354.0,354.010009765625,3737500
2022-07-08,339.7238464355469,357.2900085449219,359.04998779296875,354.4700012207031,355.9100036621094,4791300
2022-07-11,335.8824768066406,353.25,355.57000732421875,352.510009765625,354.8399963378906,3491700
2022-07-12,332.7828063964844,349.989990234375,354.8999938964844,348.3800048828125,352.6000061035156,4080300
2022-07-13,331.23291015625,348.3599853515625,351.0,344.3699951171875,344.739990234375,5603500
2022-07-14,330.3581237792969,347.44000244140625,347.95001220703125,341.04998779296875,343.4100036621094,4624800
2022-07-15,336.6051330566406,354.010009765625,354.1099853515625,349.79998779296875,351.7300109863281,4520500
2022-07-18,333.819091796875,351.0799865722656,357.6199951171875,349.9200134277344,356.9700012207031,3544900
2022-07-19,342.88055419921875,360.6099853515625,361.0899963378906,354.25,354.95001220703125,3620200
2022-07-20,345.0771179199219,362.9200134277344,364.239990234375,359.45001220703125,360.70001220703125,4270600
2022-07-21,348.56658935546875,366.5899963378906,366.6199951171875,360.010009765625,362.3599853515625,4604000
2022-07-22,345.39080810546875,363.25,367.8399963378906,361.010009765625,366.69000244140625,4533900
2022-07-25,345.73309326171875,363.6099853515625,364.44000244140625,361.45001220703125,363.8399963378906,3902200
2022-07-26,341.5874938964844,359.25,362.2099914550781,358.45001220703125,362.1199951171875,2987200
2022-07-27,350.53485107421875,368.6600036621094,370.3299865722656,362.2200012207031,362.489990234375,4500300
2022-07-28,354.96575927734375,373.32000732421875,373.9100036621094,365.9800109863281,369.4200134277344,4345300
2022-07-29,360.16680908203125,378.7900085449219,379.6600036621094,373.92999267578125,374.7300109863281,5246400
2022-08-01,359.0828857421875,377.6499938964844,380.010009765625,375.44000244140625,376.1199951171875,4421400
2022-08-02,356.7628479003906,375.2099914550781,379.6300048828125,373.95001220703125,376.1099853515625,4132600
2022-08-03,362.3346862792969,381.07000732421875,382.1000061035156,376.9100036621094,377.19000244140625,3854800
2022-08-04,362.0494384765625,380.7699890136719,381.5299987792969,379.19000244140625,380.8800048828125,3410600
2022-08-05,361.29833984375,379.9800109863281,380.70001220703125,376.5400085449219,376.6499938964844,2852100
2022-08-08,360.97503662109375,379.6400146484375,383.9100036621094,378.57000732421875,381.7799987792969,3450800
2022-08-09,359.548828125,378.1400146484375,379.4100036621094,377.1000061035156,379.0199890136719,2360500
2022-08-10,367.0793762207031,386.05999755859375,386.2300109863281,383.1000061035156,384.989990234375,3651000
2022-08-11,367.0793762207031,386.05999755859375,390.6499938964844,385.3999938964844,388.8699951171875,3575400
2022-08-12,373.36444091796875,392.6700134277344,392.7200012207031,387.0899963378906,387.95001220703125,3664400
2022-08-15,374.9618225097656,394.3500061035156,394.760009765625,390.4599914550781,390.489990234375,3203900
2022-08-16,375.6179504394531,395.0400085449219,396.8900146484375,392.44000244140625,393.239990234375,3864800
2022-08-17,373.0506286621094,392.3399963378906,394.8500061035156,390.2900085449219,391.55999755859375,3222300
2022-08-18,374.20111083984375,393.54998779296875,394.0199890136719,391.1700134277344,392.4200134277344,3258100
2022-08-19,369.0380859375,388.1199951171875,390.95001220703125,387.25,390.70001220703125,2899000
2022-08-22,361.2602844238281,379.94000244140625,383.5400085449219,379.0899963378906,383.42999267578125,4153700
2022-08-23,360.4045715332031,379.0400085449219,381.8699951171875,378.5199890136719,379.55999755859375,2869200
2022-08-24,361.49798583984375,380.19000244140625,381.5799865722656,378.17999267578125,378.8999938964844,2241200
2022-08-25,366.7656555175781,385.7300109863281,385.7300109863281,380.70001220703125,381.760009765625,2631300
2022-08-26,354.1956481933594,372.510009765625,386.04998779296875,372.510009765625,385.54998779296875,5153200
2022-08-29,351.8564758300781,370.04998779296875,373.04998779296875,368.7799987792969,369.7699890136719,4953200
2022-08-30,348.0341491699219,366.0299987792969,371.45001220703125,364.0199890136719,371.29998779296875,5044500
2022-08-31,345.2957458496094,363.1499938964844,368.7900085449219,363.1099853515625,367.6099853515625,4062500
2022-09-01,346.3606872558594,364.2699890136719,364.70001220703125,358.510009765625,361.1000061035156,6126800
2022-09-02,342.728515625,360.45001220703125,369.1300048828125,358.7799987792969,367.95001220703125,4544200
2022-09-06,341.5780334472656,359.239990234375,362.2799987792969,357.0,361.3599853515625,5680300
2022-09-07,347.70135498046875,365.67999267578125,366.3800048828125,358.69000244140625,358.8599853515625,4137000
2022-09-08,349.973876953125,368.07000732421875,368.4800109863281,362.2699890136719,363.3800048828125,3692000
2022-09-09,355.3746337890625,373.75,374.6099853515625,369.9800109863281,370.239990234375,2621600
2022-09-12,359.2825622558594,377.8599853515625,378.510009765625,375.510009765625,375.82000732421875,2961400
2022-09-13,343.6128234863281,361.3800048828125,370.5299987792969,360.2799987792969,369.3399963378906,5549200
2022-09-14,344.89642333984375,362.7300109863281,364.1700134277344,359.5299987792969,362.5799865722656,3555500
2022-09-15,341.04559326171875,358.67999267578125,363.9700012207031,357.3999938964844,361.1600036621094,3807500
2022-09-16,338.3641052246094,355.8599853515625,356.4800109863281,352.69000244140625,354.55999755859375,4452300
2022-09-19,340.9599609375,358.5899963378906,358.5899963378906,352.75,352.79998779296875,3412600
2022-09-20,337.11865234375,354.54998779296875,356.3800048828125,351.8299865722656,355.3800048828125,3624000
2022-09-21,331.1853942871094,348.30999755859375,359.29998779296875,348.30999755859375,356.3800048828125,5102400
2022-09-22,328.3898620605469,345.3699951171875,348.5400085449219,344.6700134277344,347.54998779296875,5555600
2022-09-23,322.93206787109375,339.6300048828125,342.0799865722656,335.30999755859375,342.0799865722656,10491500
2022-09-26,319.8038635253906,336.3399963378906,341.6600036621094,335.07000732421875,338.2300109863281,5405700
2022-09-27,318.900634765625,335.3900146484375,341.8399963378906,333.0799865722656,339.7900085449219,5795700
2022-09-28,325.1645812988281,340.4800109863281,342.1000061035156,333.17999267578125,334.79998779296875,8683900
2022-09-29,318.3839111328125,333.3800048828125,337.29998779296875,330.5299987792969,337.1499938964844,7230100
2022-09-30,313.53240966796875,328.29998779296875,336.19000244140625,328.1199951171875,332.57000732421875,7736600
2022-10-03,321.822021484375,336.9800109863281,338.6600036621094,330.1000061035156,331.7900085449219,5739000
2022-10-04,331.591796875,347.2099914550781,347.3299865722656,342.1300048828125,342.1400146484375,5110000
2022-10-05,331.0188293457031,346.6099853515625,348.6400146484375,340.8599853515625,343.1199951171875,4755800
2022-10-06,327.532958984375,342.9599914550781,347.9800109863281,342.489990234375,345.17999267578125,3879600
2022-10-07,318.336181640625,333.3299865722656,339.3399963378906,331.6499938964844,339.0799865722656,5168100
2022-10-10,315.958251953125,330.8399963378906,334.6700134277344,328.6600036621094,334.4700012207031,3933900
2022-10-11,313.8761901855469,328.6600036621094,333.55999755859375,326.8500061035156,329.20001220703125,4968100
2022-10-12,312.9021301269531,327.6400146484375,330.5799865722656,327.44000244140625,329.1499938964844,3235100
2022-10-13,321.09619140625,336.2200012207031,337.67999267578125,319.8699951171875,320.8399963378906,6396900
2022-10-14,313.8667297363281,328.6499938964844,340.19000244140625,328.0299987792969,338.6199951171875,4879400
2022-10-17,321.8410949707031,337.0,338.1000061035156,334.4599914550781,334.57000732421875,3889500
2022-10-18,325.6325378417969,340.9700012207031,345.0,337.7699890136719,344.67999267578125,4903300
2022-10-19,323.378662109375,338.6099853515625,341.6700134277344,335.8999938964844,339.0400085449219,4403200
2022-10-20,320.7236633300781,335.8299865722656,342.4200134277344,335.04998779296875,338.1700134277344,3459100
2022-10-21,328.4306640625,343.8999938964844,344.3900146484375,334.1300048828125,335.5,4362400
2022-10-24,332.43218994140625,348.0899963378906,349.2300109863281,342.8699951171875,345.45001220703125,5639400
2022-10-25,337.8376770019531,353.75,354.0299987792969,348.0299987792969,348.04998779296875,5203400
2022-10-26,335.31640625,351.1099853515625,356.1700134277344,350.44000244140625,350.70001220703125,4277700
2022-10-27,333.52093505859375,349.2300109863281,353.7900085449219,348.6000061035156,352.04998779296875,4145300
2022-10-28,341.3043518066406,357.3800048828125,357.9800109863281,348.95001220703125,349.0400085449219,4388100
2022-10-31,338.9837341308594,354.95001220703125,356.9200134277344,354.04998779296875,355.1600036621094,6431000
2022-11-01,337.6179504394531,353.5199890136719,358.7699890136719,352.2900085449219,358.5299987792969,8014300
2022-11-02,329.0037536621094,344.5,357.1300048828125,344.4100036621094,352.7799987792969,5022500
2022-11-03,325.4987487792969,340.8299865722656,343.80999755859375,338.8999938964844,341.3399963378906,4534800
2022-11-04,330.26434326171875,345.82000732421875,348.0199890136719,340.0,346.4100036621094,3655400
2022-11-07,333.43499755859375,349.1400146484375,349.7099914550781,345.1000061035156,347.05999755859375,3316600
2022-11-08,335.24957275390625,351.0400085449219,353.8699951171875,347.0799865722656,350.2099914550781,3237200
2022-11-09,328.40203857421875,343.8699951171875,350.2200012207031,343.3599853515625,349.0799865722656,3570800
2022-11-10,346.37548828125,362.69000244140625,363.010009765625,354.4100036621094,356.5199890136719,4603600
2022-11-11,349.68939208984375,366.1600036621094,367.0199890136719,361.739990234375,363.69000244140625,4877400
2022-11-14,346.8816833496094,363.2200012207031,367.7900085449219,362.8900146484375,364.57000732421875,5274300
2022-11-15,349.7467346191406,366.2200012207031,369.739990234375,362.5899963378906,368.6499938964844,4597800
2022-11-16,347.091796875,363.44000244140625,365.5199890136719,362.8500061035156,364.70001220703125,2755100
2022-11-17,346.08905029296875,362.3900146484375,362.989990234375,358.57000732421875,358.79998779296875,3278500
2022-11-18,347.61700439453125,363.989990234375,365.5899963378906,361.2300109863281,365.4599914550781,2574400
2022-11-21,346.3945617675781,362.7099914550781,363.739990234375,360.8699951171875,362.7699890136719,2397900
2022-11-22,351.00732421875,367.5400085449219,367.67999267578125,363.2099914550781,364.510009765625,2316000
2022-11-23,353.20391845703125,369.8399963378906,370.3599853515625,367.0199890136719,367.2099914550781,2590900
2022-11-25,353.1656494140625,369.79998779296875,370.3399963378906,369.05999755859375,369.3900146484375,1423400
2022-11-28,347.578857421875,363.95001220703125,368.3800048828125,363.1499938964844,366.8599853515625,3553600
2022-11-29,346.96759033203125,363.30999755859375,365.17999267578125,361.4800109863281,363.92999267578125,2507800
2022-11-30,357.6446838378906,374.489990234375,374.5899963378906,361.6499938964844,363.45001220703125,4748800
2022-12-01,357.69244384765625,374.5400085449219,377.0,372.04998779296875,375.8699951171875,4608600
2022-12-02,357.1767578125,374.0,374.8800048828125,369.6600036621094,369.6600036621094,3596000
2022-12-05,350.81634521484375,367.3399963378906,372.19000244140625,365.989990234375,371.2799987792969,3707000
2022-12-06,345.7451477050781,362.0299987792969,367.6099853515625,359.92999267578125,367.0899963378906,3911000
2022-12-07,345.07666015625,361.3299865722656,363.6099853515625,360.30999755859375,361.04998779296875,3338000
2022-12-08,347.7984619140625,364.17999267578125,365.1499938964844,361.6000061035156,363.1300048828125,3604500
2022-12-09,345.2580871582031,361.5199890136719,365.44000244140625,361.3399963378906,363.0,4271400
2022-12-12,350.1860656738281,366.67999267578125,366.67999267578125,361.5799865722656,362.2799987792969,2946200
2022-12-13,352.7741394042969,369.3900146484375,377.19000244140625,366.79998779296875,377.1099853515625,6161800
2022-12-14,350.64434814453125,367.1600036621094,372.79998779296875,364.25,369.1000061035156,4707100
2022-12-15,342.0205993652344,358.1300048828125,363.239990234375,356.4599914550781,362.4700012207031,5126800
2022-12-16,337.9426574707031,353.8599853515625,356.8299865722656,351.7900085449219,355.6499938964844,4533100
2022-12-19,335.0299072265625,350.80999755859375,354.3399963378906,349.25,354.1300048828125,5538500
2022-12-20,335.5404357910156,349.6700134277344,351.1700134277344,347.2099914550781,348.45001220703125,5068200
2022-12-21,340.55908203125,354.8999938964844,355.95001220703125,351.70001220703125,352.20001220703125,3832400
2022-12-22,335.77069091796875,349.9100036621094,352.25,344.3399963378906,351.9800109863281,6458200
2022-12-23,337.6514587402344,351.8699951171875,351.95001220703125,347.3500061035156,348.92999267578125,4572000
2022-12-27,336.3080749511719,350.4700012207031,352.0400085449219,348.8500061035156,351.760009765625,4303200
2022-12-28,332.18182373046875,346.1700134277344,352.20001220703125,345.8999938964844,350.4200134277344,4464600
2022-12-29,338.0737609863281,352.30999755859375,353.1300048828125,348.4700012207031,348.9100036621094,4086600
2022-12-30,337.14288330078125,351.3399963378906,351.489990234375,347.760009765625,349.7900085449219,5325400
2023-01-03,335.84747314453125,349.989990234375,355.0400085449219,347.19000244140625,353.17999267578125,4957300
2023-01-04,338.265625,352.510009765625,354.55999755859375,349.20001220703125,352.1000061035156,3119100
2023-01-05,334.5711975097656,348.6600036621094,350.79998779296875,348.05999755859375,350.7300109863281,3216500
2023-01-06,342.1807861328125,356.5899963378906,357.6700134277344,348.739990234375,351.5899963378906,3464800
2023-01-09,341.9312744140625,356.3299865722656,361.7300109863281,356.2200012207031,358.7300109863281,3775300
2023-01-10,344.36859130859375,358.8699951171875,358.95001220703125,354.9599914550781,355.8399963378906,3495700
2023-01-11,348.7635803222656,363.45001220703125,363.510009765625,359.6600036621094,360.4100036621094,5710500
2023-01-12,350.06854248046875,364.80999755859375,366.1499938964844,360.6000061035156,364.4800109863281,4743500
2023-01-13,351.43121337890625,366.2300109863281,366.7300109863281,361.4700012207031,361.67999267578125,3015200
2023-01-17,350.8938293457031,365.6700134277344,367.7200012207031,364.8699951171875,366.19000244140625,4942000
2023-01-18,345.1938781738281,359.7300109863281,367.6600036621094,359.5799865722656,366.6700134277344,3931800
2023-01-19,342.7085266113281,357.1400146484375,359.3599853515625,355.8500061035156,357.760009765625,3569900
2023-01-20,349.0130615234375,363.7099914550781,363.9100036621094,356.8800048828125,358.45001220703125,3265100
2023-01-23,353.2640686035156,368.1400146484375,370.0,363.6499938964844,364.510009765625,3243300
2023-01-24,352.8898010253906,367.75,368.6099853515625,365.4200134277344,366.57000732421875,2702400
2023-01-25,353.01458740234375,367.8800048828125,368.1600036621094,361.6600036621094,363.7799987792969,3061700
2023-01-26,356.78570556640625,371.80999755859375,372.05999755859375,367.6099853515625,370.4599914550781,3460900
2023-01-27,357.8028869628906,372.8699951171875,375.0799865722656,370.760009765625,370.8900146484375,5549500
2023-01-30,353.3312072753906,368.2099914550781,372.2900085449219,367.8599853515625,370.1499938964844,3280600
2023-01-31,358.34991455078125,373.44000244140625,373.5400085449219,368.3299865722656,368.6099853515625,4181700
2023-02-01,362.2746276855469,377.5299987792969,380.1600036621094,369.760009765625,372.44000244140625,4941700
2023-02-02,367.46600341796875,382.94000244140625,384.4100036621094,379.3999938964844,381.25,5207900
2023-02-03,363.5412902832031,378.8500061035156,383.20001220703125,377.7900085449219,378.2300109863281,6472500
2023-02-06,361.4397277832031,376.6600036621094,377.92999267578125,375.0199890136719,376.5799865722656,2880100
2023-02-07,366.1033630371094,381.5199890136719,382.75,374.6199951171875,375.7900085449219,4504600
2023-02-08,362.0922546386719,377.3399963378906,380.92999267578125,376.7300109863281,379.69000244140625,2921500
2023-02-09,358.9928283691406,374.1099853515625,381.0,372.95001220703125,380.9700012207031,3327700
2023-02-10,359.86602783203125,375.0199890136719,375.3900146484375,372.20001220703125,373.0,3256700
2023-02-13,364.02105712890625,379.3500061035156,379.44000244140625,375.20001220703125,375.6499938964844,2980600
2023-02-14,363.88671875,379.2099914550781,381.4200134277344,375.45001220703125,377.9599914550781,4718000
2023-02-15,365.1054382324219,380.4800109863281,380.5299987792969,376.3299865722656,377.1499938964844,2820200
2023-02-16,360.0291748046875,375.19000244140625,379.42999267578125,375.0899963378906,375.6600036621094,3077500
2023-02-17,359.0983581542969,374.2200012207031,374.45001220703125,371.32000732421875,373.17999267578125,3285300
2023-02-21,351.9686279296875,366.7900085449219,371.3399963378906,366.4800109863281,370.3999938964844,3109200
2023-02-22,351.5271911621094,366.3299865722656,368.6000061035156,364.8399963378906,367.17999267578125,3872000
2023-02-23,353.2928161621094,368.1700134277344,369.57000732421875,364.1300048828125,369.07000732421875,2867200
2023-02-24,349.5120544433594,364.2300109863281,365.0299987792969,361.7300109863281,363.30999755859375,4055000
2023-02-27,350.7210998535156,365.489990234375,368.7699890136719,364.5899963378906,367.489990234375,3300100
2023-02-28,349.3968811035156,364.1099853515625,366.8599853515625,364.04998779296875,365.010009765625,3022200
2023-03-01,348.12066650390625,362.7799987792969,364.510009765625,361.45001220703125,363.3399963378906,3764700
2023-03-02,350.7210998535156,365.489990234375,366.3599853515625,360.5299987792969,360.80999755859375,2727200
2023-03-03,356.27716064453125,371.2799987792969,371.6700134277344,366.70001220703125,367.2900085449219,4913600
2023-03-06,356.708984375,371.7300109863281,374.44000244140625,371.29998779296875,372.260009765625,2638300
2023-03-07,351.1913146972656,365.9800109863281,371.8900146484375,365.3900146484375,371.6300048828125,3546100
2023-03-08,351.73828125,366.54998779296875,367.29998779296875,364.44000244140625,366.1099853515625,2906300
2023-03-09,345.2994079589844,359.8399963378906,368.8800048828125,358.8500061035156,367.3500061035156,4409600
2023-03-10,340.34796142578125,354.67999267578125,361.239990234375,353.1400146484375,359.3299865722656,8360400
2023-03-13,339.7721252441406,354.0799865722656,358.6700134277344,349.760009765625,350.760009765625,6478700
2023-03-14,345.41455078125,359.9599914550781,361.510009765625,355.6300048828125,358.8800048828125,4798800
2023-03-15,343.2843017578125,357.739990234375,357.8800048828125,352.57000732421875,354.4599914550781,6610400
2023-03-16,349.1570129394531,363.8599853515625,364.260009765625,354.989990234375,355.5400085449219,5016700
2023-03-17,345.3377990722656,359.8800048828125,363.7900085449219,358.4200134277344,362.760009765625,5189900
2023-03-20,348.45648193359375,363.1300048828125,363.5799865722656,359.82000732421875,360.4700012207031,3099800
2023-03-21,353.01458740234375,367.8800048828125,368.4100036621094,364.8800048828125,366.4200134277344,4117600
2023-03-22,347.16107177734375,361.7799987792969,371.2200012207031,361.6600036621094,367.7799987792969,4094800
2023-03-23,347.98626708984375,362.6400146484375,368.2900085449219,360.1199951171875,364.4800109863281,4787200
2023-03-24,350.3055725097656,363.55999755859375,363.6300048828125,357.7200012207031,359.9800109863281,3740400
2023-03-27,350.8836669921875,364.1600036621094,366.42999267578125,363.3999938964844,365.7300109863281,4144800
2023-03-28,350.26702880859375,363.5199890136719,364.20001220703125,361.67999267578125,363.5400085449219,2413700
2023-03-29,355.2485046386719,368.69000244140625,368.94000244140625,366.2900085449219,367.3999938964844,3636100
2023-03-30,357.3683166503906,370.8900146484375,371.4800109863281,369.1000061035156,371.2300109863281,3316700
2023-03-31,362.3594055175781,376.07000732421875,376.3399963378906,371.6499938964844,371.7799987792969,4159800
2023-04-03,363.7951354980469,377.55999755859375,377.9100036621094,375.2200012207031,375.6000061035156,3525300
2023-04-04,361.7427978515625,375.42999267578125,378.3999938964844,374.1300048828125,378.19000244140625,2713300
2023-04-05,360.865966796875,374.5199890136719,375.4200134277344,372.8900146484375,374.7099914550781,3227700
2023-04-06,362.24383544921875,375.95001220703125,376.19000244140625,372.7200012207031,373.6700134277344,3076200
2023-04-10,362.63885498046875,376.3599853515625,376.3900146484375,372.9599914550781,373.54998779296875,2671100
2023-04-11,362.6871032714844,376.4100036621094,377.760009765625,375.69000244140625,376.8999938964844,3069000
2023-04-12,361.24176025390625,374.9100036621094,378.6199951171875,374.32000732421875,378.3999938964844,3624200
2023-04-13,365.924560546875,379.7699890136719,380.1700134277344,375.44000244140625,375.9100036621094,2680900
2023-04-14,365.1729431152344,378.989990234375,381.3299865722656,376.7200012207031,379.2699890136719,2981700
2023-04-17,366.4159851074219,380.2799987792969,380.32000732421875,377.67999267578125,378.8399963378906,2721000
2023-04-18,366.6665344238281,380.5400085449219,381.9200134277344,379.239990234375,381.8399963378906,3019300
2023-04-19,366.647216796875,380.5199890136719,381.3299865722656,378.6700134277344,378.7300109863281,2671300
2023-04-20,364.5756530761719,378.3699951171875,380.07000732421875,376.94000244140625,377.7799987792969,2953200
2023-04-21,364.78759765625,378.5899963378906,379.1000061035156,376.82000732421875,378.67999267578125,2762300
2023-04-24,365.26934814453125,379.0899963378906,379.4700012207031,377.2300109863281,378.4800109863281,2310400
2023-04-25,359.49774169921875,373.1000061035156,377.70001220703125,373.0199890136719,377.17999267578125,3795400
2023-04-26,357.89825439453125,371.44000244140625,374.67999267578125,370.9800109863281,373.6600036621094,3766900
2023-04-27,364.9995422363281,378.80999755859375,379.1300048828125,373.6700134277344,373.8900146484375,4302400
2023-04-28,368.12139892578125,382.04998779296875,382.1199951171875,378.0,378.0400085449219,3386900
2023-05-01,367.8709411621094,381.7900085449219,383.6400146484375,381.5199890136719,381.7300109863281,3069300
2023-05-02,363.7469787597656,377.510009765625,381.1099853515625,374.6700134277344,381.05999755859375,4311600
2023-05-03,361.21282958984375,374.8800048828125,380.20001220703125,374.6000061035156,377.9100036621094,5513000
2023-05-04,358.57269287109375,372.1400146484375,374.1099853515625,370.9200134277344,373.8399963378906,4421500
2023-05-05,365.15374755859375,378.9700012207031,380.0899963378906,375.42999267578125,375.739990234375,3139400
2023-05-08,365.3560791015625,379.17999267578125,379.6199951171875,377.8800048828125,379.4100036621094,2957600
2023-05-09,363.7759094238281,377.5400085449219,378.5799865722656,377.3299865722656,377.7099914550781,2271000
2023-05-10,365.3656921386719,379.19000244140625,380.8299865722656,375.6400146484375,380.2799987792969,3512900
2023-05-11,364.8550720214844,378.6600036621094,378.8800048828125,376.6700134277344,378.4700012207031,2676600
2023-05-12,364.3636474609375,378.1499938964844,380.010009765625,375.8399963378906,379.8500061035156,2531000
2023-05-15,365.62591552734375,379.4599914550781,379.8399963378906,376.9100036621094,378.739990234375,3882600
2023-05-16,363.2073669433594,376.95001220703125,379.2799987792969,376.9100036621094,378.3900146484375,2275300
2023-05-17,367.5433349609375,381.45001220703125,382.0899963378906,377.2799987792969,378.8500061035156,3222600
2023-05-18,371.1372985839844,385.17999267578125,385.57000732421875,381.0,381.260009765625,3340600
2023-05-19,370.5495910644531,384.57000732421875,386.5400085449219,383.44000244140625,386.0199890136719,3649000
2023-05-22,370.751953125,384.7799987792969,386.2300109863281,383.4700012207031,384.6600036621094,2784000
2023-05-23,366.60870361328125,380.4800109863281,384.1099853515625,380.0799865722656,383.19000244140625,2887300
2023-05-24,363.8625793457031,377.6300048828125,379.25,376.57000732421875,378.9100036621094,3611600
2023-05-25,367.03265380859375,380.9200134277344,382.2799987792969,378.9200134277344,380.989990234375,3315900
2023-05-26,371.80218505859375,385.8699951171875,386.57000732421875,381.5400085449219,381.6400146484375,3042800
2023-05-30,371.91778564453125,385.989990234375,388.260009765625,384.760009765625,387.760009765625,3968500
2023-05-31,369.89434814453125,383.8900146484375,385.1600036621094,382.4200134277344,384.30999755859375,4205300
2023-06-01,373.4402160644531,387.57000732421875,388.57000732421875,382.9700012207031,384.20001220703125,3563600
2023-06-02,378.9228210449219,393.260009765625,393.9599914550781,389.5400085449219,390.0799865722656,7368900
2023-06-05,378.19049072265625,392.5,394.7699890136719,391.7900085449219,393.5400085449219,3481200
2023-06-06,378.970947265625,393.30999755859375,393.7900085449219,391.4100036621094,392.04998779296875,2894700
2023-06-07,377.7279052734375,392.0199890136719,394.760009765625,391.5400085449219,393.6700134277344,3942900
2023-06-08,379.9922180175781,394.3699951171875,394.7300109863281,391.2900085449219,391.9599914550781,3455400
2023-06-09,380.6282653808594,395.0299987792969,396.92999267578125,394.0799865722656,395.04998779296875,3060100
2023-06-12,384.1258544921875,398.6600036621094,398.69000244140625,395.29998779296875,395.9800109863281,3792700
2023-06-13,386.6600036621094,401.2900085449219,401.8500061035156,399.3999938964844,400.0199890136719,3913100
2023-06-14,386.95880126953125,401.6000061035156,403.44000244140625,398.4599914550781,401.6099853515625,5161300
2023-06-15,391.9209289550781,406.75,407.92999267578125,400.8900146484375,401.0,5285000
2023-06-16,390.47564697265625,405.25,408.760009765625,404.8900146484375,408.69000244140625,5141900
2023-06-20,388.67376708984375,403.3800048828125,404.32000732421875,401.260009765625,403.489990234375,4242900
2023-06-21,386.54437255859375,401.1700134277344,403.05999755859375,400.6700134277344,402.30999755859375,3423500
2023-06-22,387.95111083984375,402.6300048828125,402.7200012207031,399.95001220703125,400.2799987792969,3141000
2023-06-23,385.041259765625,399.6099853515625,401.2799987792969,398.92999267578125,399.3299865722656,4215300
2023-06-26,383.4513854980469,397.9599914550781,400.8599853515625,397.7300109863281,399.0400085449219,3250700
2023-06-27,387.70062255859375,402.3699951171875,402.92999267578125,398.3900146484375,398.79998779296875,4302400
2023-06-28,387.87408447265625,402.54998779296875,403.489990234375,400.7099914550781,401.3500061035156,4320700
2023-06-29,389.35992431640625,402.510009765625,402.6700134277344,400.19000244140625,400.6000061035156,3914800
2023-06-30,393.9740295410156,407.2799987792969,408.2200012207031,405.2900085449219,405.3999938964844,5173700
2023-07-03,394.72857666015625,408.05999755859375,408.05999755859375,406.67999267578125,406.9200134277344,2372000
2023-07-05,393.8482666015625,407.1499938964844,407.8399963378906,406.010009765625,406.010009765625,4230100
2023-07-06,390.63671875,403.8299865722656,404.3500061035156,401.55999755859375,403.7799987792969,6040300
2023-07-07,389.72747802734375,402.8900146484375,406.67999267578125,402.7099914550781,403.0299987792969,3673200
2023-07-10,390.772216796875,403.9700012207031,404.1099853515625,402.05999755859375,402.6300048828125,3362300
2023-07-11,393.277587890625,406.55999755859375,407.0,403.7699890136719,404.7699890136719,3177800
2023-07-12,396.373046875,409.760009765625,411.1300048828125,408.7900085449219,410.19000244140625,4246400
2023-07-13,399.60394287109375,413.1000061035156,413.80999755859375,411.1300048828125,411.5400085449219,3273400
2023-07-14,399.28472900390625,412.7699890136719,414.7099914550781,412.0799865722656,413.94000244140625,3680900
2023-07-17,400.6776123046875,414.2099914550781,415.25,412.6300048828125,412.6499938964844,2963700
2023-07-18,403.71502685546875,417.3500061035156,417.92999267578125,413.5400085449219,413.9100036621094,3594000
2023-07-19,404.5856018066406,418.25,419.3699951171875,417.489990234375,418.07000732421875,3494900
2023-07-20,401.94488525390625,415.5199890136719,418.1600036621094,414.82000732421875,417.29998779296875,4085000
2023-07-21,401.99322509765625,415.57000732421875,417.29998779296875,415.4800109863281,417.1099853515625,3176700
2023-07-24,403.6956787109375,417.3299865722656,418.1000061035156,416.0199890136719,416.5799865722656,3471100
2023-07-25,404.8855285644531,418.55999755859375,419.6499938964844,417.07000732421875,417.0799865722656,3949300
2023-07-26,404.98223876953125,418.6600036621094,419.8900146484375,416.5799865722656,417.6199951171875,6138800
2023-07-27,402.235107421875,415.82000732421875,422.1499938964844,414.9200134277344,421.7900085449219,4149400
2023-07-28,406.15277099609375,419.8699951171875,420.6199951171875,418.1600036621094,418.92999267578125,2701200
2023-07-31,406.936279296875,420.67999267578125,420.9700012207031,419.04998779296875,420.32000732421875,3452100
2023-08-01,405.6787414550781,419.3800048828125,420.0799865722656,418.54998779296875,419.260009765625,3118000
2023-08-02,400.0585632324219,413.57000732421875,416.70001220703125,412.8800048828125,416.4599914550781,4973700
2023-08-03,398.92681884765625,412.3999938964844,414.19000244140625,411.0899963378906,411.67999267578125,3022300
2023-08-04,396.9728088378906,410.3800048828125,416.1300048828125,410.0299987792969,414.1499938964844,5717300
2023-08-07,400.5518798828125,414.0799865722656,414.239990234375,411.6400146484375,412.2900085449219,2598000
2023-08-08,398.8204040527344,412.2900085449219,412.739990234375,409.1300048828125,411.760009765625,3780100
2023-08-09,396.169921875,409.54998779296875,412.7300109863281,408.8500061035156,412.6600036621094,3145900
2023-08-10,396.40203857421875,409.7900085449219,415.04998779296875,408.6199951171875,411.79998779296875,4588300
2023-08-11,396.0344543457031,409.4100036621094,410.4100036621094,407.3399963378906,407.95001220703125,2918900
2023-08-14,398.2690124511719,411.7200012207031,411.739990234375,408.30999755859375,408.55999755859375,2772900
2023-08-15,393.70318603515625,407.0,411.7099914550781,406.4100036621094,410.0899963378906,4686100
2023-08-16,390.79156494140625,403.989990234375,408.1099853515625,403.8699951171875,406.5899963378906,3353700
2023-08-17,387.62835693359375,400.7200012207031,405.5799865722656,400.3699951171875,405.3299865722656,7102500
2023-08-18,387.9862976074219,401.0899963378906,402.0199890136719,397.8500061035156,398.1700134277344,4157700
2023-08-21,390.5497131347656,403.739990234375,404.3900146484375,399.989990234375,402.1400146484375,3292400
2023-08-22,389.4565734863281,402.6099853515625,405.3999938964844,402.05999755859375,405.3500061035156,2646100
2023-08-23,393.6548767089844,406.95001220703125,407.6700134277344,403.4700012207031,403.55999755859375,3250000
2023-08-24,388.421630859375,401.5400085449219,409.0799865722656,401.3999938964844,408.6000061035156,3458800
2023-08-25,390.99468994140625,404.20001220703125,405.79998779296875,399.7099914550781,403.0799865722656,4417800
2023-08-28,393.5677490234375,406.8599853515625,407.44000244140625,405.1000061035156,406.3599853515625,3236700
2023-08-29,399.158935546875,412.6400146484375,412.9800109863281,406.57000732421875,406.7799987792969,3482700
2023-08-30,400.82275390625,414.3599853515625,415.0299987792969,412.3999938964844,413.0299987792969,3004500
2023-08-31,400.31005859375,413.8299865722656,416.1199951171875,413.6600036621094,414.9800109863281,4751100
2023-09-01,401.16131591796875,414.7099914550781,416.8800048828125,413.2099914550781,416.4599914550781,3588000
2023-09-05,399.4104309082031,412.8999938964844,414.4700012207031,412.7699890136719,414.20001220703125,4426700
2023-09-06,396.653564453125,410.04998779296875,412.1300048828125,407.8299865722656,412.1000061035156,3744100
2023-09-07,395.4734191894531,408.8299865722656,409.42999267578125,406.8599853515625,407.1700134277344,2245800
2023-09-08,396.01513671875,409.3900146484375,410.8399963378906,408.489990234375,408.82000732421875,4124400
2023-09-11,398.6171875,412.0799865722656,412.3800048828125,410.2900085449219,411.8800048828125,3346600
2023-09-12,396.4794006347656,409.8699951171875,412.1499938964844,409.2900085449219,410.70001220703125,7595300
2023-09-13,396.9437561035156,410.3500061035156,411.3999938964844,408.989990234375,410.0299987792969,2529700
2023-09-14,400.3777770996094,413.8999938964844,414.510009765625,411.4200134277344,412.6700134277344,3660900
2023-09-15,395.3863220214844,408.739990234375,412.6700134277344,408.4800109863281,412.3399963378906,4004000
2023-09-18,395.8217468261719,409.19000244140625,410.3399963378906,408.1600036621094,408.5799865722656,3014600
2023-09-19,395.0284423828125,408.3699951171875,408.80999755859375,405.7099914550781,408.2200012207031,3623300
2023-09-20,391.333251953125,404.54998779296875,409.8399963378906,404.3299865722656,409.4599914550781,4009400
2023-09-21,384.9198913574219,397.9200134277344,402.04998779296875,397.69000244140625,401.79998779296875,4633100
2023-09-22,383.9912109375,396.9599914550781,400.3299865722656,396.55999755859375,398.79998779296875,7204200
2023-09-25,385.5872802734375,398.6099853515625,398.6400146484375,395.3699951171875,395.760009765625,3227900
2023-09-26,379.9284973144531,392.760009765625,396.3599853515625,391.9599914550781,395.7200012207031,5734700
2023-09-27,380.0155944824219,392.8500061035156,394.3900146484375,389.45001220703125,393.8399963378906,4837700
2023-09-28,382.2323303222656,393.6400146484375,395.2699890136719,390.3299865722656,390.8699951171875,4065800
2023-09-29,381.31964111328125,392.70001220703125,396.739990234375,391.29998779296875,396.6199951171875,5766600
2023-10-02,381.29046630859375,392.6700134277344,393.760009765625,389.9700012207031,391.8999938964844,5886200
2023-10-03,376.16351318359375,387.3900146484375,391.92999267578125,386.0299987792969,390.5799865722656,6886700
2023-10-04,378.9308776855469,390.239990234375,390.8500061035156,386.3999938964844,387.7300109863281,4333700
2023-10-05,378.6104431152344,389.9100036621094,390.7900085449219,386.95001220703125,389.8900146484375,3329100
2023-10-06,383.1257019042969,394.55999755859375,396.0899963378906,386.4100036621094,387.69000244140625,4897200
2023-10-09,385.6794738769531,397.19000244140625,397.69000244140625,392.30999755859375,392.7699890136719,2959500
2023-10-10,387.6700744628906,399.239990234375,401.67999267578125,397.3900146484375,397.7699890136719,3289600
2023-10-11,389.3110656738281,400.92999267578125,401.0899963378906,397.989990234375,400.2699890136719,4181800
2023-10-12,386.9708557128906,398.5199890136719,401.79998779296875,396.20001220703125,401.4800109863281,3872900
2023-10-13,384.93182373046875,396.4200134277344,400.9599914550781,394.9599914550781,399.80999755859375,3769800
2023-10-16,388.9615478515625,400.57000732421875,401.6000061035156,398.3399963378906,398.57000732421875,5150900
2023-10-17,388.97119140625,400.5799865722656,402.5,397.30999755859375,397.6300048828125,4214600
2023-10-18,383.7666015625,395.2200012207031,399.80999755859375,394.2200012207031,398.8900146484375,7329300
2023-10-19,380.5136413574219,391.8699951171875,397.6000061035156,391.1400146484375,395.9700012207031,6708900
2023-10-20,375.7750244140625,386.989990234375,391.82000732421875,386.8399963378906,391.3800048828125,7549600
2023-10-23,375.1147766113281,386.30999755859375,389.94000244140625,383.8500061035156,385.4800109863281,5537100
2023-10-24,377.9209899902344,389.20001220703125,390.260009765625,386.54998779296875,388.2799987792969,4451500
2023-10-25,372.590087890625,383.7099914550781,387.67999267578125,383.1199951171875,387.6000061035156,5471200
2023-10-26,368.0166015625,379.0,383.3999938964844,378.1499938964844,382.6300048828125,6959400
2023-10-27,366.3852844238281,377.32000732421875,380.8900146484375,375.95001220703125,380.5299987792969,5638800
2023-10-30,370.7937316894531,381.8599853515625,382.79998779296875,378.7099914550781,379.9100036621094,5795800
2023-10-31,373.0367431640625,384.1700134277344,384.4800109863281,380.55999755859375,382.3500061035156,4523200
2023-11-01,377.1441650390625,388.3999938964844,389.0799865722656,384.6199951171875,385.0899963378906,5549200
2023-11-02,384.31036376953125,395.7799987792969,395.9100036621094,391.9200134277344,391.92999267578125,4752200
2023-11-03,387.8642578125,399.44000244140625,400.8500061035156,397.8399963378906,397.9200134277344,5981400
2023-11-06,388.6119079589844,400.2099914550781,400.7300109863281,398.4599914550781,400.1199951171875,4007100
2023-11-07,389.7091369628906,401.3399963378906,402.0400085449219,399.2300109863281,400.260009765625,3358600
2023-11-08,390.0296325683594,401.6700134277344,402.5,399.55999755859375,401.989990234375,3731900
2023-11-09,387.08746337890625,398.6400146484375,402.8800048828125,398.2099914550781,402.80999755859375,4145600
2023-11-10,393.1271667480469,404.8599853515625,405.1099853515625,399.1400146484375,400.5899963378906,3992800
2023-11-13,392.7290954589844,404.45001220703125,405.489990234375,402.82000732421875,403.5899963378906,2872900
2023-11-14,400.2738952636719,412.2200012207031,413.510009765625,409.8900146484375,410.0400085449219,6973100
2023-11-15,401.1478271484375,413.1199951171875,414.7200012207031,412.3699951171875,413.5400085449219,4414800
2023-11-16,401.7109680175781,413.70001220703125,413.95001220703125,411.75,412.739990234375,3798900
2023-11-17,402.3033447265625,414.30999755859375,414.7900085449219,412.8699951171875,413.94000244140625,4696200
2023-11-20,405.3328857421875,417.42999267578125,418.20001220703125,413.9800109863281,413.989990234375,3517600
2023-11-21,404.2744445800781,416.3399963378906,416.8399963378906,415.29998779296875,416.3999938964844,5248200
2023-11-22,406.0223693847656,418.1400146484375,419.30999755859375,417.05999755859375,418.07000732421875,3692800
2023-11-24,406.24566650390625,418.3699951171875,418.489990234375,417.8399963378906,418.19000244140625,1351300
2023-11-27,405.5368347167969,417.6400146484375,418.5299987792969,417.2300109863281,417.7900085449219,3632600
2023-11-28,405.9349060058594,418.04998779296875,419.25,416.7099914550781,417.25,3382400
2023-11-29,405.6726989746094,417.7799987792969,421.1199951171875,417.3699951171875,420.05999755859375,4092600
2023-11-30,407.2457580566406,419.3999938964844,419.70001220703125,416.57000732421875,418.5400085449219,4405700
2023-12-01,409.634521484375,421.8599853515625,422.3699951171875,418.25,418.8299865722656,4973600
2023-12-04,407.5759582519531,419.739990234375,419.8699951171875,417.5,418.6499938964844,5806100
2023-12-05,407.4497375488281,419.6099853515625,420.4700012207031,418.0,418.3399963378906,3419300
2023-12-06,405.7504577636719,417.8599853515625,421.6700134277344,417.4599914550781,421.6099853515625,4201800
2023-12-07,408.9256896972656,421.1300048828125,421.6700134277344,419.2799987792969,419.80999755859375,3248300
2023-12-08,410.663818359375,422.9200134277344,423.3699951171875,420.1499938964844,420.3699951171875,5125300
2023-12-11,412.25628662109375,424.55999755859375,424.7099914550781,422.2200012207031,422.4100036621094,5247100
2023-12-12,414.30511474609375,426.6700134277344,426.6700134277344,423.2699890136719,424.2200012207031,5982600
2023-12-13,419.94677734375,432.4800109863281,432.6099853515625,426.510009765625,426.8800048828125,8659100
2023-12-14,421.1799621582031,433.75,435.3599853515625,431.239990234375,434.2200012207031,8349100
2023-12-15,420.5390319824219,433.0899963378906,434.25,432.239990234375,433.19000244140625,5326000
2023-12-18,422.9181213378906,435.5400085449219,436.3999938964844,434.45001220703125,434.6400146484375,4280500
2023-12-19,425.4913024902344,438.19000244140625,438.2200012207031,435.95001220703125,436.0400085449219,4061500
2023-12-20,419.349609375,430.0899963378906,437.30999755859375,429.8999938964844,435.510009765625,5783200
2023-12-21,423.4349670410156,434.2799987792969,434.6400146484375,430.8599853515625,433.1300048828125,4621600
2023-12-22,424.41973876953125,435.2900085449219,436.8399963378906,433.4800109863281,435.4599914550781,4037800
2023-12-26,426.1845397949219,437.1000061035156,437.9200134277344,435.5799865722656,435.6700134277344,3835800
2023-12-27,426.9645690917969,437.8999938964844,438.0199890136719,436.4200134277344,436.8999938964844,4271000
2023-12-28,427.03277587890625,437.9700012207031,438.8399963378906,437.6600036621094,438.25,4703700
2023-12-29,425.89202880859375,436.79998779296875,438.3399963378906,434.94000244140625,437.8699951171875,4376900
2024-01-02,423.1717224121094,434.010009765625,435.2699890136719,432.3599853515625,433.9100036621094,9076000
2024-01-03,420.0321350097656,430.7900085449219,433.0,430.25,432.32000732421875,4805000
2024-01-04,418.7060546875,429.42999267578125,432.7799987792969,429.2099914550781,430.3299865722656,3945300
2024-01-05,419.24237060546875,429.9800109863281,432.29998779296875,428.6400146484375,429.5899963378906,5724600
2024-01-08,425.23876953125,436.1300048828125,436.2699890136719,430.3699951171875,430.45001220703125,7222400
2024-01-09,424.2052307128906,435.07000732421875,436.42999267578125,433.1600036621094,433.6199951171875,7939600
2024-01-10,427.0035400390625,437.94000244140625,438.739990234375,435.4800109863281,435.7699890136719,4278800
2024-01-11,426.8573303222656,437.7900085449219,439.3599853515625,434.0,438.94000244140625,4796600
2024-01-12,427.05224609375,437.989990234375,439.79998779296875,436.7300109863281,439.1099853515625,5182700
2024-01-16,425.5994873046875,436.5,437.9800109863281,434.739990234375,436.7900085449219,5730800
2024-01-17,423.23016357421875,434.07000732421875,434.4800109863281,431.80999755859375,433.6000061035156,6044600
2024-01-18,426.9938049316406,437.92999267578125,438.3900146484375,434.1600036621094,435.5799865722656,4331300
2024-01-19,432.21990966796875,443.2900085449219,443.6099853515625,438.30999755859375,439.0,4836800
2024-01-22,433.2046813964844,444.29998779296875,445.9200134277344,443.67999267578125,444.7699890136719,5870400
2024-01-23,434.4917907714844,445.6199951171875,445.82000732421875,443.7799987792969,444.8299865722656,3251600
2024-01-24,434.8525085449219,445.989990234375,449.19000244140625,445.75,448.32000732421875,4568200
2024-01-25,437.2998352050781,448.5,448.760009765625,446.1099853515625,448.1400146484375,4167100
2024-01-26,437.03656005859375,448.2300109863281,449.510009765625,447.1600036621094,448.1000061035156,6404000
2024-01-29,440.21514892578125,451.489990234375,451.6099853515625,447.7099914550781,448.2300109863281,4543300
2024-01-30,439.90313720703125,451.1700134277344,451.80999755859375,450.44000244140625,450.8399963378906,3410000
2024-01-31,432.7366943359375,443.82000732421875,449.4700012207031,443.75,449.0400085449219,7108000
2024-02-01,438.430908203125,449.6600036621094,449.6600036621094,444.6499938964844,445.3500061035156,6138400
2024-02-02,442.9355163574219,454.2799987792969,455.8800048828125,449.69000244140625,450.010009765625,6253500
2024-02-05,441.3169250488281,452.6199951171875,454.1499938964844,450.5400085449219,453.7300109863281,7101900
2024-02-06,442.6917419433594,454.0299987792969,454.2900085449219,452.2099914550781,453.5799865722656,4383600
2024-02-07,446.3285827636719,457.760009765625,458.17999267578125,455.2699890136719,456.1499938964844,6763400
2024-02-08,446.6308898925781,458.07000732421875,458.3299865722656,457.0299987792969,457.80999755859375,4184600
2024-02-09,449.1659240722656,460.6700134277344,461.0299987792969,458.1700134277344,458.5400085449219,4002600
2024-02-12,448.9612121582031,460.4599914550781,462.739990234375,459.75,460.6099853515625,4564200
2024-02-13,442.6332092285156,453.9700012207031,455.70001220703125,451.0,454.4800109863281,8152200
2024-02-14,446.8453369140625,458.2900085449219,458.6700134277344,454.3999938964844,456.5799865722656,5624000
2024-02-15,449.8679504394531,461.3900146484375,461.5400085449219,458.42999267578125,458.8999938964844,5695700
2024-02-16,447.5668640136719,459.0299987792969,462.1499938964844,458.3999938964844,461.0799865722656,5527900
2024-02-20,445.1098327636719,456.510009765625,458.05999755859375,454.42999267578125,457.44000244140625,5306800
2024-02-21,445.558349609375,456.9700012207031,457.1199951171875,453.6000061035156,455.32000732421875,4208600
2024-02-22,454.9186096191406,466.57000732421875,467.3299865722656,462.32000732421875,463.2200012207031,4328500
2024-02-23,455.12335205078125,466.7799987792969,468.8699951171875,466.0899963378906,468.0899963378906,4050600
2024-02-26,453.4560546875,465.07000732421875,467.5899963378906,464.94000244140625,467.19000244140625,3450800
2024-02-27,454.2945556640625,465.92999267578125,466.1199951171875,463.9100036621094,465.7099914550781,3586900
2024-02-28,453.592529296875,465.2099914550781,465.8299865722656,464.1099853515625,464.489990234375,2800600
2024-02-29,455.26959228515625,466.92999267578125,468.489990234375,464.4700012207031,466.9700012207031,7332900
2024-03-01,459.6572265625,471.42999267578125,471.7699890136719,467.42999267578125,467.8299865722656,4839400
2024-03-04,459.1111755371094,470.8699951171875,472.6000061035156,470.6000061035156,470.6099853515625,3970200
2024-03-05,454.509033203125,466.1499938964844,469.3800048828125,464.05999755859375,468.95001220703125,4616500
2024-03-06,456.91741943359375,468.6199951171875,470.6600036621094,467.32000732421875,469.25,5325100
2024-03-07,461.4415588378906,473.260009765625,474.19000244140625,470.7799987792969,471.6300048828125,7149800
2024-03-08,458.6432189941406,470.3900146484375,476.29998779296875,469.82000732421875,473.7699890136719,6285600
2024-03-11,458.2629699707031,470.0,470.4599914550781,467.3900146484375,469.20001220703125,5323900
2024-03-12,463.1673278808594,475.0299987792969,475.54998779296875,469.57000732421875,471.9200134277344,4811000
2024-03-13,462.4653015136719,474.30999755859375,475.4700012207031,472.8999938964844,475.30999755859375,3544500
2024-03-14,461.4512634277344,473.2699890136719,475.3299865722656,470.45001220703125,475.1600036621094,5153000
2024-03-15,458.2727355957031,470.010009765625,471.7799987792969,468.7200012207031,470.4100036621094,6807100
2024-03-18,461.1392517089844,472.95001220703125,475.2799987792969,472.5,473.95001220703125,3939100
2024-03-19,463.7231140136719,475.6000061035156,475.739990234375,471.2900085449219,472.20001220703125,4550200
2024-03-20,467.7694091796875,479.75,480.0199890136719,474.92999267578125,475.5400085449219,6179400
2024-03-21,469.3294677734375,481.3500061035156,483.239990234375,481.2099914550781,482.6199951171875,5044700
2024-03-22,468.7161560058594,479.17999267578125,480.32000732421875,478.82000732421875,479.8699951171875,5881500
2024-03-25,467.5032653808594,477.94000244140625,478.7900085449219,477.54998779296875,477.7300109863281,6081300
2024-03-26,466.1925354003906,476.6000061035156,479.3699951171875,476.42999267578125,479.05999755859375,8073500
2024-03-27,470.26165771484375,480.760009765625,480.8699951171875,477.45001220703125,479.510009765625,4951400
2024-03-28,470.2029724121094,480.70001220703125,482.1600036621094,480.5,480.8699951171875,4065000
2024-04-01,469.5867614746094,480.07000732421875,481.9599914550781,478.8299865722656,481.44000244140625,5734000
2024-04-02,466.5152893066406,476.92999267578125,476.989990234375,474.7099914550781,476.3299865722656,4817800
2024-04-03,466.9359436035156,477.3599853515625,478.79998779296875,475.7900085449219,475.8399963378906,6224800
2024-04-04,461.1842956542969,471.4800109863281,481.4800109863281,471.2699890136719,481.20001220703125,6871200
2024-04-05,466.08489990234375,476.489990234375,478.3299865722656,472.4200134277344,472.8500061035156,5588200
2024-04-08,466.2707824707031,476.67999267578125,478.07000732421875,475.9700012207031,477.1499938964844,4736800
2024-04-09,466.847900390625,477.2699890136719,478.6000061035156,472.739990234375,478.3800048828125,5250400
2024-04-10,462.32879638671875,472.6499938964844,474.3900146484375,470.6700134277344,471.9100036621094,6933400
2024-04-11,465.664306640625,476.05999755859375,477.42999267578125,470.6700134277344,473.9800109863281,5109900
2024-04-12,459.3160095214844,469.57000732421875,474.04998779296875,467.9100036621094,472.7699890136719,6959700
2024-04-15,453.48614501953125,463.6099853515625,473.5899963378906,462.8500061035156,473.4700012207031,9530000
2024-04-16,452.67425537109375,462.7799987792969,465.510009765625,461.5899963378906,464.04998779296875,6761400
2024-04-17,449.9451904296875,459.989990234375,465.239990234375,458.7300109863281,465.1099853515625,7156200
2024-04-18,448.91815185546875,458.94000244140625,463.29998779296875,458.2099914550781,461.3599853515625,5637300
2024-04-19,445.1619873046875,455.1000061035156,459.94000244140625,453.8999938964844,458.989990234375,9787500
2024-04-22,449.0257568359375,459.04998779296875,461.7300109863281,455.3500061035156,457.54998779296875,5818100
2024-04-23,454.6893310546875,464.8399963378906,465.1300048828125,460.6700134277344,461.17999267578125,4257400
2024-04-24,454.35675048828125,464.5,466.30999755859375,462.44000244140625,465.57000732421875,7687800
2024-04-25,452.4786376953125,462.5799865722656,463.4599914550781,457.260009765625,458.7699890136719,4876200
2024-04-26,457.0075378417969,467.2099914550781,468.6300048828125,464.80999755859375,465.3299865722656,4907100
2024-04-29,458.6020202636719,468.8399963378906,469.4200134277344,466.2099914550781,468.8399963378906,3253200
2024-04-30,451.3537902832031,461.42999267578125,468.3399963378906,461.3599853515625,467.4200134277344,4364800
2024-05-01,449.8865051269531,459.92999267578125,467.07000732421875,459.44000244140625,460.7699890136719,6115400
2024-05-02,454.0828552246094,464.2200012207031,464.95001220703125,459.1600036621094,463.3599853515625,3972400
2024-05-03,459.7171325683594,469.9800109863281,471.0,467.44000244140625,469.760009765625,4586900
2024-05-06,464.3536071777344,474.7200012207031,474.80999755859375,471.82000732421875,472.2200012207031,4782500
2024-05-07,465.01873779296875,475.3999938964844,476.6400146484375,474.7099914550781,475.70001220703125,3451300
2024-05-08,465.038330078125,475.4200134277344,475.8599853515625,473.5,473.5899963378906,3214900
2024-05-09,467.7086486816406,478.1499938964844,478.1499938964844,474.94000244140625,475.5899963378906,3486000
2024-05-10,468.2857971191406,478.739990234375,480.3900146484375,477.5899963378906,479.69000244140625,3347200
2024-05-13,468.31512451171875,478.7699890136719,480.4200134277344,477.7300109863281,480.3500061035156,3108400
2024-05-14,470.53558349609375,481.0400085449219,481.4700012207031,478.4800109863281,478.9800109863281,3257700
2024-05-15,476.2676086425781,486.8999938964844,487.2300109863281,482.739990234375,483.3399963378906,4399500
2024-05-16,475.35791015625,485.9700012207031,488.57000732421875,485.8299865722656,487.04998779296875,3347400
2024-05-17,476.06219482421875,486.69000244140625,486.7300109863281,484.70001220703125,486.0899963378906,3274000
2024-05-20,476.53167724609375,487.1700134277344,488.6099853515625,486.45001220703125,486.7799987792969,2599600
2024-05-21,477.8131103515625,488.4800109863281,488.5799865722656,486.3500061035156,486.5299987792969,2453600
2024-05-22,476.42413330078125,487.05999755859375,488.42999267578125,484.94000244140625,487.7900085449219,3250600
2024-05-23,472.8831787109375,483.44000244140625,489.989990234375,482.2900085449219,489.9100036621094,3811300
2024-05-24,476.1012878417969,486.7300109863281,487.3999938964844,484.3299865722656,485.17999267578125,2555200
2024-05-28,476.4827880859375,487.1199951171875,487.6499938964844,484.5299987792969,487.3999938964844,4034700
2024-05-29,473.127685546875,483.69000244140625,484.67999267578125,482.9599914550781,483.19000244140625,5605000
2024-05-30,469.94866943359375,480.44000244140625,482.75,479.20001220703125,482.1199951171875,3386800
2024-05-31,474.03741455078125,484.6199951171875,484.9100036621094,476.4800109863281,481.239990234375,5334000
2024-06-03,474.5558166503906,485.1499938964844,486.4100036621094,480.3999938964844,486.29998779296875,4211300
2024-06-04,475.1329345703125,485.739990234375,486.4100036621094,482.55999755859375,484.0,2560300
2024-06-05,480.8160400390625,491.54998779296875,491.54998779296875,486.05999755859375,487.8699951171875,3026100
2024-06-06,480.70843505859375,491.44000244140625,492.17999267578125,489.6400146484375,491.8399963378906,21344000
2024-06-07,480.08245849609375,490.79998779296875,493.5299987792969,489.5400085449219,490.54998779296875,3063600
2024-06-10,481.65728759765625,492.4100036621094,492.69000244140625,489.55999755859375,490.1700134277344,3461900
2024-06-11,482.7527770996094,493.5299987792969,493.6600036621094,489.1099853515625,490.989990234375,4028400
2024-06-12,486.7730712890625,497.6400146484375,500.1499938964844,496.7099914550781,497.92999267578125,3698800
2024-06-13,487.6925354003906,498.5799865722656,499.45001220703125,496.05999755859375,499.29998779296875,8808900
2024-06-14,488.0838317871094,498.9800109863281,499.0400085449219,496.2900085449219,497.260009765625,5812000
2024-06-17,491.9573059082031,502.94000244140625,504.17999267578125,497.9100036621094,498.4800109863281,4609500
2024-06-18,493.2680969238281,504.2799987792969,504.3599853515625,502.6300048828125,503.04998779296875,3431700
2024-06-20,491.8986511230469,502.8800048828125,505.739990234375,501.19000244140625,505.1400146484375,4810900
2024-06-21,490.8226623535156,501.7799987792969,503.2200012207031,500.8500061035156,502.1000061035156,4338100
2024-06-24,489.50213623046875,500.42999267578125,504.44000244140625,500.42999267578125,502.0299987792969,7022800
2024-06-25,491.5367126464844,502.510009765625,502.8299865722656,500.32000732421875,501.7099914550781,6325200
2024-06-26,492.08447265625,503.07000732421875,503.7699890136719,500.8900146484375,501.4700012207031,3202700
2024-06-27,492.84747314453125,503.8500061035156,504.4800109863281,502.32000732421875,503.0,3619700
2024-06-28,490.9469909667969,500.1300048828125,505.7300109863281,499.010009765625,502.9700012207031,5598600
2024-07-01,492.0758972167969,501.2799987792969,501.67999267578125,498.6000061035156,501.489990234375,4368500
2024-07-02,495.26617431640625,504.5299987792969,504.6099853515625,499.6099853515625,499.69000244140625,4210100
2024-07-03,497.50433349609375,506.80999755859375,507.1400146484375,504.2200012207031,504.2200012207031,2131100
2024-07-05,500.47869873046875,509.8399963378906,510.1000061035156,506.489990234375,507.1300048828125,3156900
2024-07-08,500.959716796875,510.3299865722656,511.2099914550781,509.32000732421875,510.5,3143400
2024-07-09,501.5094909667969,510.8900146484375,512.010009765625,510.5400085449219,511.2099914550781,3140600
2024-07-10,506.3391418457031,515.8099975585938,516.1799926757812,511.69000244140625,511.9800109863281,3446900
2024-07-11,502.0002746582031,511.3900146484375,516.7899780273438,510.8299865722656,516.0,5537800
2024-07-12,505.10223388671875,514.5499877929688,518.030029296875,512.1699829101562,512.489990234375,5238200
2024-07-15,506.6335144042969,516.1099853515625,519.1199951171875,514.3400268554688,516.5800170898438,7771500
2024-07-16,509.5097961425781,519.0399780273438,519.4000244140625,516.5999755859375,517.3300170898438,4164300
2024-07-17,502.39288330078125,511.7900085449219,515.1099853515625,511.55999755859375,513.5599975585938,4984300
2024-07-18,498.6136169433594,507.94000244140625,514.1900024414062,505.8699951171875,513.25,5055900
2024-07-19,495.28582763671875,504.54998779296875,509.20001220703125,503.55999755859375,507.6400146484375,4039400
2024-07-22,500.4296569824219,509.7900085449219,510.32000732421875,506.44000244140625,508.2699890136719,4342900
2024-07-23,499.5952453613281,508.94000244140625,511.6499938964844,508.489990234375,509.6600036621094,3116000
2024-07-24,488.1591491699219,497.2900085449219,504.70001220703125,496.54998779296875,504.42999267578125,6157400
2024-07-25,485.6952819824219,494.7799987792969,503.1400146484375,493.9200134277344,497.54998779296875,5646600
2024-07-26,491.1433410644531,500.3299865722656,502.8900146484375,497.6700134277344,498.3599853515625,3636000
2024-07-29,491.5065612792969,500.70001220703125,502.7699890136719,498.7699890136719,501.82000732421875,3096200
2024-07-30,488.93463134765625,498.0799865722656,503.010009765625,494.9200134277344,502.04998779296875,3817800
2024-07-31,496.6405029296875,505.92999267578125,508.6499938964844,503.30999755859375,504.4800109863281,5367600
2024-08-01,489.8672180175781,499.0299987792969,509.8999938964844,495.75,507.8399963378906,6939200
2024-08-02,480.9146728515625,489.9100036621094,493.5199890136719,485.79998779296875,492.4100036621094,8561200
2024-08-05,466.4747619628906,475.20001220703125,481.17999267578125,468.8900146484375,470.1700134277344,15244300
2024-08-06,471.1277160644531,479.94000244140625,486.8599853515625,475.94000244140625,477.3900146484375,8255000
2024-08-07,467.85888671875,476.6099853515625,488.54998779296875,476.1099853515625,485.70001220703125,5976400
2024-08-08,478.77471923828125,487.7300109863281,488.2699890136719,479.6400146484375,481.489990234375,4177200
2024-08-09,480.8262939453125,489.82000732421875,491.2099914550781,485.82000732421875,486.92999267578125,7661300
2024-08-12,481.07171630859375,490.07000732421875,492.3500061035156,487.9800109863281,490.94000244140625,3578100
2024-08-13,489.0622253417969,498.2099914550781,498.3800048828125,492.9200134277344,493.1400146484375,3247900
2024-08-14,490.6230773925781,499.79998779296875,500.8500061035156,496.4800109863281,498.9200134277344,3700500
2024-08-15,499.0455627441406,508.3800048828125,508.5899963378906,504.489990234375,505.0899963378906,4279000
2024-08-16,500.0959167480469,509.45001220703125,510.1099853515625,506.6499938964844,506.8399963378906,3449300
2024-08-19,504.9058837890625,514.3499755859375,514.3499755859375,509.05999755859375,509.8599853515625,3804300
2024-08-20,504.0715026855469,513.5,515.47998046875,512.25,513.9199829101562,3156000
2024-08-21,505.8385009765625,515.2999877929688,516.6599731445312,512.8499755859375,514.469970703125,3344100
2024-08-22,501.7450866699219,511.1300048828125,517.6300048828125,510.1000061035156,517.0499877929688,3677100
2024-08-23,507.1734619140625,516.6599731445312,517.5499877929688,512.25,514.3300170898438,5102800
2024-08-26,505.9268493652344,515.3900146484375,518.2899780273438,513.8800048828125,517.6400146484375,3398600
2024-08-27,506.6041564941406,516.0800170898438,516.5900268554688,513.1599731445312,514.260009765625,3031800
2024-08-28,503.7082824707031,513.1300048828125,516.22998046875,510.1600036621094,515.7999877929688,3940400
2024-08-29,503.7868347167969,513.2100219726562,518.0900268554688,512.1300048828125,514.989990234375,3487100
2024-08-30,508.52813720703125,518.0399780273438,518.5800170898438,512.1199951171875,515.4199829101562,5637700
2024-09-03,498.2406005859375,507.55999755859375,515.4299926757812,505.1000061035156,515.1199951171875,5866400
2024-09-04,497.0036926269531,506.29998779296875,509.5299987792969,505.0199890136719,505.67999267578125,3601400
2024-09-05,495.77667236328125,505.04998779296875,508.94000244140625,502.8399963378906,506.3599853515625,3425600
2024-09-06,487.5210876464844,496.6400146484375,506.94000244140625,495.79998779296875,505.3399963378906,7411400
2024-09-09,493.00848388671875,502.2300109863281,503.3699951171875,498.75,500.6000061035156,3656800
2024-09-10,495.0404357910156,504.29998779296875,504.7099914550781,499.5,503.95001220703125,2975400
2024-09-11,500.1057434082031,509.4599914550781,510.44000244140625,496.25,504.30999755859375,5956900
2024-09-12,504.4053039550781,513.8400268554688,514.1400146484375,508.05999755859375,510.0899963378906,4092900
2024-09-13,507.08514404296875,516.5700073242188,517.530029296875,514.22998046875,514.4299926757812,4416600
2024-09-16,507.8507995605469,517.3499755859375,517.5900268554688,514.6500244140625,516.3400268554688,4256300
2024-09-17,508.08642578125,517.5900268554688,520.739990234375,515.5,519.4400024414062,8150000
2024-09-18,506.4372863769531,515.9099731445312,522.72998046875,515.469970703125,518.1799926757812,6921300
2024-09-19,515.2720336914062,524.9099731445312,526.5999755859375,522.1900024414062,524.8800048828125,5558400
2024-09-20,514.260986328125,523.8800048828125,524.9199829101562,521.1199951171875,523.510009765625,5612700
2024-09-23,515.5272216796875,525.1699829101562,525.8300170898438,523.8300170898438,525.0,29289200
2024-09-24,517.009521484375,526.6799926757812,526.8400268554688,523.3800048828125,526.010009765625,4650600
2024-09-25,515.9591064453125,525.6099853515625,527.2999877929688,524.6500244140625,526.6099853515625,35418000
2024-09-26,518.0108032226562,527.7000122070312,529.9199829101562,525.489990234375,529.6699829101562,5273900
2024-09-27,517.3402099609375,525.3800048828125,527.77001953125,524.3200073242188,527.0900268554688,5598600
2024-09-30,519.5951538085938,527.6699829101562,527.9600219726562,522.1900024414062,524.3200073242188,8013000
2024-10-01,514.7406005859375,522.739990234375,527.0999755859375,520.22998046875,527.0399780273438,9198700
2024-10-02,514.8292236328125,522.8300170898438,523.8499755859375,519.5800170898438,521.8499755859375,3270600
2024-10-03,513.8544311523438,521.8400268554688,523.760009765625,519.8200073242188,521.5599975585938,4008000
2024-10-04,518.5908813476562,526.6500244140625,527.02001953125,522.2999877929688,526.1599731445312,5354400
2024-10-07,513.9232788085938,521.9099731445312,525.719970703125,520.8099975585938,525.1400146484375,3970500
2024-10-08,518.7876586914062,526.8499755859375,527.3800048828125,523.5,524.3200073242188,2626700
2024-10-09,522.3326416015625,530.4500122070312,531.030029296875,526.3099975585938,526.8699951171875,2941800
2024-10-10,521.4562377929688,529.5599975585938,530.9000244140625,528.0900268554688,529.27001953125,3637600
2024-10-11,524.55810546875,532.7100219726562,533.4299926757812,529.3900146484375,529.5,5429200
2024-10-14,528.8513793945312,537.0700073242188,537.97998046875,533.969970703125,534.25,2638900
2024-10-15,524.823974609375,532.97998046875,537.6099853515625,531.8200073242188,537.3800048828125,4811300
2024-10-16,527.0296630859375,535.219970703125,535.72998046875,532.219970703125,532.9299926757812,3237200
2024-10-17,527.1083984375,535.2999877929688,538.760009765625,535.1500244140625,538.6199951171875,3225300
2024-10-18,529.1368408203125,537.3599853515625,538.0999755859375,535.5599975585938,536.9000244140625,5070400
2024-10-21,528.319580078125,536.530029296875,537.6099853515625,533.7100219726562,536.719970703125,3671400
2024-10-22,527.9552001953125,536.1599731445312,537.280029296875,533.469970703125,534.1099853515625,3366600
2024-10-23,523.1400756835938,531.27001953125,534.719970703125,528.02001953125,534.280029296875,5227800
2024-10-24,524.3216552734375,532.469970703125,533.1799926757812,530.0399780273438,533.1699829101562,4477800
2024-10-25,524.1149291992188,532.260009765625,537.260009765625,531.4099731445312,534.6500244140625,4327200
2024-10-28,525.74951171875,533.9199829101562,535.5700073242188,533.6699829101562,535.530029296875,3408000
2024-10-29,526.5864868164062,534.77001953125,535.8200073242188,531.75,533.1199951171875,3027600
2024-10-30,525.0010986328125,533.1599731445312,536.2000122070312,532.5900268554688,534.3499755859375,3067000
2024-10-31,514.671630859375,522.6699829101562,529.22998046875,522.510009765625,529.0900268554688,7972800
2024-11-01,516.906982421875,524.9400024414062,529.0800170898438,524.5399780273438,525.1599731445312,6106900
2024-11-04,515.7844848632812,523.7999877929688,526.280029296875,522.030029296875,525.0599975585938,3681500
2024-11-05,521.9879150390625,530.0999755859375,530.1699829101562,524.47998046875,524.719970703125,3300300
2024-11-06,534.9860229492188,543.2999877929688,544.1400146484375,538.1699829101562,541.6500244140625,7483300
2024-11-07,539.1513061523438,547.530029296875,548.47998046875,545.1500244140625,545.219970703125,6051300
2024-11-08,541.5342407226562,549.9500122070312,551.239990234375,548.0599975585938,548.0700073242188,6798000
2024-11-11,541.9773559570312,550.4000244140625,551.72998046875,548.8499755859375,551.4299926757812,4893100
2024-11-12,540.3526000976562,548.75,550.9400024414062,546.4299926757812,550.3900146484375,4818600
2024-11-13,540.6283569335938,549.030029296875,550.8800048828125,546.969970703125,549.1599731445312,3701600
2024-11-14,537.191650390625,545.5399780273438,549.5700073242188,544.8800048828125,549.0999755859375,3940300
2024-11-15,530.2594604492188,538.5,542.5700073242188,536.75,542.1300048828125,7360100
2024-11-18,532.455322265625,540.72998046875,541.9299926757812,538.1500244140625,538.9199829101562,4494500
2024-11-19,534.3952026367188,542.7000122070312,543.3699951171875,536.9000244140625,537.5,6978400
2024-11-20,534.5921020507812,542.9000244140625,543.0700073242188,537.4400024414062,542.780029296875,3949100
2024-11-21,537.2902221679688,545.6400146484375,547.0700073242188,540.0399780273438,545.5800170898438,4530600
2024-11-22,539.0921630859375,547.469970703125,548.0499877929688,545.3699951171875,545.8200073242188,5574600
2024-11-25,540.8251953125,549.22998046875,552.3800048828125,547.2000122070312,551.2000122070312,4305000
2024-11-26,543.8580932617188,552.3099975585938,552.8200073242188,549.8499755859375,550.5,4438600
2024-11-27,542.125,550.5499877929688,552.3800048828125,549.1099853515625,552.0399780273438,3312200
2024-11-29,544.980712890625,553.4500122070312,554.7000122070312,551.0700073242188,551.2899780273438,3988700
2024-12-02,546.5167846679688,555.010009765625,555.5700073242188,553.8900146484375,554.3599853515625,5441000
2024-12-03,546.644775390625,555.1400146484375,555.4299926757812,553.7899780273438,554.7999877929688,4202900
2024-12-04,550.0912475585938,558.6400146484375,558.8800048828125,556.1699829101562,556.8300170898438,5490300
2024-12-05,549.1754760742188,557.7100219726562,559.4099731445312,557.4600219726562,558.6300048828125,3021600
2024-12-06,550.2685546875,558.8200073242188,559.9600219726562,558.0800170898438,558.469970703125,5134900
2024-12-09,547.4029541015625,555.9099731445312,558.8699951171875,555.3800048828125,558.7100219726562,4412300
2024-12-10,545.8472290039062,554.3300170898438,556.8800048828125,553.5700073242188,556.5800170898438,4110100
2024-12-11,549.98291015625,558.530029296875,559.3900146484375,556.6599731445312,556.9199829101562,3514400
2024-12-12,547.1470336914062,555.6500244140625,558.2000122070312,555.6199951171875,557.6699829101562,4048600
2024-12-13,547.1076049804688,555.6099853515625,558.1599731445312,554.2000122070312,557.510009765625,4666900
2024-12-16,549.2542724609375,557.7899780273438,558.7999877929688,556.4199829101562,557.1300048828125,22846800
2024-12-17,546.9500732421875,555.4500122070312,556.3900146484375,554.2899780273438,555.469970703125,6110900
2024-12-18,530.8897094726562,539.1400146484375,557.530029296875,538.530029296875,555.2999877929688,24584900
2024-12-19,530.6927490234375,538.9400024414062,545.0999755859375,538.6500244140625,543.6900024414062,16792100
2024-12-20,536.6993408203125,545.0399780273438,549.5399780273438,535.8499755859375,536.6099853515625,9389400
2024-12-23,540.5411376953125,547.1900024414062,547.3599853515625,540.3200073242188,543.3099975585938,7063400
2024-12-24,546.1027221679688,552.8200073242188,552.9000244140625,547.5399780273438,548.0599975585938,3439300
2024-12-26,546.0928344726562,552.8099975585938,553.969970703125,549.9199829101562,551.2000122070312,4492000
2024-12-27,540.4324340820312,547.0800170898438,549.6199951171875,543.2000122070312,549.3699951171875,7077100
2024-12-30,534.4164428710938,540.989990234375,544.0900268554688,537.4000244140625,540.5599975585938,6505100
2024-12-31,532.2628784179688,538.8099975585938,543.0700073242188,537.4000244140625,542.4500122070312,6040800
2025-01-02,530.9293823242188,537.4600219726562,543.5399780273438,533.7899780273438,542.02001953125,7142700
2025-01-03,537.7850341796875,544.4000244140625,544.8800048828125,539.2000122070312,540.1900024414062,6416300
2025-01-06,540.9165649414062,547.5700073242188,551.4299926757812,545.8200073242188,548.280029296875,5983400
2025-01-07,534.831298828125,541.4099731445312,549.5999755859375,539.5599975585938,549.3200073242188,5383200
2025-01-08,535.552490234375,542.1400146484375,543.0,538.0800170898438,541.3200073242188,4317000
2025-01-10,527.4027099609375,533.8900146484375,538.75,532.0,538.7100219726562,7935200
2025-01-13,528.0843505859375,534.5800170898438,534.9099731445312,529.02001953125,529.4000244140625,5621000
2025-01-14,528.756103515625,535.260009765625,537.9099731445312,531.8099975585938,537.3200073242188,8820000
2025-01-15,538.4271240234375,545.0499877929688,546.1300048828125,541.760009765625,542.8400268554688,5307300
2025-01-16,537.626953125,544.239990234375,546.510009765625,543.3900146484375,546.3499755859375,3632800
2025-01-17,542.7835083007812,549.4600219726562,551.1199951171875,547.6799926757812,548.9199829101562,6558700
2025-01-21,547.7227783203125,554.4600219726562,554.4600219726562,550.5,552.3200073242188,5301700
2025-01-22,550.8345336914062,557.6099853515625,558.9299926757812,556.72998046875,557.1900024414062,4780000
2025-01-23,553.886962890625,560.7000122070312,560.7000122070312,556.7999877929688,557.0399780273438,6217900
2025-01-24,552.217529296875,559.010009765625,561.6599731445312,558.02001953125,560.760009765625,3612100
2025-01-27,544.5320434570312,551.22998046875,551.3900146484375,546.8300170898438,546.9299926757812,7617400
2025-01-28,549.0958862304688,555.8499755859375,556.6500244140625,549.219970703125,552.2999877929688,4164700
2025-01-29,546.6854858398438,553.4099731445312,555.5,550.969970703125,555.1699829101562,4174500
2025-01-30,549.5403442382812,556.2999877929688,557.780029296875,552.3800048828125,555.3699951171875,4296500
2025-01-31,546.6065063476562,553.3300170898438,560.8900146484375,552.7100219726562,558.6199951171875,6233900
2025-02-03,543.0206298828125,549.7000122070312,551.9600219726562,542.97998046875,544.989990234375,7824000
2025-02-04,546.626220703125,553.3499755859375,553.8300170898438,549.22998046875,549.7000122070312,4181400
2025-02-05,548.86865234375,555.6199951171875,555.72998046875,550.4099731445312,552.3400268554688,3424200
2025-02-06,550.8443603515625,557.6199951171875,557.6500244140625,554.1900024414062,557.2899780273438,3606300
2025-02-07,545.490234375,552.2000122070312,559.2000122070312,551.7899780273438,558.0999755859375,10161600
2025-02-10,549.3922729492188,556.1500244140625,556.780029296875,554.239990234375,555.4400024414062,3517600
2025-02-11,549.88623046875,556.6500244140625,557.1199951171875,553.989990234375,554.0999755859375,2752900
2025-02-12,548.0685424804688,554.8099975585938,555.9199829101562,550.3900146484375,551.0,3579500
2025-02-13,553.8572998046875,560.6699829101562,560.8800048828125,554.7000122070312,555.8699951171875,3388500
2025-02-14,553.8770751953125,560.6900024414062,561.8599853515625,560.0700073242188,560.9000244140625,3380600
2025-02-18,555.4773559570312,562.3099975585938,562.3099975585938,559.489990234375,561.7999877929688,3844900
2025-02-19,556.82080078125,563.6699829101562,563.9199829101562,560.530029296875,561.02001953125,3857600
2025-02-20,554.479736328125,561.2999877929688,562.47998046875,558.219970703125,562.3900146484375,4446800
2025-02-21,545.0457153320312,551.75,561.2000122070312,551.27001953125,561.0999755859375,6148700
2025-02-24,542.4674072265625,549.1400146484375,554.510009765625,548.510009765625,553.6099853515625,4772300
2025-02-25,539.7705688476562,546.4099731445312,549.77001953125,542.1699829101562,549.1799926757812,5491500
2025-02-26,540.1064453125,546.75,551.3499755859375,544.25,548.010009765625,4180800
2025-02-27,531.43310546875,537.969970703125,549.8800048828125,537.5999755859375,548.8300170898438,5521400
2025-02-28,539.6915893554688,546.3300170898438,546.8900146484375,535.5800170898438,538.4199829101562,7328100
2025-03-03,530.3959350585938,536.9199829101562,549.2899780273438,533.25,548.2000122070312,7290000
2025-03-04,524.0045166015625,530.4500122070312,538.280029296875,526.1599731445312,533.0599975585938,10477400
2025-03-05,529.8822631835938,536.4000244140625,537.7899780273438,526.9299926757812,530.25,6221700
2025-03-06,520.2704467773438,526.6699829101562,533.4299926757812,524.219970703125,529.1900024414062,7228900
2025-03-07,523.075927734375,529.510009765625,530.8800048828125,520.1300048828125,524.9000244140625,7308300
2025-03-10,509.2460632324219,515.510009765625,523.7000122070312,510.8299865722656,521.9000244140625,11176900
2025-03-11,505.0674133300781,511.2799987792969,517.530029296875,507.5299987792969,514.3300170898438,11208900
2025-03-12,507.517333984375,513.760009765625,517.739990234375,509.1000061035156,516.8900146484375,8590600
2025-03-13,500.88885498046875,507.04998779296875,514.0599975585938,505.4200134277344,513.510009765625,21650000
2025-03-14,511.17236328125,517.4600219726562,518.4199829101562,510.8399963378906,511.2799987792969,7412300
2025-03-17,515.0743408203125,521.4099731445312,523.8400268554688,517.0800170898438,517.4500122070312,6269800
2025-03-18,509.64111328125,515.9099731445312,519.52001953125,514.0700073242188,519.3200073242188,6010600
2025-03-19,514.995361328125,521.3300170898438,524.9600219726562,516.4199829101562,517.5399780273438,5373900
2025-03-20,513.8099365234375,520.1300048828125,524.6199951171875,517.3200073242188,517.9600219726562,6029700
2025-03-21,513.9383544921875,520.260009765625,520.9500122070312,514.6599731445312,515.7899780273438,5059000
2025-03-24,522.9573974609375,529.3900146484375,530.3900146484375,525.8800048828125,526.47998046875,22376300
2025-03-25,524.2021484375,530.6500244140625,531.5999755859375,529.1099853515625,530.5900268554688,6260200
2025-03-26,518.0872802734375,524.4600219726562,531.4099731445312,523.0999755859375,530.5599975585938,4410200
2025-03-27,516.661865234375,521.2100219726562,524.6799926757812,519.22998046875,521.2899780273438,5534900
2025-03-28,506.3426818847656,510.79998779296875,520.4600219726562,510.1600036621094,519.760009765625,5831800
2025-03-31,509.425537109375,513.9099731445312,515.3300170898438,502.6400146484375,505.30999755859375,8196700
2025-04-01,511.2989807128906,515.7999877929688,517.3499755859375,508.8800048828125,512.3599853515625,7697000
2025-04-02,514.3818969726562,518.9099731445312,521.489990234375,509.92999267578125,510.1400146484375,6308600
2025-04-03,489.847900390625,494.1600036621094,503.6600036621094,493.5,501.0,16226000
2025-04-04,461.4577941894531,465.5199890136719,483.29998779296875,464.239990234375,481.2799987792969,30966500
2025-04-07,459.514892578125,463.55999755859375,480.760009765625,442.79998779296875,449.5400085449219,31285300
2025-04-08,452.75439453125,456.739990234375,482.489990234375,449.6000061035156,479.67999267578125,19002700
2025-04-09,494.7447814941406,499.1000061035156,502.05999755859375,453.1600036621094,453.489990234375,29286600
2025-04-10,477.8534851074219,482.05999755859375,490.29998779296875,468.3299865722656,489.1499938964844,16651300
2025-04-11,486.2693786621094,490.54998779296875,493.0,478.0,480.69000244140625,11541200
2025-04-14,491.1563720703125,495.4800109863281,500.260009765625,490.69000244140625,500.04998779296875,7701500
2025-04-15,489.77850341796875,494.0899963378906,499.2699890136719,493.4200134277344,496.0299987792969,8200600
2025-04-16,479.0132751464844,483.2300109863281,491.7699890136719,478.2300109863281,488.6499938964844,6374900
2025-04-17,479.67742919921875,483.8999938964844,488.1600036621094,481.5,484.7900085449219,5638900
2025-04-21,468.2480163574219,472.3699951171875,479.489990234375,467.3299865722656,479.0199890136719,7762500
2025-04-22,480.0639953613281,484.2900085449219,486.4800109863281,477.19000244140625,478.07000732421875,6236300
2025-04-23,487.776123046875,492.07000732421875,501.17999267578125,490.70001220703125,496.69000244140625,8047600
2025-04-24,498.02587890625,502.4100036621094,503.0,492.2200012207031,493.260009765625,6184300
2025-04-25,501.6935729980469,506.1099853515625,506.5199890136719,499.75,502.44000244140625,6933400
2025-04-28,502.00091552734375,506.4200134277344,508.739990234375,500.9599914550781,506.80999755859375,4210000
2025-04-29,505.0440979003906,509.489990234375,510.54998779296875,504.260009765625,504.5400085449219,6525500
2025-04-30,505.2919006347656,509.739990234375,511.5,497.760009765625,503.260009765625,7873700
2025-05-01,508.87042236328125,513.3499755859375,518.4400024414062,512.77001953125,515.1300048828125,5784500
2025-05-02,516.166259765625,520.7100219726562,522.4099731445312,516.8900146484375,519.1199951171875,6285400
2025-05-05,513.4699096679688,517.989990234375,520.8499755859375,516.27001953125,517.0800170898438,4793500
2025-05-06,509.0984191894531,513.5800170898438,517.8300170898438,511.94000244140625,512.8900146484375,4694300
2025-05-07,511.3982238769531,515.9000244140625,518.1799926757812,511.1000061035156,514.9199829101562,5460000
2025-05-08,514.8081665039062,519.3400268554688,524.22998046875,516.3499755859375,519.5399780273438,5088200
2025-05-09,514.1242065429688,518.6500244140625,521.6300048828125,517.3599853515625,520.6900024414062,4739500
2025-05-12,531.2434692382812,535.9199829101562,535.9199829101562,530.3900146484375,534.5,7793600
2025-05-13,534.7327270507812,539.4400024414062,541.47998046875,535.780029296875,536.3300170898438,7356800
2025-05-14,535.39697265625,540.1099853515625,541.4199829101562,538.239990234375,540.3699951171875,5031300
2025-05-15,538.0238037109375,542.760009765625,543.25,537.8400268554688,538.260009765625,7362200
2025-05-16,541.4932250976562,546.260009765625,546.469970703125,541.7000122070312,543.469970703125,7255300
2025-05-19,542.04833984375,546.8200073242188,547.4500122070312,540.5800170898438,540.6300048828125,7766100
2025-05-20,540.1253662109375,544.8800048828125,546.0599975585938,541.989990234375,545.219970703125,7158200
2025-05-21,531.0947875976562,535.77001953125,544.6900024414062,534.8200073242188,540.9099731445312,6339500
2025-05-22,531.3426513671875,536.02001953125,539.22998046875,534.4400024414062,535.5999755859375,5816600
2025-05-23,527.7542114257812,532.4000244140625,534.8099975585938,529.1099853515625,529.4299926757812,6455900
2025-05-27,538.5988159179688,543.3400268554688,543.52001953125,537.1799926757812,538.719970703125,6118100
2025-05-28,535.5258178710938,540.239990234375,544.9000244140625,539.6099853515625,543.7899780273438,4910500
2025-05-29,537.587646484375,542.3200073242188,545.280029296875,538.739990234375,545.1500244140625,4659500
2025-05-30,537.0325317382812,541.760009765625,543.3900146484375,536.1599731445312,541.3499755859375,6171500
2025-06-02,540.1549682617188,544.9099731445312,544.9099731445312,537.7999877929688,540.25,5933500
2025-06-03,543.2180786132812,548.0,548.8699951171875,544.0900268554688,544.530029296875,4993600
2025-06-04,542.8711547851562,547.6500244140625,549.6500244140625,547.4400024414062,548.75,4543400
2025-06-05,540.33349609375,545.0900268554688,550.6300048828125,543.3400268554688,549.47998046875,6372100
2025-06-06,545.8548583984375,550.6599731445312,552.3200073242188,548.7000122070312,550.2999877929688,4736000
2025-06-09,546.439697265625,551.25,552.7000122070312,550.2000122070312,551.2999877929688,4516400
2025-06-10,549.5523071289062,554.3900146484375,554.739990234375,550.739990234375,551.780029296875,5984100
2025-06-11,548.03564453125,552.8599853515625,556.22998046875,550.9099731445312,555.4099731445312,20800600
2025-06-12,550.107421875,554.9500122070312,555.0,551.1300048828125,551.5999755859375,8422900
2025-06-13,543.9813842773438,548.77001953125,553.25,547.4099731445312,550.239990234375,7100600
2025-06-16,549.235107421875,554.0700073242188,555.6900024414062,551.8699951171875,551.9400024414062,7421300
2025-06-17,544.5562744140625,549.3499755859375,553.1599731445312,548.6400146484375,551.7899780273438,4753300
2025-06-18,544.447265625,549.239990234375,552.7100219726562,548.3900146484375,550.1599731445312,4602300
2025-06-20,542.9404907226562,547.719970703125,552.719970703125,546.6199951171875,551.719970703125,9978500
2025-06-23,548.5313110351562,553.3599853515625,553.7000122070312,545.75,548.6599731445312,9820200
2025-06-24,554.5582275390625,559.4400024414062,560.4299926757812,556.3699951171875,557.1799926757812,6770000
2025-06-25,554.8357543945312,559.719970703125,561.02001953125,558.3400268554688,560.52001953125,16472300
2025-06-26,559.2271118164062,564.1500244140625,564.5499877929688,560.9600219726562,561.52001953125,6081400
2025-06-27,562.0027465820312,566.9500122070312,568.3300170898438,563.2100219726562,565.1099853515625,6056500
2025-06-30,564.8117065429688,568.030029296875,569.1500244140625,565.3800048828125,567.5,5750600
2025-07-01,564.5531616210938,567.77001953125,568.7999877929688,565.7999877929688,566.5599975585938,7412700
2025-07-02,567.0588989257812,570.2899780273438,570.3400268554688,566.8099975585938,567.3699951171875,6164000
2025-07-03,571.9609375,575.219970703125,575.6699829101562,572.1300048828125,572.1799926757812,4837000
2025-07-07,567.3770751953125,570.6099853515625,573.5900268554688,567.97998046875,573.0,6417800
2025-07-08,566.9992065429688,570.22998046875,571.8300170898438,569.47998046875,571.1500244140625,6944600
2025-07-09,570.3600463867188,573.6099853515625,574.260009765625,570.760009765625,572.4600219726562,7156500
2025-07-10,572.0305786132812,575.2899780273438,576.260009765625,572.7000122070312,573.780029296875,4961700
2025-07-11,569.9722900390625,573.219970703125,574.3800048828125,571.3699951171875,572.4500122070312,4428900
2025-07-14,571.0958862304688,574.3499755859375,574.6799926757812,571.5800170898438,572.8499755859375,4747000
2025-07-15,568.6199951171875,571.8599853515625,577.1599731445312,571.8499755859375,576.8499755859375,5399000
2025-07-16,570.4893188476562,573.739990234375,574.260009765625,568.1699829101562,573.4000244140625,6141200
2025-07-17,573.9098510742188,577.1799926757812,577.6500244140625,573.7999877929688,574.02001953125,6495300
2025-07-18,573.6513061523438,576.9199829101562,578.5,575.8400268554688,578.469970703125,4262400
2025-07-21,574.675537109375,577.9500122070312,580.530029296875,577.5900268554688,577.97998046875,5913800
2025-07-22,574.675537109375,577.9500122070312,578.8400268554688,575.6400146484375,578.280029296875,4767700
2025-07-23,579.5576782226562,582.8599853515625,582.9600219726562,578.8699951171875,580.5700073242188,4257300
2025-07-24,579.9554443359375,583.260009765625,584.75,582.719970703125,583.3400268554688,3840900
2025-07-25,582.2622680664062,585.5800170898438,586.0399780273438,583.5900268554688,583.8099975585938,4210100
2025-07-28,582.1231079101562,585.4400024414062,586.5,584.239990234375,586.0399780273438,4193100
2025-07-29,580.6116943359375,583.9199829101562,587.0800170898438,583.1199951171875,586.8200073242188,5053400
2025-07-30,579.9057006835938,583.2100219726562,586.1500244140625,580.5499877929688,584.6599731445312,6974700
2025-07-31,577.7280883789062,581.02001953125,588.1599731445312,579.8400268554688,587.8300170898438,7046800
2025-08-01,568.2123413085938,571.4500122070312,575.739990234375,569.2899780273438,575.72998046875,8781300
2025-08-04,576.8530883789062,580.1400146484375,580.2100219726562,575.0800170898438,575.1699829101562,6640100
2025-08-05,574.0789184570312,577.3499755859375,581.5,576.4000244140625,580.7899780273438,4647400
2025-08-06,578.3446044921875,581.6400146484375,582.27001953125,577.4099731445312,578.25,4545000
2025-08-07,577.99658203125,581.2899780273438,585.52001953125,578.3099975585938,584.8699951171875,4594300
2025-08-08,582.42138671875,585.739990234375,586.1699829101562,582.5999755859375,582.9299926757812,4342300
2025-08-11,581.2281494140625,584.5399780273438,587.3599853515625,583.4400024414062,586.030029296875,5373900
2025-08-12,587.4328002929688,590.780029296875,590.9600219726562,585.4299926757812,586.75,5851900
2025-08-13,589.4811401367188,592.8400268554688,594.030029296875,590.8099975585938,592.8599853515625,5393000
2025-08-14,589.4910278320312,592.8499755859375,593.510009765625,590.5,590.9199829101562,6236700
2025-08-15,588.2183227539062,591.5700073242188,593.9500122070312,590.6599731445312,593.8599853515625,7196300
2025-08-18,588.009521484375,591.3599853515625,592.02001953125,590.3499755859375,590.97998046875,5311700
2025-08-19,584.7978515625,588.1300048828125,592.1199951171875,586.9400024414062,591.25,6739300
2025-08-20,583.256591796875,586.5800170898438,588.0,581.8499755859375,587.8099975585938,7113600
2025-08-21,580.959716796875,584.27001953125,586.4600219726562,582.6500244140625,584.9299926757812,4807300
2025-08-22,589.8490600585938,593.2100219726562,594.3200073242188,585.8400268554688,586.27001953125,6389300
2025-08-25,587.353271484375,590.7000122070312,593.22998046875,590.5499877929688,592.0499877929688,6483000
2025-08-26,589.6998901367188,593.0599975585938,593.4299926757812,589.7899780273438,590.3800048828125,4776600
2025-08-27,591.0521850585938,594.4199829101562,595.1400146484375,592.4400024414062,592.52001953125,6171400
2025-08-28,593.1403198242188,596.52001953125,597.0700073242188,593.27001953125,595.0700073242188,5058700
2025-08-29,589.7197875976562,593.0800170898438,595.5499877929688,591.25,595.239990234375,7512000
2025-09-02,585.3745727539062,588.7100219726562,588.7999877929688,583.6699829101562,586.0599975585938,11116700
2025-09-03,588.367431640625,591.719970703125,592.22998046875,588.780029296875,590.8099975585938,8205900
2025-09-04,593.2099609375,596.5900268554688,596.77001953125,591.5999755859375,592.469970703125,8045600
2025-09-05,591.5891723632812,594.9600219726562,599.5999755859375,591.4500122070312,598.9099731445312,6641500
2025-09-08,593.1204223632812,596.5,597.4099731445312,595.030029296875,596.3099975585938,9472200
2025-09-09,594.5621948242188,597.9500122070312,598.3699951171875,595.010009765625,596.6099853515625,7844800
2025-09-10,596.2823486328125,599.6799926757812,601.75,598.1599731445312,600.9199829101562,21641100
2025-09-11,601.1447143554688,604.5700073242188,605.22998046875,600.8900146484375,601.4299926757812,9109700
2025-09-12,601.0154418945312,604.4400024414062,605.97998046875,603.9500122070312,604.5900268554688,8130500
2025-09-15,604.1475830078125,607.5900268554688,607.77001953125,606.2000122070312,606.469970703125,7710700
2025-09-16,603.35205078125,606.7899780273438,608.4199829101562,606.0599975585938,608.1599731445312,6393200
2025-09-17,602.6561279296875,606.0900268554688,608.3300170898438,601.5499877929688,606.8400268554688,11613600
2025-09-18,605.4899291992188,608.9400024414062,611.3099975585938,607.0700073242188,608.5499877929688,11057500
2025-09-19,608.3138427734375,611.780029296875,612.6699829101562,608.8499755859375,610.6199951171875,6065700
2025-09-22,611.2769775390625,614.760009765625,615.219970703125,610.510009765625,610.52001953125,11583800
2025-09-23,608.0751342773438,611.5399780273438,615.260009765625,610.3400268554688,614.7100219726562,10753000
2025-09-24,606.0467529296875,609.5,612.739990234375,608.1900024414062,612.6300048828125,23787300
2025-09-25,603.1532592773438,606.5900268554688,607.9299926757812,603.3499755859375,606.6199951171875,6965700
2025-09-26,606.7030029296875,610.1599731445312,610.7000122070312,606.5700073242188,608.030029296875,6438600
2025-09-29,608.408203125,610.1300048828125,611.6799926757812,608.47998046875,610.7899780273438,5658800
2025-09-30,610.65185546875,612.3800048828125,612.8599853515625,608.27001953125,609.4299926757812,6515700
2025-10-01,612.835693359375,614.5700073242188,615.3900146484375,609.5700073242188,609.7000122070312,10020000
2025-10-02,613.5137329101562,615.25,616.47998046875,613.02001953125,616.4099731445312,7139500
2025-10-03,613.5635986328125,615.2999877929688,618.4199829101562,614.2899780273438,615.9500122070312,7210700
2025-10-06,615.65771484375,617.4000244140625,618.280029296875,615.47998046875,617.4600219726562,6056400
2025-10-07,613.4638671875,615.2000122070312,618.739990234375,613.8200073242188,618.2999877929688,7466300
2025-10-08,617.0238037109375,618.77001953125,618.9000244140625,615.4600219726562,616.219970703125,5035200
2025-10-09,615.3585205078125,617.0999755859375,619.5900268554688,615.280029296875,619.22998046875,5898500
2025-10-10,598.8153686523438,600.510009765625,619.5999755859375,600.22998046875,617.989990234375,13664200
2025-10-13,607.8896484375,609.6099853515625,611.030029296875,606.5800170898438,607.3699951171875,6968400
2025-10-14,607.0321044921875,608.75,612.1400146484375,600.510009765625,604.2000122070312,7493500
2025-10-15,609.7045288085938,611.4299926757812,616.2100219726562,605.8200073242188,613.0700073242188,6504900
2025-10-16,605.6759643554688,607.3900146484375,614.7999877929688,604.1400146484375,613.1099853515625,7594800
2025-10-17,609.0364379882812,610.760009765625,612.02001953125,605.0999755859375,606.3400268554688,6911000
2025-10-20,615.4282836914062,617.1699829101562,618.010009765625,613.510009765625,613.510009765625,4086200
2025-10-21,615.3485717773438,617.0900268554688,618.739990234375,615.97998046875,617.3300170898438,4216200
2025-10-22,612.2373046875,613.969970703125,617.8300170898438,609.8300170898438,617.8300170898438,6961600
2025-10-23,615.6975708007812,617.4400024414062,618.469970703125,613.989990234375,614.25,5851800
2025-10-24,620.7931518554688,622.5499877929688,623.7899780273438,621.2100219726562,621.9199829101562,5694900
2025-10-27,628.2221069335938,630.0,630.2899780273438,627.1599731445312,627.739990234375,7804300
2025-10-28,629.9073486328125,631.6900024414062,633.3900146484375,629.6400146484375,631.7100219726562,5625600
2025-10-29,630.1666259765625,631.9500122070312,634.1300048828125,627.8699951171875,633.2100219726562,6104500
2025-10-30,623.4755249023438,625.239990234375,630.6300048828125,625.0999755859375,628.8099975585938,6243300
2025-10-31,625.2704467773438,627.0399780273438,629.9400024414062,624.5,629.8400268554688,7058600
2025-11-03,626.4970092773438,628.27001953125,630.5399780273438,625.1599731445312,630.4199829101562,5568100
2025-11-04,619.237548828125,620.989990234375,625.1699829101562,620.2000122070312,621.6500244140625,8390500
2025-11-05,621.1022338867188,622.8599853515625,626.0,619.8300170898438,620.5900268554688,10323100
2025-11-06,614.5009155273438,616.239990234375,622.7899780273438,614.8200073242188,621.9600219726562,7099400
2025-11-07,615.1491088867188,616.8900146484375,617.02001953125,607.9199829101562,614.0900268554688,7571300
2025-11-10,624.7020263671875,626.469970703125,627.2100219726562,620.6599731445312,622.6900024414062,8425000
2025-11-11,626.1380004882812,627.9099731445312,628.489990234375,624.0700073242188,625.1599731445312,5639200
2025-11-12,626.4470825195312,628.219970703125,629.77001953125,626.0999755859375,629.6500244140625,6090200
2025-11-13,616.2459716796875,617.989990234375,626.02001953125,616.510009765625,625.6699829101562,13065800
2025-11-14,616.0864868164062,617.8300170898438,621.219970703125,609.8300170898438,611.75,9681700
2025-11-17,610.3128051757812,612.0399780273438,619.4500122070312,608.8099975585938,615.739990234375,8902500
2025-11-18,605.2870483398438,607.0,611.510009765625,603.0,608.719970703125,8542600
2025-11-19,607.4808349609375,609.2000122070312,613.5700073242188,605.6699829101562,607.52001953125,7449400
2025-11-20,598.2669067382812,599.9600219726562,621.1300048828125,599.3599853515625,618.719970703125,13985000
2025-11-21,604.2200317382812,605.9299926757812,611.010009765625,598.3800048828125,602.25,9821400
2025-11-24,613.20458984375,614.9400024414062,616.0900268554688,608.3099975585938,609.280029296875,6242700
2025-11-25,618.908447265625,620.6599731445312,621.75,610.989990234375,614.780029296875,7389500
2025-11-26,623.1864013671875,624.9500122070312,626.8099975585938,622.260009765625,623.0599975585938,5323200
2025-11-28,626.6365966796875,628.4099731445312,628.6300048828125,625.7100219726562,626.030029296875,2953200
2025-12-01,623.7547607421875,625.52001953125,628.010009765625,624.0999755859375,624.1699829101562,9191600
2025-12-02,624.811767578125,626.5800170898438,628.77001953125,624.6199951171875,627.010009765625,5280600
2025-12-03,626.99560546875,628.77001953125,629.780029296875,624.9500122070312,625.77001953125,6338400
2025-12-04,627.5240478515625,629.2999877929688,630.1799926757812,626.47998046875,630.1300048828125,5147700
2025-12-05,628.7007446289062,630.47998046875,632.97998046875,629.47998046875,630.2999877929688,5693100
2025-12-08,626.8359985351562,628.6099853515625,631.469970703125,626.7000122070312,631.3599853515625,6876700
2025-12-09,626.3274536132812,628.0999755859375,630.2100219726562,627.6599731445312,628.1799926757812,12849000
2025-12-10,630.3759765625,632.1599731445312,633.510009765625,626.469970703125,627.6300048828125,22457400
2025-12-11,631.9216918945312,633.7100219726562,633.8699951171875,627.27001953125,630.0,33921000
2025-12-12,625.1009521484375,626.8699951171875,633.4299926757812,624.47998046875,632.7999877929688,8534700
2025-12-15,624.1935424804688,625.9600219726562,630.5599975585938,624.5700073242188,630.5599975585938,11337200
2025-12-16,622.448486328125,624.2100219726562,626.219970703125,620.6500244140625,624.5499877929688,15819600
2025-12-17,615.6077880859375,617.3499755859375,625.6400146484375,617.1599731445312,625.1900024414062,21356900
2025-12-18,620.2546997070312,622.010009765625,625.9400024414062,620.5700073242188,623.0499877929688,37062400
2025-12-19,625.7890014648438,627.5599975585938,628.1300048828125,623.8599853515625,623.97998046875,10487000
2025-12-22,629.72998046875,629.72998046875,630.27001953125,627.7999877929688,628.969970703125,9850100
2025-12-23,632.6699829101562,632.6699829101562,632.8800048828125,628.9199829101562,628.9400024414062,13798500
2025-12-24,634.780029296875,634.780029296875,635.3200073242188,632.5399780273438,632.6699829101562,3275200
2025-12-26,634.8400268554688,634.8400268554688,636.0800170898438,633.8800048828125,635.1400146484375,3852100
2025-12-29,632.5999755859375,632.5999755859375,633.7899780273438,630.9500122070312,632.2999877929688,6579400
2025-12-30,631.719970703125,631.719970703125,633.2100219726562,631.4099731445312,632.2000122070312,4180400
2025-12-31,627.1300048828125,627.1300048828125,632.1400146484375,626.9400024414062,631.9400024414062,5556800
2026-01-02,628.2999877929688,628.2999877929688,631.6599731445312,625.2100219726562,630.6400146484375,11337000
2026-01-05,632.4600219726562,632.4600219726562,634.0399780273438,631.22998046875,631.3800048828125,16175600
2026-01-06,636.2100219726562,636.2100219726562,636.6799926757812,632.530029296875,632.6400146484375,8672000
2026-01-07,634.1699829101562,634.1699829101562,638.219970703125,633.9299926757812,636.5800170898438,8820100
2026-01-08,634.0599975585938,634.0599975585938,635.0999755859375,632.239990234375,633.47998046875,9017400
2026-01-09,638.3099975585938,638.3099975585938,639.4400024414062,633.7999877929688,635.1500244140625,7864100
2026-01-12,639.3400268554688,639.3400268554688,640.1599731445312,635.1599731445312,635.1900024414062,7929800
2026-01-13,638.030029296875,638.030029296875,640.1500244140625,635.8200073242188,639.6799926757812,8860000
2026-01-14,634.9400024414062,634.9400024414062,636.1199951171875,631.0,635.489990234375,8683400
2026-01-15,636.6199951171875,636.6199951171875,639.5800170898438,635.7000122070312,638.77001953125,6937000
2026-01-16,636.0900268554688,636.0900268554688,638.510009765625,634.6799926757812,637.9600219726562,6733700
2026-01-20,623.1500244140625,623.1500244140625,629.760009765625,622.219970703125,626.760009765625,14877600
2026-01-21,630.2899780273438,630.2899780273438,633.4000244140625,623.6500244140625,625.02001953125,10403800
2026-01-22,633.5700073242188,633.5700073242188,635.6199951171875,631.75,634.4299926757812,6085500
2026-01-23,633.8300170898438,633.8300170898438,635.469970703125,631.969970703125,632.8800048828125,5850400
2026-01-26,637.0900268554688,637.0900268554688,638.3900146484375,634.52001953125,635.030029296875,9007400
2026-01-27,639.7000122070312,639.7000122070312,640.5999755859375,637.8699951171875,638.4199829101562,4339600
2026-01-28,639.5999755859375,639.5999755859375,641.8099975585938,638.219970703125,641.0499877929688,5568700
