date,Open_AAPL,High_AAPL,Low_AAPL,Close_AAPL,Adj_Close_AAPL,Volume_AAPL,Open_AMZN,High_AMZN,Low_AMZN,Close_AMZN,Adj_Close_AMZN,Volume_AMZN,Open_MSFT,High_MSFT,Low_MSFT,Close_MSFT,Adj_Close_MSFT,Volume_MSFT,Open_VOO,High_VOO,Low_VOO,Close_VOO,Adj_Close_VOO,Volume_VOO,Open_SPY,High_SPY,Low_SPY,Close_SPY,Adj_Close_SPY,Volume_SPY
2021-02-01,133.75,135.3800048828125,130.92999267578125,134.13999938964844,130.57891845703125,106239800,162.1179962158203,167.51300048828125,161.75149536132812,167.1439971923828,167.1439971923828,83204000,235.05999755859375,242.5,232.42999267578125,239.64999389648438,229.95367431640625,33314200,343.6300048828125,346.8500061035156,341.3999938964844,345.7699890136719,321.8445739746094,3334000,373.7200012207031,377.3399963378906,370.3800048828125,376.2300109863281,351.2018127441406,75817600
2021-02-02,135.72999572753906,136.30999755859375,134.61000061035156,134.99000549316406,131.4063262939453,83305400,169.0,171.38699340820312,168.05650329589844,169.0,169.0,141972000,241.3000030517578,242.30999755859375,238.69000244140625,239.50999450683594,229.8193817138672,25916300,349.04998779296875,352.3399963378906,349.0,350.739990234375,326.4707336425781,2955200,379.6499938964844,383.2200012207031,376.32000732421875,381.54998779296875,356.1678771972656,64450700
2021-02-03,135.75999450683594,135.77000427246094,133.61000061035156,133.94000244140625,130.38418579101562,89880900,171.25050354003906,171.6999969482422,165.43099975585938,165.62649536132812,165.62649536132812,141776000,239.57000732421875,245.08999633789062,239.25999450683594,243.0,233.16818237304688,27158100,351.70001220703125,352.79998779296875,349.8800048828125,351.0899963378906,326.7965087890625,3392800,382.44000244140625,383.70001220703125,380.4800109863281,381.8500061035156,356.44793701171875,52427100
2021-02-04,136.3000030517578,137.39999389648438,134.58999633789062,137.38999938964844,133.74261474609375,84183100,166.5,167.35000610351562,163.8874969482422,166.5500030517578,166.5500030517578,73414000,242.66000366210938,243.24000549316406,240.3699951171875,242.00999450683594,232.21820068359375,25296100,352.1199951171875,355.0400085449219,351.9200134277344,355.0199890136719,330.4544982910156,1988300,382.9599914550781,386.239990234375,381.9700012207031,386.19000244140625,360.49920654296875,47142600
2021-02-05,137.35000610351562,137.4199981689453,135.86000061035156,136.75999450683594,133.32827758789062,75693800,165.9499969482422,168.85000610351562,165.135498046875,167.6074981689453,167.6074981689453,72416000,242.22999572753906,243.27999877929688,240.4199981689453,242.1999969482422,232.40052795410156,18054800,356.8999938964844,357.1300048828125,355.32000732421875,356.44000244140625,331.77618408203125,2091800,388.20001220703125,388.4700012207031,386.1400146484375,387.7099914550781,361.91815185546875,48669800
2021-02-08,136.02999877929688,136.9600067138672,134.9199981689453,136.91000366210938,133.4744873046875,71297200,167.9250030517578,168.25,165.1999969482422,166.14700317382812,166.14700317382812,65148000,243.14999389648438,243.67999267578125,240.80999755859375,242.47000122070312,232.65960693359375,22211900,357.9200134277344,359.07000732421875,357.05999755859375,359.07000732421875,334.22430419921875,3371100,389.2699890136719,390.55999755859375,388.3500061035156,390.510009765625,364.5318603515625,38365200
2021-02-09,136.6199951171875,137.8800048828125,135.85000610351562,136.00999450683594,132.59710693359375,76774200,165.62449645996094,166.89999389648438,164.89199829101562,165.25,165.25,44070000,241.8699951171875,244.75999450683594,241.3800048828125,243.77000427246094,233.90701293945312,23565000,358.2200012207031,359.3299865722656,357.7699890136719,358.7799987792969,333.954345703125,1891200,389.6099853515625,390.8900146484375,389.1700134277344,390.25,364.2891540527344,35551100
2021-02-10,136.47999572753906,136.99000549316406,134.39999389648438,135.38999938964844,131.99264526367188,73046600,165.6999969482422,165.8975067138672,162.6999969482422,164.32899475097656,164.32899475097656,63032000,245.0,245.9199981689453,240.88999938964844,242.82000732421875,232.9954833984375,22186700,360.5299987792969,360.6099853515625,356.29998779296875,358.6400146484375,333.82403564453125,2400000,392.1199951171875,392.2799987792969,387.5,390.0799865722656,364.1304016113281,59154400
2021-02-11,135.89999389648438,136.38999938964844,133.77000427246094,135.1300048828125,131.73915100097656,64280000,164.60000610351562,164.60000610351562,162.4029998779297,163.10650634765625,163.10650634765625,46028000,244.77999877929688,245.14999389648438,242.14999389648438,244.49000549316406,234.59786987304688,15751100,359.7099914550781,360.1000061035156,356.8399963378906,359.2200012207031,334.36395263671875,2237200,391.239990234375,391.69000244140625,388.1000061035156,390.7099914550781,364.7185363769531,42913300
2021-02-12,134.35000610351562,135.52999877929688,133.69000244140625,135.3699951171875,131.97312927246094,60145100,162.5,164.0124969482422,161.66549682617188,163.885498046875,163.885498046875,46706000,243.92999267578125,245.3000030517578,242.72999572753906,244.99000549316406,235.07766723632812,16561100,358.45001220703125,361.19000244140625,358.3599853515625,361.04998779296875,336.0672302246094,2144500,389.8500061035156,392.8999938964844,389.7699890136719,392.6400146484375,366.52020263671875,50593300
2021-02-16,135.49000549316406,136.00999450683594,132.7899932861328,133.19000244140625,129.84788513183594,80576300,162.70249938964844,165.4149932861328,162.67950439453125,163.44749450683594,163.44749450683594,51494000,245.02999877929688,246.1300048828125,242.9199981689453,243.6999969482422,233.83978271484375,26728500,362.1499938964844,362.3699951171875,359.9800109863281,360.7099914550781,335.750732421875,4408500,393.9599914550781,394.1700134277344,391.5299987792969,392.29998779296875,366.2027893066406,50972400
2021-02-17,131.25,132.22000122070312,129.47000122070312,130.83999633789062,127.55682373046875,97918500,163.17999267578125,166.04550170898438,162.97500610351562,165.4320068359375,165.4320068359375,65950000,241.32000732421875,244.30999755859375,240.94000244140625,244.1999969482422,234.8592987060547,21653500,359.0299987792969,360.9700012207031,357.9200134277344,360.7900085449219,335.8251953125,3211800,390.4200134277344,392.6600036621094,389.3299865722656,392.3900146484375,366.2867431640625,52290600
2021-02-18,129.1999969482422,130.0,127.41000366210938,129.7100067138672,126.4552230834961,96856700,164.12100219726562,166.89999389648438,163.69700622558594,166.4114990234375,166.4114990234375,60548000,241.8000030517578,243.92999267578125,240.86000061035156,243.7899932861328,234.46499633789062,16925600,358.239990234375,359.92999267578125,356.489990234375,359.25,334.3917541503906,3010500,389.5899963378906,391.5199890136719,387.739990234375,390.7200012207031,364.7279052734375,59712800
2021-02-19,130.24000549316406,130.7100067138672,128.8000030517578,129.8699951171875,126.61116027832031,87668800,166.4114990234375,166.6750030517578,162.28750610351562,162.4949951171875,162.4949951171875,86104000,243.75,243.86000061035156,240.17999267578125,240.97000122070312,231.7528076171875,25262600,360.4700012207031,360.7099914550781,358.1400146484375,358.5899963378906,333.7774658203125,2487100,392.07000732421875,392.3800048828125,389.54998779296875,390.0299987792969,364.0837707519531,83241000
2021-02-22,128.00999450683594,129.72000122070312,125.5999984741211,126.0,122.83827209472656,103916400,160.406494140625,161.61599731445312,158.61300659179688,159.03700256347656,159.03700256347656,70314000,237.4199981689453,237.92999267578125,232.39999389648438,234.50999450683594,225.53993225097656,36446900,355.8399963378906,358.19000244140625,355.55999755859375,355.7699890136719,331.1526184082031,3291000,387.05999755859375,389.6199951171875,386.739990234375,387.0299987792969,361.2833557128906,67414200
2021-02-23,123.76000213623047,126.70999908447266,118.38999938964844,125.86000061035156,122.70177459716797,158273000,156.35150146484375,160.2364959716797,154.67999267578125,159.72500610351562,159.72500610351562,93544000,230.3300018310547,234.8300018310547,228.72999572753906,233.27000427246094,224.347412109375,30228700,353.69000244140625,357.55999755859375,349.5299987792969,356.2200012207031,331.57147216796875,5251100,384.6600036621094,388.95001220703125,380.20001220703125,387.5,361.72210693359375,107284100
2021-02-24,124.94000244140625,125.55999755859375,122.2300033569336,125.3499984741211,122.20459747314453,111039900,158.33749389648438,158.56149291992188,156.2689971923828,157.97650146484375,157.97650146484375,60226000,230.00999450683594,235.1999969482422,229.0,234.5500030517578,225.5784149169922,26339700,355.1499938964844,360.5799865722656,354.20001220703125,360.1600036621094,335.2388610839844,3301200,386.3299865722656,392.2300109863281,385.2699890136719,391.7699890136719,365.7080383300781,72433900
2021-02-25,124.68000030517578,126.45999908447266,120.54000091552734,120.98999786376953,117.95398712158203,148199500,156.83700561523438,158.91299438476562,152.38800048828125,152.85800170898438,152.85800170898438,90676000,232.0800018310547,234.58999633789062,227.8800048828125,228.99000549316406,220.23106384277344,39542200,359.0299987792969,360.2699890136719,350.0799865722656,351.5199890136719,327.1966857910156,7049200,390.4100036621094,391.8800048828125,380.7799987792969,382.3299865722656,356.8959655761719,146670500
2021-02-26,122.58999633789062,124.8499984741211,121.19999694824219,121.26000213623047,118.21723175048828,164560400,154.75999450683594,156.1219940185547,151.8350067138672,154.64649963378906,154.64649963378906,85518000,231.52999877929688,235.3699951171875,229.5399932861328,232.3800048828125,223.49143981933594,37819200,353.4700012207031,354.4700012207031,347.7099914550781,349.5899963378906,325.4002380371094,7579500,384.3500061035156,385.5799865722656,378.2300109863281,380.3599853515625,355.05706787109375,152701600
2021-03-01,123.75,127.93000030517578,122.79000091552734,127.79000091552734,124.58335876464844,116307900,156.39450073242188,157.47799682617188,154.89950561523438,157.3070068359375,157.3070068359375,54582000,235.89999389648438,237.47000122070312,233.14999389648438,236.94000244140625,227.8770294189453,25324000,354.54998779296875,359.3900146484375,354.5,358.1199951171875,333.33990478515625,3721100,385.5899963378906,390.9200134277344,380.57000732421875,389.5799865722656,363.6637268066406,105348800
2021-03-02,128.41000366210938,128.72000122070312,125.01000213623047,125.12000274658203,121.98035430908203,102260900,157.17349243164062,158.17599487304688,154.3560028076172,154.72650146484375,154.72650146484375,51916000,237.00999450683594,237.3000030517578,233.4499969482422,233.8699951171875,224.92440795898438,22812500,358.3800048828125,358.6300048828125,355.1600036621094,355.3500061035156,330.7616882324219,5462600,389.82000732421875,390.07000732421875,386.0,386.5400085449219,360.8260192871094,79595300
2021-03-03,124.80999755859375,125.70999908447266,121.83999633789062,122.05999755859375,118.99713897705078,112966300,154.0590057373047,155.38900756835938,149.75,150.25,150.25,79774000,232.16000366210938,233.5800018310547,227.25999450683594,227.55999755859375,218.8557586669922,34029500,354.70001220703125,355.6400146484375,350.55999755859375,350.6600036621094,326.3961486816406,6317600,385.7900085449219,386.8299865722656,381.30999755859375,381.4200134277344,356.0465087890625,119940200
2021-03-04,121.75,123.5999984741211,118.62000274658203,120.12999725341797,117.11555480957031,178155000,150.60000610351562,152.906494140625,147.27149963378906,148.8784942626953,148.8784942626953,109632000,226.74000549316406,232.49000549316406,224.25999450683594,226.72999572753906,218.05751037597656,44727800,350.489990234375,353.0199890136719,341.9200134277344,346.3399963378906,322.37506103515625,6604500,381.2200012207031,384.0,371.8800048828125,376.70001220703125,351.64056396484375,183433000
2021-03-05,120.9800033569336,121.94000244140625,117.56999969482422,121.41999816894531,118.37320709228516,153766600,150.25,150.4499969482422,144.0500030517578,150.0229949951172,150.0229949951172,107772000,229.52000427246094,233.27000427246094,226.4600067138672,231.60000610351562,222.74127197265625,41872800,349.7699890136719,353.7300109863281,342.5899963378906,352.69000244140625,328.2857666015625,8721300,380.4599914550781,384.760009765625,372.6400146484375,383.6300048828125,358.1095886230469,152039600
2021-03-08,120.93000030517578,121.0,116.20999908447266,116.36000061035156,113.44017791748047,154376600,150.75,153.22950744628906,147.5655059814453,147.59750366210938,147.59750366210938,83700000,231.3699951171875,233.3699951171875,227.1300048828125,227.38999938964844,218.69227600097656,35267400,353.6300048828125,356.3999938964844,350.6600036621094,350.9599914550781,326.67547607421875,5663500,384.6600036621094,387.67999267578125,381.4200134277344,381.7200012207031,356.3266296386719,123149200
2021-03-09,119.02999877929688,122.05999755859375,118.79000091552734,121.08999633789062,118.05147552490234,129525800,150.89950561523438,154.54800415039062,150.25750732421875,153.1425018310547,153.1425018310547,80600000,232.8800048828125,235.3800048828125,231.6699981689453,233.77999877929688,224.83786010742188,33080500,354.75,358.4599914550781,354.2300109863281,355.8699951171875,331.2457275390625,6075100,385.8500061035156,389.9100036621094,385.30999755859375,387.1700134277344,361.4140625,113633600
2021-03-10,121.69000244140625,122.16999816894531,119.44999694824219,119.9800033569336,116.96932983398438,111943300,154.92250061035156,155.822998046875,151.50250244140625,152.8820037841797,152.8820037841797,60250000,237.0,237.0,232.0399932861328,232.4199981689453,223.52989196777344,29746800,358.29998779296875,359.8399963378906,356.8800048828125,358.07000732421875,333.29345703125,7231400,389.69000244140625,391.3999938964844,388.1700134277344,389.5799865722656,363.6637268066406,109899400
2021-03-11,122.54000091552734,123.20999908447266,121.26000213623047,121.95999908447266,118.89966583251953,103026500,155.20050048828125,156.58900451660156,154.14649963378906,155.67950439453125,155.67950439453125,55528000,234.9600067138672,239.1699981689453,234.30999755859375,237.1300048828125,228.0597381591797,29907600,360.6600036621094,363.760009765625,360.1600036621094,361.8500061035156,336.8119812011719,3340700,392.2300109863281,395.6499938964844,391.739990234375,393.5299987792969,367.3509521484375,86245000
2021-03-12,120.4000015258789,121.16999816894531,119.16000366210938,121.02999877929688,117.99298095703125,88105100,153.75,154.94900512695312,152.27499389648438,154.47450256347656,154.47450256347656,48438000,234.00999450683594,235.82000732421875,233.22999572753906,235.75,226.73251342773438,22653700,360.5,362.45001220703125,359.6700134277344,362.3599853515625,337.28662109375,4847300,392.07000732421875,394.2099914550781,391.20001220703125,394.05999755859375,367.8456726074219,64653600
2021-03-15,121.41000366210938,124.0,120.41999816894531,123.98999786376953,120.87871551513672,92403800,153.72850036621094,154.11199951171875,151.60450744628906,154.08399963378906,154.08399963378906,58272000,234.9600067138672,235.19000244140625,231.80999755859375,234.80999755859375,225.82846069335938,26034900,362.6700134277344,364.75,360.45001220703125,364.4599914550781,339.2413330078125,3154800,394.3299865722656,396.69000244140625,392.0299987792969,396.4100036621094,370.039306640625,73427200
2021-03-16,125.69999694824219,127.22000122070312,124.72000122070312,125.56999969482422,122.41905212402344,115227900,155.24850463867188,156.44549560546875,153.79299926757812,154.59300231933594,154.59300231933594,50776000,236.27999877929688,240.05999755859375,235.94000244140625,237.7100067138672,228.61758422851562,28092200,365.1199951171875,365.7799987792969,363.25,364.04998779296875,338.85968017578125,3698400,397.07000732421875,397.8299865722656,395.0799865722656,395.9100036621094,369.5726623535156,73722500
2021-03-17,124.05000305175781,125.86000061035156,122.33999633789062,124.76000213623047,121.62937927246094,111932600,153.66099548339844,158.65249633789062,153.51100158691406,156.7864990234375,156.7864990234375,62372000,236.14999389648438,238.5500030517578,233.22999572753906,237.0399932861328,227.97314453125,29562100,362.8299865722656,366.04998779296875,361.6199951171875,365.239990234375,339.9672546386719,5011600,394.5299987792969,398.1199951171875,393.29998779296875,397.260009765625,370.83282470703125,97959300
2021-03-18,122.87999725341797,123.18000030517578,120.31999969482422,120.52999877929688,117.50553131103516,121229700,155.0500030517578,155.8314971923828,151.25,151.39950561523438,151.39950561523438,72992000,232.55999755859375,234.19000244140625,230.3300018310547,230.72000122070312,221.89491271972656,34833000,362.7300109863281,364.760009765625,359.2799987792969,359.8699951171875,334.9689025878906,5067500,394.4800109863281,396.7200012207031,390.75,391.4800109863281,365.4373474121094,115349100
2021-03-19,119.9000015258789,121.43000030517578,119.68000030517578,119.98999786376953,116.97909545898438,185549500,151.4615020751953,153.864501953125,150.8314971923828,153.7480010986328,153.7480010986328,92508000,231.02000427246094,232.47000122070312,229.35000610351562,230.35000610351562,221.53907775878906,46430700,359.6499938964844,361.1700134277344,357.1400146484375,359.2300109863281,334.3731689453125,5382800,389.8800048828125,391.57000732421875,387.1499938964844,389.4800109863281,364.76116943359375,113624500
2021-03-22,120.33000183105469,123.87000274658203,120.26000213623047,123.38999938964844,120.29377746582031,111912300,153.3925018310547,156.32899475097656,153.00250244140625,155.5435028076172,155.5435028076172,58044000,230.27000427246094,236.89999389648438,230.13999938964844,235.99000549316406,226.96334838867188,30127000,359.7900085449219,363.5,359.760009765625,362.07000732421875,337.0166320800781,3417600,390.0299987792969,394.07000732421875,389.9700012207031,392.5899963378906,367.6737976074219,73778600
2021-03-23,123.33000183105469,124.23999786376953,122.13999938964844,122.54000091552734,119.46509552001953,95467100,156.35000610351562,159.10000610351562,156.04249572753906,156.875,156.875,76346000,237.49000549316406,241.0500030517578,237.07000732421875,237.5800018310547,228.4925079345703,31638400,361.5299987792969,362.94000244140625,358.510009765625,359.4100036621094,334.540771484375,4954600,391.9100036621094,393.4599914550781,388.6600036621094,389.5,364.7798767089844,90686600
2021-03-24,122.81999969482422,122.9000015258789,120.06999969482422,120.08999633789062,117.07656860351562,88530500,157.552001953125,158.0155029296875,154.25750732421875,154.35350036621094,154.35350036621094,59180000,237.85000610351562,238.0,235.32000732421875,235.4600067138672,226.45362854003906,25620100,360.7099914550781,362.2699890136719,357.4200134277344,357.4200134277344,332.68841552734375,4099000,391.0,392.75,387.4700012207031,387.5199890136719,362.9255676269531,97588600
2021-03-25,119.54000091552734,121.66000366210938,119.0,120.58999633789062,117.56401824951172,98844700,153.64950561523438,155.48899841308594,151.85699462890625,152.31300354003906,152.31300354003906,71270000,235.3000030517578,236.94000244140625,231.57000732421875,232.33999633789062,223.4529266357422,34061900,356.0799865722656,360.239990234375,354.1400146484375,359.42999267578125,334.5593566894531,5487300,385.9800109863281,390.54998779296875,383.8999938964844,389.70001220703125,364.9672546386719,116128600
2021-03-26,120.3499984741211,121.4800033569336,118.91999816894531,121.20999908447266,118.16846466064453,94071200,152.2030029296875,152.83299255371094,149.8000030517578,152.60150146484375,152.60150146484375,66258000,231.5500030517578,236.7100067138672,231.5500030517578,236.47999572753906,227.43458557128906,25479900,359.3699951171875,364.3699951171875,358.75,364.010009765625,340.0172119140625,3322600,390.92999267578125,396.4100036621094,390.2900085449219,395.9800109863281,370.8486328125,114409100
2021-03-29,121.6500015258789,122.58000183105469,120.7300033569336,121.38999938964844,118.34397888183594,80819200,152.77200317382812,154.5625,151.42250061035156,153.7864990234375,153.7864990234375,54920000,236.58999633789062,236.8000030517578,231.8800048828125,235.24000549316406,226.2420196533203,25227500,362.57000732421875,364.67999267578125,361.1099853515625,363.7900085449219,339.8116760253906,3143300,394.3999938964844,396.75,392.80999755859375,395.7799987792969,370.6613464355469,108107600
2021-03-30,120.11000061035156,120.4000015258789,118.86000061035156,119.9000015258789,116.8913345336914,85671900,153.50050354003906,153.64999389648438,151.6999969482422,152.76449584960938,152.76449584960938,46752000,233.52999877929688,233.85000610351562,231.10000610351562,231.85000610351562,222.98167419433594,24792000,362.55999755859375,363.4700012207031,361.2699890136719,362.8599853515625,338.9429626464844,3696200,394.4200134277344,395.45001220703125,393.0199890136719,394.7300109863281,369.677978515625,76262200
2021-03-31,121.6500015258789,123.5199966430664,121.1500015258789,122.1500015258789,119.08487701416016,118323800,153.2030029296875,155.9665069580078,153.125,154.70399475097656,154.70399475097656,61878000,232.91000366210938,239.10000610351562,232.38999938964844,235.77000427246094,226.75173950195312,43623500,363.3900146484375,365.82000732421875,363.3900146484375,364.29998779296875,340.2881164550781,7470300,395.3399963378906,398.0,395.30999755859375,396.3299865722656,371.1763916015625,112734200
2021-04-01,123.66000366210938,124.18000030517578,122.48999786376953,123.0,119.91355895996094,75089100,155.89700317382812,158.1219940185547,155.77749633789062,158.0500030517578,158.0500030517578,58806000,238.47000122070312,242.83999633789062,238.0500030517578,242.35000610351562,233.08006286621094,30338000,366.20001220703125,368.2900085449219,366.0299987792969,368.1600036621094,343.8937072753906,5132000,398.3999938964844,400.6700134277344,398.17999267578125,400.6099853515625,375.18475341796875,99682900
2021-04-05,123.87000274658203,126.16000366210938,123.06999969482422,125.9000015258789,122.74077606201172,88651200,158.64999389648438,161.79800415039062,158.06199645996094,161.3365020751953,161.3365020751953,66698000,242.75999450683594,249.9600067138672,242.6999969482422,249.07000732421875,239.5430145263672,36910600,370.8900146484375,374.07000732421875,370.80999755859375,373.4700012207031,348.8537292480469,3764100,403.4599914550781,406.94000244140625,403.3800048828125,406.3599853515625,380.5698547363281,91684800
2021-04-06,126.5,127.12999725341797,125.6500015258789,126.20999908447266,123.04300689697266,80171300,161.1875,162.36549377441406,160.8520050048828,161.1909942626953,161.1909942626953,50756000,247.61000061035156,249.39999389648438,246.8800048828125,247.86000061035156,238.3792724609375,22931900,373.0400085449219,374.3299865722656,372.6700134277344,373.260009765625,348.657470703125,3583500,405.760009765625,407.239990234375,405.3999938964844,406.1199951171875,380.3450927734375,62021000
2021-04-07,125.83000183105469,127.91999816894531,125.13999938964844,127.9000015258789,124.69058990478516,83466700,161.69000244140625,165.1804962158203,161.1824951171875,163.96949768066406,163.96949768066406,66924000,247.80999755859375,250.92999267578125,247.19000244140625,249.89999389648438,240.3412628173828,22719800,373.1400146484375,374.0799865722656,372.7200012207031,373.7300109863281,349.0965270996094,2768900,405.94000244140625,406.9599914550781,405.45001220703125,406.5899963378906,380.7852478027344,55836300
2021-04-08,128.9499969482422,130.38999938964844,128.52000427246094,130.36000061035156,127.08888244628906,88844600,165.5449981689453,166.22500610351562,164.60000610351562,164.96499633789062,164.96499633789062,56242000,252.77000427246094,254.13999938964844,252.0,253.25,243.5631103515625,23625200,374.9700012207031,375.55999755859375,374.05999755859375,375.54998779296875,350.7966003417969,3949400,407.92999267578125,408.5799865722656,406.92999267578125,408.5199890136719,382.5927429199219,57863100
2021-04-09,129.8000030517578,133.0399932861328,129.47000122070312,133.0,129.66261291503906,106686700,165.23500061035156,168.61000061035156,164.44500732421875,168.61000061035156,168.61000061035156,86830000,252.8699951171875,255.99000549316406,252.44000244140625,255.85000610351562,246.0636749267578,24326800,375.4200134277344,378.3999938964844,375.3299865722656,378.25,353.318603515625,2627500,408.3900146484375,411.6700134277344,408.260009765625,411.489990234375,385.374267578125,61104600
2021-04-12,132.52000427246094,132.85000610351562,130.6300048828125,131.24000549316406,127.94677734375,91420000,167.760498046875,169.7519989013672,167.5574951171875,168.96949768066406,168.96949768066406,65636000,254.7100067138672,257.6700134277344,254.6199951171875,255.91000366210938,246.1213836669922,27148700,377.70001220703125,378.6499938964844,377.0799865722656,378.4200134277344,353.4773864746094,2747500,410.8500061035156,411.92999267578125,410.20001220703125,411.6400146484375,385.51470947265625,56704900
2021-04-13,132.44000244140625,134.66000366210938,131.92999267578125,134.42999267578125,131.0567169189453,91266500,170.04249572753906,171.60000610351562,169.781494140625,170.0,170.0,66316000,257.260009765625,259.19000244140625,256.8299865722656,258.489990234375,248.60267639160156,23837500,378.3699951171875,380.1199951171875,377.9200134277344,379.45001220703125,354.43951416015625,2985500,411.5299987792969,413.5299987792969,411.1199951171875,412.8599853515625,386.6573181152344,56551000
2021-04-14,134.94000244140625,135.0,131.66000366210938,132.02999877929688,128.71697998046875,87222800,170.20199584960938,170.2064971923828,166.3000030517578,166.64999389648438,166.64999389648438,62904000,257.4800109863281,258.8299865722656,255.16000366210938,255.58999633789062,245.8136444091797,23070900,379.4599914550781,380.510009765625,377.70001220703125,378.2300109863281,353.29986572265625,3691100,412.8299865722656,413.9599914550781,410.8699951171875,411.45001220703125,385.3367919921875,61659900
2021-04-15,133.82000732421875,135.0,133.63999938964844,134.5,131.12501525878906,89347100,168.5500030517578,169.85000610351562,167.60000610351562,168.95449829101562,168.95449829101562,64672000,257.92999267578125,259.92999267578125,257.7300109863281,259.5,249.5740203857422,25627500,380.3299865722656,382.5400085449219,380.2799987792969,382.2900085449219,357.0923156738281,3573800,413.739990234375,416.1600036621094,413.69000244140625,415.8699951171875,389.4762878417969,60229800
2021-04-16,134.3000030517578,134.6699981689453,133.27999877929688,134.16000366210938,130.79356384277344,84922400,169.0,170.33999633789062,167.7794952392578,169.9720001220703,169.9720001220703,63720000,259.4700012207031,261.0,257.6000061035156,260.739990234375,250.7666473388672,24878600,383.55999755859375,384.1499938964844,382.19000244140625,383.6300048828125,358.34405517578125,3252500,417.25,417.9100036621094,415.7300109863281,417.260009765625,390.77801513671875,82037300
2021-04-19,133.50999450683594,135.47000122070312,133.33999633789062,134.83999633789062,131.45645141601562,94264200,169.51649475097656,171.79649353027344,168.00799560546875,168.60049438476562,168.60049438476562,54508000,260.19000244140625,261.4800109863281,257.82000732421875,258.739990234375,248.84317016601562,23209300,382.6199951171875,383.0899963378906,380.3699951171875,381.739990234375,356.5784912109375,3945700,416.260009765625,416.739990234375,413.7900085449219,415.2099914550781,388.858154296875,78498500
2021-04-20,135.02000427246094,135.52999877929688,131.80999755859375,133.11000061035156,129.7698516845703,94812300,168.67999267578125,169.14950561523438,165.8000030517578,166.7344970703125,166.7344970703125,52460000,257.82000732421875,260.20001220703125,256.8399963378906,258.260009765625,248.38153076171875,19722900,380.489990234375,381.1600036621094,377.4700012207031,378.94000244140625,353.963134765625,4106700,413.9100036621094,415.0899963378906,410.5899963378906,412.1700134277344,386.0111083984375,81851800
2021-04-21,132.36000061035156,133.75,131.3000030517578,133.5,130.1500701904297,68847100,165.8000030517578,168.14300537109375,165.1905059814453,168.1009979248047,168.1009979248047,44224000,258.94000244140625,260.67999267578125,257.25,260.5799865722656,250.61268615722656,24030400,378.2799987792969,382.6700134277344,378.1400146484375,382.5,357.2884521484375,3640100,411.510009765625,416.2900085449219,411.3599853515625,416.07000732421875,389.66357421875,66793000
2021-04-22,133.0399932861328,134.14999389648438,131.41000366210938,131.94000244140625,128.62924194335938,84566500,168.58399963378906,168.64349365234375,165.07249450683594,165.45199584960938,165.45199584960938,51612000,260.2099914550781,261.7799987792969,255.63999938964844,257.1700134277344,247.33319091796875,25606200,382.32000732421875,383.1199951171875,377.9599914550781,378.989990234375,354.0098876953125,3965000,415.8900146484375,416.7799987792969,411.1300048828125,412.2699890136719,386.1047668457031,97582800
2021-04-23,132.16000366210938,135.1199951171875,132.16000366210938,134.32000732421875,130.94955444335938,78657500,165.9550018310547,168.75,165.4250030517578,167.04400634765625,167.04400634765625,63856000,257.8800048828125,261.510009765625,257.2699890136719,261.1499938964844,251.16091918945312,21462600,379.57000732421875,384.4599914550781,379.4599914550781,383.0299987792969,357.7835693359375,3781100,412.8699951171875,418.25,412.7900085449219,416.739990234375,390.291015625,73209200
2021-04-26,134.8300018310547,135.05999755859375,133.55999755859375,134.72000122070312,131.33944702148438,66905100,167.39999389648438,171.42250061035156,166.5469970703125,170.4499969482422,170.4499969482422,97614000,261.6600036621094,262.44000244140625,260.1700134277344,261.54998779296875,251.54566955566406,19763300,383.7300109863281,384.45001220703125,383.32000732421875,383.8599853515625,358.5588684082031,3125200,417.44000244140625,418.2200012207031,416.80999755859375,417.6099853515625,391.1058349609375,52182400
2021-04-27,135.00999450683594,135.41000366210938,134.11000061035156,134.38999938964844,131.01776123046875,66015800,172.17349243164062,173.0,169.90049743652344,170.8715057373047,170.8715057373047,76542000,261.5799865722656,263.19000244140625,260.1199951171875,261.9700012207031,251.94955444335938,31014200,384.20001220703125,384.3800048828125,382.7200012207031,383.739990234375,358.44677734375,3370600,417.92999267578125,418.1400146484375,416.29998779296875,417.5199890136719,391.0215148925781,51303100
2021-04-28,134.30999755859375,135.02000427246094,133.0800018310547,133.5800018310547,130.2280731201172,107760100,171.74000549316406,174.49400329589844,171.25,172.9250030517578,172.9250030517578,92638000,256.0799865722656,256.5400085449219,252.9499969482422,254.55999755859375,244.822998046875,46903100,384.1000061035156,385.1700134277344,383.239990234375,383.55999755859375,358.2785949707031,3960400,417.80999755859375,419.010009765625,416.8999938964844,417.3999938964844,390.90911865234375,51238900
2021-04-29,136.47000122070312,137.07000732421875,132.4499969482422,133.47999572753906,130.13058471679688,151101000,175.2550048828125,175.72250366210938,171.75,173.5655059814453,173.5655059814453,153648000,255.4600067138672,256.1000061035156,249.0,252.50999450683594,242.85145568847656,40589000,386.3999938964844,386.739990234375,382.80999755859375,386.1199951171875,360.66986083984375,4209900,420.32000732421875,420.7200012207031,416.44000244140625,420.05999755859375,393.4002685546875,78544300
2021-04-30,131.77999877929688,133.55999755859375,131.07000732421875,131.4600067138672,128.16127014160156,109839500,176.25599670410156,177.6999969482422,173.125,173.37100219726562,173.37100219726562,140186000,249.74000549316406,253.0800018310547,249.60000610351562,252.17999267578125,242.53404235839844,30945100,383.9100036621094,384.760009765625,382.7300109863281,383.57000732421875,358.2879638671875,5219200,417.6300048828125,418.5400085449219,416.3399963378906,417.29998779296875,390.8155517578125,85527000
2021-05-03,132.0399932861328,134.07000732421875,131.8300018310547,132.5399932861328,129.21414184570312,75135100,174.2364959716797,174.33250427246094,168.63499450683594,169.32449340820312,169.32449340820312,117510000,253.39999389648438,254.35000610351562,251.1199951171875,251.86000061035156,242.2262725830078,19626600,385.55999755859375,385.94000244140625,383.9599914550781,384.44000244140625,359.1006164550781,4180800,419.42999267578125,419.8399963378906,417.6700134277344,418.20001220703125,391.658447265625,68128300
2021-05-04,131.19000244140625,131.49000549316406,126.69999694824219,127.8499984741211,124.6418685913086,137564700,167.8094940185547,168.3990020751953,163.60650634765625,165.593505859375,165.593505859375,108788000,250.97000122070312,251.2100067138672,245.75999450683594,247.7899932861328,238.3119659423828,32756100,382.5199890136719,382.9599914550781,378.45001220703125,382.1000061035156,356.91485595703125,5485600,416.07000732421875,416.6000061035156,411.6700134277344,415.6199951171875,389.2420959472656,101591200
2021-05-05,129.1999969482422,130.4499969482422,127.97000122070312,128.10000610351562,124.88558197021484,84000900,166.9429931640625,167.73500061035156,163.21800231933594,163.52699279785156,163.52699279785156,74226000,249.05999755859375,249.5,245.82000732421875,246.47000122070312,237.04249572753906,21901300,383.7200012207031,383.9100036621094,381.44000244140625,382.1700134277344,356.98028564453125,4410700,417.3800048828125,417.6300048828125,415.1499938964844,415.75,389.3638916015625,60162200
2021-05-06,127.88999938964844,129.75,127.12999725341797,129.74000549316406,126.48442840576172,78128300,163.5,165.72000122070312,162.36000061035156,165.31849670410156,165.31849670410156,88954000,246.4499969482422,249.86000061035156,244.69000244140625,249.72999572753906,240.17776489257812,26491100,382.260009765625,385.3699951171875,380.2699890136719,385.2799987792969,359.8852844238281,4737300,415.8299865722656,419.2099914550781,413.67999267578125,419.07000732421875,392.4732666015625,74321400
2021-05-07,130.85000610351562,131.25999450683594,129.47999572753906,130.2100067138672,127.15827941894531,78973300,165.95449829101562,166.54449462890625,164.45350646972656,164.58050537109375,164.58050537109375,94206000,252.14999389648438,254.3000030517578,251.1699981689453,252.4600067138672,242.80331420898438,27032900,386.0199890136719,388.67999267578125,385.3299865722656,388.0299987792969,362.4539794921875,3516600,419.8900146484375,422.82000732421875,419.1600036621094,422.1199951171875,395.3296203613281,67733800
2021-05-10,129.41000366210938,129.5399932861328,126.80999755859375,126.8499984741211,123.87699127197266,88071200,164.11599731445312,164.14999389648438,159.5,159.52450561523438,159.52450561523438,116772000,250.8699951171875,251.72999572753906,247.1199951171875,247.17999267578125,237.7252960205078,29299900,388.4100036621094,388.6600036621094,384.0899963378906,384.2300109863281,358.9044189453125,5942700,422.5,422.739990234375,417.80999755859375,417.94000244140625,391.41485595703125,81852400
2021-05-11,123.5,126.2699966430664,122.7699966430664,125.91000366210938,122.95903778076172,126142800,156.81399536132812,161.89999389648438,156.36849975585938,161.19549560546875,161.19549560546875,92396000,244.5500030517578,246.60000610351562,242.57000732421875,246.22999572753906,236.8116455078125,33641600,379.75,381.739990234375,376.95001220703125,380.8599853515625,355.7565612792969,7081500,413.1000061035156,415.2699890136719,410.05999755859375,414.2099914550781,387.921630859375,116888000
2021-05-12,123.4000015258789,124.63999938964844,122.25,122.7699966430664,119.89262390136719,112172300,159.25,160.39700317382812,156.65499877929688,157.5970001220703,157.5970001220703,98728000,242.1699981689453,244.3800048828125,238.07000732421875,239.0,229.8582000732422,36684400,378.0400085449219,379.2699890136719,372.1300048828125,372.7300109863281,348.1624755859375,7707400,411.2300109863281,412.5899963378906,404.0,405.4100036621094,379.6801452636719,134811000
2021-05-13,124.58000183105469,126.1500015258789,124.26000213623047,124.97000122070312,122.04107666015625,105861300,159.27349853515625,160.19200134277344,156.64999389648438,158.07350158691406,158.07350158691406,67018000,241.8000030517578,245.60000610351562,241.4199981689453,243.02999877929688,233.7340545654297,29624300,374.2099914550781,379.04998779296875,374.1700134277344,377.1600036621094,352.30047607421875,7179100,407.07000732421875,412.3500061035156,407.0199890136719,410.2799987792969,384.240966796875,106394000
2021-05-14,126.25,127.88999938964844,125.8499984741211,127.44999694824219,124.46294403076172,81918000,159.2779998779297,161.4429931640625,159.14999389648438,161.14500427246094,161.14500427246094,66500000,245.5800018310547,249.17999267578125,245.49000549316406,248.14999389648438,238.65818786621094,23901100,379.80999755859375,383.7900085449219,379.80999755859375,382.95001220703125,357.7088623046875,5167900,413.2099914550781,417.489990234375,413.17999267578125,416.5799865722656,390.1412048339844,82201600
2021-05-17,126.81999969482422,126.93000030517578,125.16999816894531,126.2699966430664,123.31060028076172,74244600,162.29649353027344,164.6374969482422,161.72950744628906,163.51950073242188,163.51950073242188,74478000,246.5500030517578,246.58999633789062,243.52000427246094,245.17999267578125,235.8018341064453,24970200,381.8999938964844,382.75,380.0,382.0299987792969,356.84942626953125,3781600,415.3900146484375,416.3900146484375,413.3599853515625,415.5199890136719,389.1484680175781,65129200
2021-05-18,126.55999755859375,126.98999786376953,124.77999877929688,124.8499984741211,121.92388153076172,63342900,164.62899780273438,165.60000610351562,161.51849365234375,161.61399841308594,161.61399841308594,56568000,246.27000427246094,246.41000366210938,242.89999389648438,243.0800018310547,233.7821044921875,20168000,382.25,382.4700012207031,378.5400085449219,378.7300109863281,353.76702880859375,3128300,415.79998779296875,416.05999755859375,411.7699890136719,411.94000244140625,385.795654296875,59810200
2021-05-19,123.16000366210938,124.91999816894531,122.86000061035156,124.69000244140625,121.76761627197266,92612000,159.75,161.7375030517578,159.1999969482422,161.58999633789062,161.58999633789062,53594000,239.30999755859375,243.22999572753906,238.60000610351562,243.1199951171875,234.36053466796875,25739800,374.05999755859375,377.8399963378906,372.6199951171875,377.7300109863281,352.8328857421875,5086300,406.9200134277344,411.04998779296875,405.3299865722656,410.8599853515625,384.7843017578125,106467100
2021-05-20,125.2300033569336,127.72000122070312,125.0999984741211,127.30999755859375,124.32622528076172,76857100,162.22000122070312,162.98399353027344,161.8090057373047,162.38400268554688,162.38400268554688,52664000,243.9600067138672,247.9499969482422,243.86000061035156,246.47999572753906,237.59942626953125,21800700,378.57000732421875,382.989990234375,378.45001220703125,381.760009765625,356.5972595214844,4776700,411.79998779296875,416.6300048828125,411.6700134277344,415.2799987792969,388.9237060546875,78022200
2021-05-21,127.81999969482422,128.0,125.20999908447266,125.43000030517578,122.49028778076172,79295400,162.5,162.83450317382812,159.85049438476562,160.1540069580078,160.1540069580078,82098000,247.57000732421875,248.3300018310547,244.74000549316406,245.1699981689453,236.33663940429688,21863100,383.2300109863281,384.45001220703125,381.010009765625,381.4700012207031,356.3263854980469,3567500,416.8699951171875,418.20001220703125,414.45001220703125,414.94000244140625,388.60528564453125,76578700
2021-05-24,126.01000213623047,127.94000244140625,125.94000244140625,127.0999984741211,124.12112426757812,63092900,160.77499389648438,162.8975067138672,160.52499389648438,162.24949645996094,162.24949645996094,48456000,247.7899932861328,251.16000366210938,247.50999450683594,250.77999877929688,241.74453735351562,21411500,383.69000244140625,386.3999938964844,383.44000244140625,385.32000732421875,359.9225769042969,2962500,417.3399963378906,420.32000732421875,417.0799865722656,419.1700134277344,392.5667724609375,51376700
2021-05-25,127.81999969482422,128.32000732421875,126.31999969482422,126.9000015258789,123.92582702636719,72009500,163.33349609375,163.99099731445312,160.68800354003906,162.95249938964844,162.95249938964844,65222000,251.77000427246094,252.75,250.82000732421875,251.72000122070312,242.650634765625,17704300,386.3999938964844,386.760009765625,383.94000244140625,384.510009765625,359.1659240722656,4031800,420.3299865722656,420.7099914550781,417.6199951171875,418.239990234375,391.6957702636719,57451400
2021-05-26,126.95999908447266,127.38999938964844,126.41999816894531,126.8499984741211,123.87699127197266,56575900,163.72950744628906,164.7864990234375,162.92550659179688,163.25799560546875,163.25799560546875,47680000,251.42999267578125,252.94000244140625,250.75,251.49000549316406,242.42893981933594,17771600,385.0899963378906,385.75,384.07000732421875,385.2099914550781,359.81982421875,2642700,418.8699951171875,419.6099853515625,417.760009765625,419.07000732421875,392.4732666015625,43088600
2021-05-27,126.44000244140625,127.63999938964844,125.08000183105469,125.27999877929688,122.34379577636719,94625600,162.8000030517578,163.01800537109375,161.5019989013672,161.5054931640625,161.5054931640625,51224000,251.1699981689453,251.47999572753906,249.25,249.30999755859375,240.32748413085938,24426200,386.2799987792969,386.7799987792969,385.32000732421875,385.3800048828125,359.97869873046875,3015900,420.1700134277344,420.7200012207031,418.989990234375,419.2900085449219,392.67913818359375,56707700
2021-05-28,125.56999969482422,125.80000305175781,124.55000305175781,124.61000061035156,121.68949890136719,71311100,162.10000610351562,162.39950561523438,160.98500061035156,161.15350341796875,161.15350341796875,46596000,251.0,252.0800018310547,249.55999755859375,249.67999267578125,240.6841583251953,18270200,387.0299987792969,387.2699890136719,385.94000244140625,386.1300048828125,360.6792297363281,3370100,420.9700012207031,421.25,419.7900085449219,420.0400085449219,393.381591796875,58520200
2021-06-01,125.08000183105469,125.3499984741211,123.94000244140625,124.27999877929688,121.36722564697266,67637100,162.1750030517578,162.5489959716797,160.4530029296875,160.9324951171875,160.9324951171875,48600000,251.22999572753906,251.2899932861328,246.9600067138672,247.39999389648438,238.486328125,23213300,388.5,388.6199951171875,385.3800048828125,385.8299865722656,360.39898681640625,4389000,422.57000732421875,422.7200012207031,419.20001220703125,419.6700134277344,393.0351257324219,54216600
2021-06-02,124.27999877929688,125.23999786376953,124.05000305175781,125.05999755859375,122.12893676757812,59278900,161.15499877929688,161.75,160.39999389648438,161.69949340820312,161.69949340820312,40290000,248.1300048828125,249.27000427246094,245.83999633789062,247.3000030517578,238.3899688720703,19406700,386.45001220703125,387.239990234375,385.4700012207031,386.4800109863281,361.0061340332031,3209200,420.3699951171875,421.2300109863281,419.2900085449219,420.3299865722656,393.65325927734375,49097100
2021-06-03,124.68000030517578,124.8499984741211,123.12999725341797,123.54000091552734,120.64458465576172,76229200,160.2115020751953,160.7220001220703,159.20150756835938,159.35049438476562,159.35049438476562,47966000,245.22000122070312,246.33999633789062,243.0,245.7100067138672,236.85719299316406,25307700,384.1700134277344,386.1099853515625,382.70001220703125,385.010009765625,359.6330261230469,3391000,417.8500061035156,419.989990234375,416.2799987792969,418.7699890136719,392.1921691894531,58138800
2021-06-04,124.06999969482422,126.16000366210938,123.8499984741211,125.88999938964844,122.93952941894531,75169300,160.60000610351562,161.0500030517578,159.9405059814453,160.31100463867188,160.31100463867188,44994000,247.75999450683594,251.64999389648438,247.50999450683594,250.7899932861328,241.754150390625,25281100,386.80999755859375,388.79998779296875,386.760009765625,388.5,362.8929748535156,2628100,420.75,422.9200134277344,418.8399963378906,422.6000061035156,395.7790832519531,55938800
2021-06-07,126.16999816894531,126.31999969482422,124.83000183105469,125.9000015258789,122.94927215576172,71057600,159.8665008544922,160.39999389648438,158.61000061035156,159.90049743652344,159.90049743652344,44316000,249.97999572753906,254.08999633789062,249.80999755859375,253.80999755859375,244.6653594970703,23079200,388.5199890136719,388.69000244140625,387.25,388.1700134277344,362.5848083496094,2500600,422.5899963378906,422.7799987792969,421.19000244140625,422.19000244140625,395.3951721191406,51555000
2021-06-08,126.5999984741211,128.4600067138672,126.20999908447266,126.73999786376953,123.76958465576172,74403800,161.1304931640625,163.97650146484375,160.90049743652344,163.20550537109375,163.20550537109375,68334000,255.16000366210938,256.010009765625,252.50999450683594,252.57000732421875,243.47006225585938,22455000,389.0,389.0799865722656,386.44000244140625,388.2300109863281,362.64080810546875,2386600,423.1099853515625,423.2099914550781,420.32000732421875,422.2799987792969,395.4795227050781,47134300
2021-06-09,127.20999908447266,127.75,126.5199966430664,127.12999725341797,124.15044403076172,56877900,163.64349365234375,164.87899780273438,163.53500366210938,164.0574951171875,164.0574951171875,49110000,253.80999755859375,255.52999877929688,253.2100067138672,253.58999633789062,244.4532928466797,17937600,389.0799865722656,389.1300048828125,387.4100036621094,387.6199951171875,362.071044921875,2968100,423.17999267578125,423.260009765625,421.4100036621094,421.6499938964844,394.88946533203125,48436300
2021-06-10,127.0199966430664,128.19000244140625,125.94000244140625,126.11000061035156,123.15434265136719,71186400,164.10049438476562,167.5500030517578,164.0574951171875,167.4824981689453,167.4824981689453,69530000,254.2899932861328,257.4599914550781,253.6699981689453,257.239990234375,247.97174072265625,24563600,388.8599853515625,390.3599853515625,387.5799865722656,389.4100036621094,363.7430114746094,2611800,422.9599914550781,424.6300048828125,421.54998779296875,423.6099853515625,396.72503662109375,51020100
2021-06-11,126.52999877929688,127.44000244140625,126.0999984741211,127.3499984741211,124.36528015136719,53522400,167.4824981689453,168.32899475097656,166.67250061035156,167.3415069580078,167.3415069580078,56348000,257.989990234375,258.489990234375,256.6099853515625,257.8900146484375,248.59832763671875,18999700,390.0,390.20001220703125,388.7300109863281,390.0899963378906,364.378173828125,2241500,424.20001220703125,424.42999267578125,422.82000732421875,424.30999755859375,397.3805847167969,45570800
2021-06-14,127.81999969482422,130.5399932861328,127.06999969482422,130.47999572753906,127.42191314697266,96906500,167.3415069580078,169.25,166.77499389648438,169.19349670410156,169.19349670410156,51394000,257.8999938964844,259.95001220703125,256.79998779296875,259.8900146484375,250.5262908935547,19150500,390.2099914550781,391.07000732421875,389.0,391.07000732421875,365.2935791015625,2252200,424.42999267578125,425.3699951171875,423.1000061035156,425.260009765625,398.2703552246094,42358500
2021-06-15,129.94000244140625,130.60000610351562,129.38999938964844,129.63999938964844,126.60159301757812,62746300,169.1999969482422,169.84950256347656,168.15550231933594,169.156494140625,169.156494140625,48524000,259.7699890136719,259.989990234375,257.67999267578125,258.3599853515625,249.05142211914062,18038900,391.1499938964844,391.20001220703125,389.4100036621094,390.25,364.5276794433594,2405000,425.4200134277344,425.4599914550781,423.5400085449219,424.4800109863281,397.53985595703125,51508500
2021-06-16,130.3699951171875,130.88999938964844,128.4600067138672,130.14999389648438,127.09963989257812,91815000,169.60000610351562,171.3175048828125,168.02650451660156,170.7624969482422,170.7624969482422,84056000,259.3999938964844,260.5799865722656,254.4199981689453,257.3800048828125,248.10675048828125,27220000,390.4200134277344,390.5799865722656,386.0199890136719,388.1099853515625,362.52874755859375,4194300,424.6300048828125,424.8699951171875,419.9200134277344,422.1099853515625,395.3202819824219,80386100
2021-06-17,129.8000030517578,132.5500030517578,129.64999389648438,131.7899932861328,128.7012481689453,96721700,170.15899658203125,174.86000061035156,170.0500030517578,174.46200561523438,174.46200561523438,102730000,256.07000732421875,261.75,256.010009765625,260.8999938964844,251.4998779296875,27565500,387.6199951171875,388.9100036621094,385.5,387.9700012207031,362.3979187011719,4065300,421.6700134277344,423.0199890136719,419.32000732421875,421.9700012207031,395.1890869140625,90949700
2021-06-18,130.7100067138672,131.50999450683594,130.24000549316406,130.4600067138672,127.40238952636719,108953300,173.99949645996094,175.35000610351562,173.6855010986328,174.34500122070312,174.34500122070312,104954000,259.6300048828125,262.29998779296875,258.75,259.42999267578125,250.08287048339844,37202200,384.7900085449219,385.3800048828125,382.5199890136719,382.82000732421875,357.5874328613281,5211100,417.0899963378906,417.8299865722656,414.70001220703125,414.9200134277344,389.85784912109375,118676300
2021-06-21,130.3000030517578,132.41000366210938,129.2100067138672,132.3000030517578,129.19927978515625,79663300,173.8209991455078,174.10000610351562,171.6999969482422,172.697998046875,172.697998046875,65542000,259.82000732421875,263.5199890136719,257.9200134277344,262.6300048828125,253.16754150390625,26696100,384.5,388.3800048828125,383.6499938964844,388.17999267578125,362.5940856933594,4389800,416.79998779296875,421.05999755859375,415.92999267578125,420.8599853515625,395.4390869140625,72822000
2021-06-22,132.1300048828125,134.0800018310547,131.6199951171875,133.97999572753906,130.83990478515625,74783600,172.9029998779297,176.18899536132812,172.80450439453125,175.27200317382812,175.27200317382812,66902000,262.7200012207031,265.7900085449219,262.3999938964844,265.510009765625,255.94384765625,24694100,388.239990234375,391.0899963378906,387.4700012207031,390.239990234375,364.518310546875,2705400,420.8500061035156,424.0,420.0799865722656,423.1099853515625,397.5531921386719,57700300
2021-06-23,133.77000427246094,134.32000732421875,133.22999572753906,133.6999969482422,130.56646728515625,60214200,175.25,176.0500030517578,174.16000366210938,175.1909942626953,175.1909942626953,56266000,265.989990234375,266.8299865722656,264.42999267578125,265.2699890136719,255.71250915527344,19518700,390.3500061035156,391.1400146484375,389.70001220703125,389.82000732421875,364.1259765625,2404200,423.19000244140625,424.04998779296875,422.510009765625,422.6000061035156,397.07391357421875,49445400
2021-06-24,134.4499969482422,134.63999938964844,132.92999267578125,133.41000366210938,130.2832794189453,68711000,175.3820037841797,176.2429962158203,171.54249572753906,172.45399475097656,172.45399475097656,76640000,266.1600036621094,267.8500061035156,265.4700012207031,266.69000244140625,257.081298828125,21446900,391.8900146484375,392.5199890136719,391.6700134277344,392.04998779296875,366.2090148925781,2987800,424.8900146484375,425.54998779296875,424.6199951171875,425.1000061035156,399.4229431152344,45110300
2021-06-25,133.4600067138672,133.88999938964844,132.80999755859375,133.11000061035156,129.99029541015625,70783700,173.1999969482422,173.24099731445312,169.70899963378906,170.072998046875,170.072998046875,78820000,266.2300109863281,267.25,264.760009765625,265.0199890136719,255.47149658203125,25611100,392.8999938964844,393.9200134277344,392.5400085449219,393.5,367.56341552734375,2862800,425.8999938964844,427.0899963378906,425.54998779296875,426.6099853515625,400.8417053222656,58129500
2021-06-28,133.41000366210938,135.25,133.35000610351562,134.77999877929688,131.6211395263672,62111300,170.8000030517578,172.39999389648438,170.67550659179688,172.1945037841797,172.1945037841797,44856000,266.19000244140625,268.8999938964844,265.9100036621094,268.7200012207031,259.0381164550781,19590000,394.0299987792969,394.45001220703125,392.8299865722656,394.32000732421875,368.32940673828125,2418500,427.1700134277344,427.6499938964844,425.8900146484375,427.4700012207031,401.64971923828125,53159600
2021-06-29,134.8000030517578,136.49000549316406,134.35000610351562,136.3300018310547,133.1348419189453,64556100,171.9409942626953,172.80149841308594,171.15150451660156,172.40699768066406,172.40699768066406,41968000,268.8699951171875,271.6499938964844,267.9800109863281,271.3999938964844,261.62158203125,19937800,393.3500061035156,393.94000244140625,392.6600036621094,393.1600036621094,368.49151611328125,2927600,427.8800048828125,428.55999755859375,427.1300048828125,427.70001220703125,401.8658752441406,35970500
2021-06-30,136.1699981689453,137.41000366210938,135.8699951171875,136.9600067138672,133.75006103515625,63261400,172.05299377441406,173.5800018310547,171.75,172.00799560546875,172.00799560546875,48080000,270.69000244140625,271.3599853515625,269.6000061035156,270.8999938964844,261.1396179199219,21656500,392.7200012207031,394.1300048828125,392.7200012207031,393.5199890136719,368.82891845703125,3795900,427.2099914550781,428.7799987792969,427.17999267578125,428.05999755859375,402.2041320800781,64827900
2021-07-01,136.60000610351562,137.3300018310547,135.75999450683594,137.27000427246094,134.05282592773438,52485800,171.73049926757812,172.85000610351562,170.4709930419922,171.64849853515625,171.64849853515625,40742000,269.6099853515625,271.8399963378906,269.6000061035156,271.6000061035156,261.8144226074219,16725300,394.29998779296875,395.8500061035156,394.2099914550781,395.739990234375,370.9096374511719,3414500,428.8699951171875,430.6000061035156,428.79998779296875,430.42999267578125,404.4309997558594,53441000
2021-07-02,137.89999389648438,140.0,137.75,139.9600067138672,136.67974853515625,78852600,172.58200073242188,175.58599853515625,171.8459930419922,175.5489959716797,175.5489959716797,63388000,272.82000732421875,278.0,272.5,277.6499938964844,267.6463623046875,26458000,396.8500061035156,399.04998779296875,396.5299987792969,398.75,373.7308044433594,4363100,431.6700134277344,434.1000061035156,430.5199890136719,433.7200012207031,407.52227783203125,57697700
2021-07-06,140.07000732421875,143.14999389648438,140.07000732421875,142.02000427246094,138.6914825439453,108181800,176.5054931640625,184.2740020751953,176.4499969482422,183.78700256347656,183.78700256347656,134896000,278.0299987792969,279.3699951171875,274.29998779296875,277.6600036621094,267.6561279296875,31565600,398.7699890136719,398.989990234375,395.29998779296875,398.0,373.0278625488281,4331300,433.7799987792969,434.010009765625,430.010009765625,432.92999267578125,406.77996826171875,68710400
2021-07-07,143.5399932861328,144.88999938964844,142.66000366210938,144.57000732421875,141.18170166015625,104911600,185.86900329589844,186.7100067138672,183.94549560546875,184.82899475097656,184.82899475097656,106562000,279.3999938964844,280.69000244140625,277.1499938964844,279.92999267578125,269.84429931640625,23260000,398.6700134277344,399.6600036621094,396.67999267578125,399.3699951171875,374.3118896484375,4747800,433.6600036621094,434.760009765625,431.510009765625,434.4599914550781,408.2176208496094,63549500
2021-07-08,141.5800018310547,144.05999755859375,140.6699981689453,143.24000549316406,139.88287353515625,105575500,182.17799377441406,187.99949645996094,181.05599975585938,186.57049560546875,186.57049560546875,103612000,276.8999938964844,278.7300109863281,274.8699951171875,277.4200134277344,267.4247131347656,24618600,394.20001220703125,396.8800048828125,393.0199890136719,396.19000244140625,371.3314208984375,5817100,428.7799987792969,431.7300109863281,427.5199890136719,430.9200134277344,404.8914489746094,97595200
2021-07-09,142.75,145.64999389648438,142.64999389648438,145.11000061035156,141.70901489257812,99890800,186.12600708007812,187.39999389648438,184.6699981689453,185.9669952392578,185.9669952392578,74964000,275.7200012207031,278.04998779296875,275.32000732421875,277.94000244140625,267.926025390625,23916700,397.6300048828125,400.6499938964844,397.4200134277344,400.3699951171875,375.2491149902344,3332200,432.5299987792969,435.8399963378906,430.7099914550781,435.5199890136719,409.21356201171875,76238600
2021-07-12,146.2100067138672,146.32000732421875,144.0,144.5,141.11331176757812,76299700,187.1999969482422,187.864501953125,184.83949279785156,185.92750549316406,185.92750549316406,51432000,279.1600036621094,279.7699890136719,276.5799865722656,277.32000732421875,267.3283386230469,18931700,400.29998779296875,402.0299987792969,399.8699951171875,401.82000732421875,376.6082458496094,2929200,435.42999267578125,437.3500061035156,434.9700012207031,437.0799865722656,410.6792907714844,52889600
2021-07-13,144.02999877929688,147.4600067138672,143.6300048828125,145.63999938964844,142.22662353515625,100827100,185.10499572753906,188.6540069580078,183.5659942626953,183.8679962158203,183.8679962158203,76918000,277.5199890136719,282.8500061035156,277.3900146484375,280.9800109863281,270.8564147949219,26120100,401.0799865722656,402.5,400.17999267578125,400.4599914550781,375.3335266113281,4313100,436.239990234375,437.8399963378906,435.30999755859375,435.5899963378906,409.2793273925781,52911300
2021-07-14,148.10000610351562,149.57000732421875,147.67999267578125,149.14999389648438,145.6543426513672,127050800,185.4425048828125,185.88299560546875,183.04150390625,184.08399963378906,184.08399963378906,65932000,282.3500061035156,283.6600036621094,280.54998779296875,282.510009765625,272.3313293457031,23113700,402.05999755859375,402.57000732421875,399.82000732421875,401.010009765625,375.8490905761719,3332200,437.3999938964844,437.9200134277344,434.9100036621094,436.239990234375,409.8900451660156,64130400
2021-07-15,149.24000549316406,150.0,147.08999633789062,148.47999572753906,145.00006103515625,106820300,184.7100067138672,184.77000427246094,181.04600524902344,181.55999755859375,181.55999755859375,63706000,282.0,282.510009765625,279.8299865722656,281.0299987792969,270.9046936035156,22604200,399.739990234375,400.3800048828125,397.80999755859375,399.7200012207031,374.6399841308594,4483900,434.80999755859375,435.5299987792969,432.7200012207031,434.75,408.4900817871094,55126400
2021-07-16,148.4600067138672,149.75999450683594,145.8800048828125,146.38999938964844,142.9590301513672,93251400,181.66549682617188,182.30299377441406,178.5229949951172,178.68150329589844,178.68150329589844,80874000,282.07000732421875,284.1000061035156,279.4599914550781,280.75,270.6347351074219,26186800,400.8399963378906,400.8800048828125,396.1400146484375,396.6099853515625,371.7250671386719,4516600,436.010009765625,436.05999755859375,430.9200134277344,431.3399963378906,405.2860412597656,75874700
2021-07-19,143.75,144.07000732421875,141.6699981689453,142.4499969482422,139.11135864257812,121434600,176.62899780273438,177.510498046875,174.95799255371094,177.47950744628906,177.47950744628906,75692000,278.92999267578125,280.3699951171875,274.45001220703125,277.010009765625,267.02947998046875,32935600,391.7799987792969,392.260009765625,387.92999267578125,390.67999267578125,366.1671142578125,12336200,426.19000244140625,431.4100036621094,421.9700012207031,424.9700012207031,399.3008117675781,147987000
2021-07-20,143.4600067138672,147.10000610351562,142.9600067138672,146.14999389648438,142.7246551513672,96350000,178.36599731445312,179.60000610351562,175.89999389648438,178.6595001220703,178.6595001220703,65114000,278.0299987792969,280.9700012207031,276.260009765625,279.32000732421875,269.25628662109375,26259700,391.3500061035156,397.5,390.010009765625,396.20001220703125,371.3407897949219,4043100,425.67999267578125,432.4200134277344,424.8299865722656,431.05999755859375,405.0229797363281,99608200
2021-07-21,145.52999877929688,146.1300048828125,144.6300048828125,145.39999389648438,141.99221801757812,74993500,178.81900024414062,179.32249450683594,177.1820068359375,179.25999450683594,179.25999450683594,46380000,278.8999938964844,281.5199890136719,277.2900085449219,281.3999938964844,271.2612609863281,24364300,397.4800109863281,399.6199951171875,397.2699890136719,399.5299987792969,374.46185302734375,2996600,432.3399963378906,434.70001220703125,431.010009765625,434.54998779296875,408.3020935058594,64724400
2021-07-22,145.94000244140625,148.1999969482422,145.80999755859375,146.8000030517578,143.3594512939453,77338200,179.3614959716797,182.00100708007812,179.11349487304688,181.90150451660156,181.90150451660156,65308000,283.8399963378906,286.4200134277344,283.4200134277344,286.1400146484375,275.83056640625,23384100,399.7099914550781,400.55999755859375,398.70001220703125,400.3800048828125,375.2585754394531,2575700,434.739990234375,435.7200012207031,433.69000244140625,435.4599914550781,409.1571960449219,47878500
2021-07-23,147.5500030517578,148.72000122070312,146.9199981689453,148.55999755859375,145.0781707763672,71447400,182.0,183.3054962158203,181.1020050048828,182.83200073242188,182.83200073242188,48726000,287.3699951171875,289.989990234375,286.5,289.6700134277344,279.23333740234375,22768100,402.1700134277344,404.75,401.5799865722656,404.3800048828125,379.007568359375,3151900,437.5199890136719,440.29998779296875,436.7900085449219,439.94000244140625,413.3665771484375,63766600
2021-07-26,148.27000427246094,149.8300018310547,147.6999969482422,148.99000549316406,145.49810791015625,72434100,183.6584930419922,185.60400390625,182.3625030517578,184.99099731445312,184.99099731445312,58002000,289.0,289.69000244140625,286.6400146484375,289.04998779296875,278.6357116699219,23176100,403.9200134277344,405.4200134277344,403.82000732421875,405.4100036621094,379.9729919433594,2374300,439.30999755859375,441.0299987792969,439.260009765625,441.0199890136719,414.3813171386719,43719200
2021-07-27,149.1199951171875,149.2100067138672,145.5500030517578,146.77000427246094,143.3301239013672,104818600,184.9250030517578,184.9250030517578,179.3074951171875,181.3195037841797,181.3195037841797,82638000,289.42999267578125,289.5799865722656,282.95001220703125,286.5400085449219,276.2160949707031,33604100,404.45001220703125,404.45001220703125,400.79998779296875,403.6099853515625,378.2858581542969,3626100,439.9100036621094,439.94000244140625,435.989990234375,439.010009765625,412.4927673339844,67397100
2021-07-28,144.80999755859375,146.97000122070312,142.5399932861328,144.97999572753906,141.58209228515625,118931200,181.68899536132812,182.92100524902344,180.0500030517578,181.51600646972656,181.51600646972656,59988000,288.989990234375,290.1499938964844,283.8299865722656,286.2200012207031,275.90771484375,33566900,404.1700134277344,404.760009765625,402.0400085449219,403.3900146484375,378.07965087890625,3763700,439.67999267578125,440.29998779296875,437.30999755859375,438.8299865722656,412.3236083984375,52472400
2021-07-29,144.69000244140625,146.5500030517578,144.5800018310547,145.63999938964844,142.22662353515625,56699500,181.3874969482422,181.8975067138672,179.00050354003906,179.99600219726562,179.99600219726562,110400000,286.239990234375,288.6199951171875,286.0799865722656,286.5,276.17755126953125,18168300,404.3599853515625,406.1300048828125,404.3500061035156,405.1300048828125,379.71051025390625,2274200,439.82000732421875,441.79998779296875,439.80999755859375,440.6499938964844,414.0337219238281,47435300
2021-07-30,144.3800048828125,146.3300018310547,144.11000061035156,145.86000061035156,142.44143676757812,70440600,167.3975067138672,168.40699768066406,165.3489990234375,166.37950134277344,166.37950134277344,199312000,285.1700134277344,286.6600036621094,283.9100036621094,284.9100036621094,274.6448974609375,20944800,402.5899963378906,404.5299987792969,402.4700012207031,403.1499938964844,377.8547058105469,5204500,437.9100036621094,440.05999755859375,437.7699890136719,438.510009765625,412.0229187011719,68951200
2021-08-02,146.36000061035156,146.9499969482422,145.25,145.52000427246094,142.1094207763672,62880000,167.65499877929688,167.9459991455078,165.85000610351562,166.57400512695312,166.57400512695312,67078000,286.3599853515625,286.7699890136719,283.739990234375,284.82000732421875,274.5580749511719,16267400,404.7799987792969,405.3599853515625,401.94000244140625,402.3299865722656,377.0862121582031,5814700,440.3399963378906,440.92999267578125,437.2099914550781,437.5899963378906,411.15850830078125,58783300
2021-08-03,145.80999755859375,148.0399932861328,145.17999267578125,147.36000061035156,143.90628051757812,64786600,167.03599548339844,169.5500030517578,164.98849487304688,168.31199645996094,168.31199645996094,83146000,285.4200134277344,287.2300109863281,284.0,287.1199951171875,276.77520751953125,17879000,403.0799865722656,405.6600036621094,400.9200134277344,405.5799865722656,380.1322021484375,4129600,438.44000244140625,441.2799987792969,436.1000061035156,441.1499938964844,414.50347900390625,58053900
2021-08-04,147.27000427246094,147.7899932861328,146.27999877929688,146.9499969482422,143.5059051513672,56368300,168.96749877929688,169.44400024414062,167.2779998779297,167.73599243164062,167.73599243164062,43678000,286.2200012207031,287.5899963378906,284.6499938964844,286.510009765625,276.187255859375,16191300,404.30999755859375,404.8599853515625,403.3399963378906,403.6400146484375,378.31396484375,3880200,439.7799987792969,441.1199951171875,438.7300109863281,438.9800109863281,412.4645690917969,46732200
2021-08-05,146.97999572753906,147.83999633789062,146.1699981689453,147.05999755859375,143.6133575439453,46397700,167.81100463867188,169.4499969482422,167.04600524902344,168.79949951171875,168.79949951171875,48670000,286.8800048828125,289.6300048828125,286.1000061035156,289.5199890136719,279.08868408203125,13900200,404.70001220703125,406.19000244140625,404.3800048828125,406.1600036621094,380.67584228515625,3052800,440.2200012207031,441.8500061035156,439.8800048828125,441.760009765625,415.0766296386719,38969700
2021-08-06,146.35000610351562,147.11000061035156,145.6300048828125,146.13999938964844,142.9287109375,54126800,168.75,168.75,166.45199584960938,167.2469940185547,167.2469940185547,52752000,288.510009765625,289.5,287.6199951171875,289.4599914550781,279.03082275390625,16589300,406.44000244140625,407.17999267578125,406.1700134277344,406.8599853515625,381.3318786621094,2486900,442.1000061035156,442.94000244140625,441.79998779296875,442.489990234375,415.76251220703125,46930000
2021-08-09,146.1999969482422,146.6999969482422,145.52000427246094,146.08999633789062,142.8798370361328,48908700,167.1804962158203,167.74400329589844,166.42599487304688,167.093505859375,167.093505859375,42964000,289.75,291.54998779296875,287.80999755859375,288.3299865722656,277.9416198730469,16117600,406.75,407.04998779296875,405.69000244140625,406.4700012207031,380.9664306640625,1984400,442.4599914550781,442.79998779296875,441.30999755859375,442.1300048828125,415.4242858886719,41222600
2021-08-10,146.44000244140625,147.7100067138672,145.3000030517578,145.60000610351562,142.40060424804688,69023100,167.25050354003906,167.89999389648438,165.75,166.03399658203125,166.03399658203125,48252000,288.79998779296875,289.25,285.20001220703125,286.44000244140625,276.1197509765625,18616600,406.9100036621094,407.6700134277344,406.2300109863281,406.9800109863281,381.44439697265625,2400700,442.6099853515625,443.44000244140625,441.8800048828125,442.67999267578125,415.9410705566406,43339300
2021-08-11,146.0500030517578,146.72000122070312,145.52999877929688,145.86000061035156,142.65489196777344,48493500,166.57249450683594,166.88499450683594,163.88949584960938,164.60549926757812,164.60549926757812,58944000,287.2099914550781,288.6600036621094,285.8599853515625,286.95001220703125,276.6113586425781,13955900,408.0,408.07000732421875,406.9100036621094,407.9599914550781,382.3629150390625,3554400,443.82000732421875,443.8800048828125,442.6199951171875,443.7799987792969,416.9746398925781,44034300
2021-08-12,146.19000244140625,149.0500030517578,145.83999633789062,148.88999938964844,145.61830139160156,72282600,164.5,165.72549438476562,163.48350524902344,165.1750030517578,165.1750030517578,46282000,286.6300048828125,289.9700012207031,286.3399963378906,289.80999755859375,279.3682556152344,14561300,407.82000732421875,409.3299865722656,406.9700012207031,409.1499938964844,383.478271484375,2319300,443.6199951171875,445.260009765625,442.6600036621094,445.1099853515625,418.22430419921875,38909400
2021-08-13,148.97000122070312,149.44000244140625,148.27000427246094,149.10000610351562,145.8236541748047,59375000,165.2834930419922,165.30349731445312,164.14999389648438,164.69850158691406,164.69850158691406,41134000,289.4800109863281,292.8999938964844,289.29998779296875,292.8500061035156,282.29876708984375,18249000,409.6400146484375,409.9599914550781,409.17999267578125,409.9599914550781,384.2374572753906,2253800,445.5899963378906,445.94000244140625,445.07000732421875,445.9200134277344,418.98541259765625,39470300
2021-08-16,148.5399932861328,151.19000244140625,146.47000122070312,151.1199951171875,147.79930114746094,103296000,164.14999389648438,165.0,160.55650329589844,164.94949340820312,164.94949340820312,66394000,293.19000244140625,294.82000732421875,290.0199890136719,294.6000061035156,283.9856872558594,22507600,408.7099914550781,411.010009765625,407.1499938964844,410.94000244140625,385.15594482421875,3379100,444.5299987792969,447.1099853515625,442.8699951171875,446.9700012207031,419.9719543457031,73740000
2021-08-17,150.22999572753906,151.67999267578125,149.08999633789062,150.19000244140625,146.88975524902344,92229700,163.875,164.02450561523438,161.28399658203125,162.09800720214844,162.09800720214844,67758000,292.3900146484375,293.42999267578125,291.0799865722656,293.0799865722656,282.5205383300781,20075300,408.4100036621094,409.04998779296875,405.30999755859375,408.2300109863281,382.6160583496094,5186300,444.239990234375,444.9599914550781,440.8500061035156,444.0400085449219,417.2189636230469,92673900
2021-08-18,149.8000030517578,150.72000122070312,146.14999389648438,146.36000061035156,143.14390563964844,86326000,162.09950256347656,162.7050018310547,160.0,160.06100463867188,160.06100463867188,56086000,292.0400085449219,294.82000732421875,290.2699890136719,290.7300109863281,280.7917175292969,21813000,407.2200012207031,408.75,403.5400085449219,403.8399963378906,378.50140380859375,4878300,442.9599914550781,444.6300048828125,438.9200134277344,439.17999267578125,412.6524963378906,89351900
2021-08-19,145.02999877929688,148.0,144.5,146.6999969482422,143.47642517089844,86960300,159.7010040283203,161.64999389648438,159.1230010986328,159.3874969482422,159.3874969482422,75658000,288.69000244140625,297.4700012207031,288.6400146484375,296.7699890136719,286.6251525878906,29850500,401.0899963378906,405.54998779296875,400.92999267578125,404.4100036621094,379.03564453125,5505700,436.2699890136719,441.1400146484375,436.1199951171875,439.8599853515625,413.2913818359375,92812200
2021-08-20,147.44000244140625,148.5,146.77999877929688,148.19000244140625,144.9336700439453,60549600,160.19349670410156,160.3905029296875,158.78799438476562,159.99749755859375,159.99749755859375,67168000,299.7200012207031,305.8399963378906,298.05999755859375,304.3599853515625,293.9557189941406,40817600,404.67999267578125,407.9200134277344,404.260009765625,407.6099853515625,382.0348815917969,3263600,440.2300109863281,443.7099914550781,439.7099914550781,443.3599853515625,416.5799865722656,72008700
2021-08-23,148.30999755859375,150.19000244140625,147.88999938964844,149.7100067138672,146.42027282714844,60131800,160.59500122070312,164.0449981689453,160.50050354003906,163.2935028076172,163.2935028076172,65362000,303.25,305.3999938964844,301.8500061035156,304.6499938964844,294.2358703613281,22830200,409.25,412.0799865722656,409.2300109863281,411.2200012207031,385.4184265136719,3259400,445.1600036621094,448.2300109863281,443.44000244140625,447.260009765625,420.2444152832031,54973000
2021-08-24,149.4499969482422,150.86000061035156,149.14999389648438,149.6199951171875,146.3322296142578,48606400,164.0,165.77450561523438,163.72900390625,165.28900146484375,165.28900146484375,51036000,305.0199890136719,305.6499938964844,302.0,302.6199951171875,292.275146484375,18175800,411.8999938964844,412.3599853515625,411.3500061035156,411.8699951171875,386.0275573730469,3006500,447.9700012207031,448.5400085449219,447.4200134277344,447.9700012207031,420.9114990234375,38744700
2021-08-25,149.80999755859375,150.32000732421875,147.8000030517578,148.36000061035156,145.09994506835938,58991300,165.49349975585938,166.0500030517578,164.3074951171875,164.95899963378906,164.95899963378906,33606000,304.29998779296875,304.5899963378906,300.4200134277344,302.010009765625,291.6860656738281,20006100,412.05999755859375,413.2099914550781,411.6700134277344,412.6300048828125,386.7399597167969,3261400,448.1700134277344,449.4599914550781,447.7699890136719,448.9100036621094,421.79473876953125,40529700
2021-08-26,148.35000610351562,149.1199951171875,147.50999450683594,147.5399932861328,144.29795837402344,48597200,164.9499969482422,166.60000610351562,164.8000030517578,165.8000030517578,165.8000030517578,41976000,300.989990234375,302.42999267578125,298.95001220703125,299.0899963378906,288.8658752441406,17666100,412.4100036621094,412.6600036621094,410.20001220703125,410.2200012207031,384.4811706542969,4707600,448.6099853515625,448.8599853515625,446.1600036621094,446.260009765625,419.3049621582031,57829600
2021-08-27,147.47999572753906,148.75,146.8300018310547,148.60000610351562,145.33468627929688,55802400,166.6614990234375,167.61599731445312,165.6875,167.48150634765625,167.48150634765625,48048000,298.989990234375,300.8699951171875,296.8299865722656,299.7200012207031,289.4743347167969,22605700,411.0899963378906,414.3299865722656,411.0199890136719,413.8599853515625,387.8927001953125,3882200,447.1199951171875,450.6499938964844,447.05999755859375,450.25,423.0538635253906,77235100
2021-08-30,149.0,153.49000549316406,148.61000061035156,153.1199951171875,149.75537109375,90956700,167.8715057373047,172.25,167.76100158691406,171.07850646972656,171.07850646972656,63844000,301.1199951171875,304.2200012207031,301.05999755859375,303.5899963378906,293.2121276855469,16348100,414.6600036621094,416.55999755859375,414.3900146484375,415.760009765625,389.67352294921875,2811800,450.9700012207031,453.07000732421875,450.7099914550781,452.2300109863281,424.9142761230469,48357400
2021-08-31,152.66000366210938,152.8000030517578,151.2899932861328,151.8300018310547,148.49371337890625,86453100,171.24000549316406,173.62899780273438,169.7794952392578,173.5395050048828,173.5395050048828,87128000,304.4200134277344,304.5,301.5,301.8800048828125,291.5604553222656,26285300,415.6600036621094,416.0199890136719,414.5799865722656,415.04998779296875,389.008056640625,6062900,452.1300048828125,452.489990234375,450.9200134277344,451.55999755859375,424.2846984863281,59300200
2021-09-01,152.8300018310547,154.97999572753906,152.33999633789062,152.50999450683594,149.1587677001953,80313700,174.82000732421875,176.35000610351562,173.76199340820312,173.9499969482422,173.9499969482422,72598000,302.8699951171875,305.19000244140625,301.489990234375,301.8299865722656,291.51220703125,18983800,416.04998779296875,416.5899963378906,415.1600036621094,415.489990234375,389.4203796386719,3256400,452.55999755859375,453.1099853515625,451.54998779296875,451.79998779296875,424.5102233886719,48721400
2021-09-02,153.8699951171875,154.72000122070312,152.39999389648438,153.64999389648438,150.27365112304688,71115500,174.73800659179688,175.59800720214844,172.75,173.156005859375,173.156005859375,58474000,302.20001220703125,303.3599853515625,300.17999267578125,301.1499938964844,290.85546875,16285600,416.79998779296875,417.44000244140625,415.5,416.7300109863281,390.5827331542969,2835500,453.32000732421875,454.04998779296875,451.9100036621094,453.19000244140625,425.81622314453125,42501000
2021-09-03,153.75999450683594,154.6300048828125,153.08999633789062,154.3000030517578,150.909423828125,57808700,172.60000610351562,174.1334991455078,171.82200622558594,173.90249633789062,173.90249633789062,51514000,300.989990234375,302.6000061035156,300.260009765625,301.1400146484375,290.8458557128906,14747900,415.5799865722656,417.05999755859375,415.1600036621094,416.57000732421875,390.4327087402344,3740000,451.9800109863281,453.6300048828125,451.54998779296875,453.0799865722656,425.71282958984375,47170500
2021-09-07,154.97000122070312,157.25999450683594,154.38999938964844,156.69000244140625,153.2469024658203,82278300,173.89999389648438,176.4044952392578,173.8470001220703,175.46449279785156,175.46449279785156,54758000,301.010009765625,301.0899963378906,298.20001220703125,300.17999267578125,289.91864013671875,17180400,416.2699890136719,416.2900085449219,414.4200134277344,415.0299987792969,388.98931884765625,3542500,452.7099914550781,452.80999755859375,450.739990234375,451.4599914550781,424.1907958984375,51671500
2021-09-08,156.97999572753906,157.0399932861328,153.97999572753906,155.11000061035156,151.7016143798828,74420200,175.58250427246094,177.281494140625,174.7834930419922,176.27499389648438,176.27499389648438,61068000,299.7799987792969,300.6099853515625,297.4700012207031,300.2099914550781,289.9476318359375,15046800,414.5299987792969,415.260009765625,412.6700134277344,414.6300048828125,388.61444091796875,4012600,450.8900146484375,451.6700134277344,448.8599853515625,450.9100036621094,423.6740417480469,56181900
2021-09-09,155.49000549316406,156.11000061035156,153.9499969482422,154.07000732421875,150.6844940185547,57305700,176.30099487304688,177.49949645996094,174.01849365234375,174.20799255371094,174.20799255371094,54384000,300.82000732421875,302.1400146484375,297.0,297.25,287.08880615234375,19927000,414.3399963378906,416.07000732421875,412.57000732421875,412.7699890136719,386.8710632324219,3887800,450.70001220703125,452.57000732421875,448.7200012207031,448.9800109863281,421.860595703125,57970400
2021-09-10,155.0,155.47999572753906,148.6999969482422,148.97000122070312,145.69654846191406,140893200,175.0915069580078,175.42250061035156,173.14549255371094,173.45750427246094,173.45750427246094,47946000,298.4200134277344,299.9200134277344,295.3800048828125,295.7099914550781,285.6014099121094,19633400,414.69000244140625,415.1000061035156,409.4200134277344,409.5799865722656,383.8812561035156,4035500,451.0400085449219,451.489990234375,445.30999755859375,445.44000244140625,418.53436279296875,89948200
2021-09-13,150.6300048828125,151.4199981689453,148.75,149.5500030517578,146.26376342773438,102404300,174.13999938964844,174.8979949951172,171.89999389648438,172.85850524902344,172.85850524902344,51380000,297.54998779296875,298.5400085449219,294.0799865722656,296.989990234375,286.83758544921875,23652900,412.5199890136719,412.7099914550781,408.30999755859375,410.5400085449219,384.78106689453125,4738300,448.6400146484375,448.9200134277344,444.1099853515625,446.5799865722656,419.6054992675781,83738600
2021-09-14,150.35000610351562,151.07000732421875,146.91000366210938,148.1199951171875,144.86520385742188,109296300,173.77749633789062,174.3404998779297,171.885498046875,172.5,172.5,38738000,299.55999755859375,301.3900146484375,298.1000061035156,299.7900085449219,289.5419616699219,21853400,412.0199890136719,412.17999267578125,407.489990234375,408.4100036621094,382.78472900390625,3657700,448.1199951171875,448.3399963378906,443.2200012207031,444.1700134277344,417.341064453125,78197100
2021-09-15,148.55999755859375,149.44000244140625,146.3699951171875,149.02999877929688,145.75521850585938,83281300,172.12600708007812,174.27099609375,170.10049438476562,173.7895050048828,173.7895050048828,59150000,303.260009765625,305.32000732421875,301.82000732421875,304.82000732421875,294.4000549316406,28356300,408.7900085449219,412.260009765625,407.70001220703125,411.82000732421875,385.9807434082031,3891400,444.6199951171875,448.4100036621094,443.44000244140625,447.8800048828125,420.82696533203125,78792200
2021-09-16,148.44000244140625,148.97000122070312,147.22000122070312,148.7899932861328,145.52052307128906,68034100,172.9980010986328,174.62750244140625,172.3070068359375,174.41200256347656,174.41200256347656,51672000,303.760009765625,305.30999755859375,300.760009765625,305.2200012207031,294.786376953125,19550800,411.2699890136719,412.19000244140625,408.2300109863281,411.1099853515625,385.31524658203125,3351500,447.32000732421875,448.3599853515625,444.0199890136719,447.1700134277344,420.15985107421875,77786700
2021-09-17,148.82000732421875,148.82000732421875,145.75999450683594,146.05999755859375,142.8505096435547,129868800,174.42050170898438,174.87049865722656,172.60650634765625,173.12600708007812,173.12600708007812,92332000,304.1700134277344,304.5,299.5299987792969,299.8699951171875,289.6191711425781,41372500,410.3500061035156,410.7799987792969,406.7699890136719,407.0799865722656,381.53814697265625,5396100,444.9200134277344,445.3699951171875,441.0199890136719,441.3999938964844,416.067138671875,118425000
2021-09-20,143.8000030517578,144.83999633789062,141.27000427246094,142.94000244140625,139.79904174804688,123478900,169.8000030517578,170.9499969482422,165.25050354003906,167.7864990234375,167.7864990234375,93382000,296.3299865722656,298.7200012207031,289.5199890136719,294.29998779296875,284.2396545410156,38278700,401.1099853515625,402.6400146484375,395.57000732421875,400.42999267578125,375.30548095703125,10942700,434.8800048828125,436.55999755859375,428.8599853515625,434.0400085449219,409.1295471191406,166445500
2021-09-21,143.92999267578125,144.60000610351562,142.77999877929688,143.42999267578125,140.2782745361328,75834000,168.75,168.98500061035156,166.6195068359375,167.18150329589844,167.18150329589844,55618000,295.69000244140625,297.5400085449219,294.07000732421875,294.79998779296875,284.7225036621094,22364100,402.6600036621094,403.8999938964844,399.44000244140625,400.0400085449219,374.9399108886719,6418100,436.5299987792969,437.9100036621094,433.07000732421875,433.6300048828125,408.74298095703125,92526100
2021-09-22,144.4499969482422,146.42999267578125,143.6999969482422,145.85000610351562,142.6450958251953,76404300,167.5500030517578,169.4499969482422,167.05250549316406,169.00250244140625,169.00250244140625,48228000,296.7300109863281,300.2200012207031,294.510009765625,298.5799865722656,288.3733215332031,26626300,402.1700134277344,405.8500061035156,401.260009765625,403.8999938964844,378.55767822265625,6004800,436.04998779296875,440.0299987792969,433.75,437.8599853515625,412.73016357421875,102350100
2021-09-23,146.64999389648438,147.0800018310547,145.63999938964844,146.8300018310547,143.60360717773438,64838200,169.00250244140625,171.447998046875,169.00250244140625,170.8000030517578,170.8000030517578,47588000,298.8500061035156,300.8999938964844,297.5299987792969,299.55999755859375,289.3198547363281,18604600,405.7099914550781,410.32000732421875,405.4700012207031,408.7799987792969,383.1314392089844,4098000,439.8500061035156,444.8900146484375,439.6000061035156,443.17999267578125,417.7449645996094,76396000
2021-09-24,145.66000366210938,147.47000122070312,145.55999755859375,146.9199981689453,143.6915740966797,53477900,170.10049438476562,171.46299743652344,169.6699981689453,171.2760009765625,171.2760009765625,42324000,298.2300109863281,299.79998779296875,296.92999267578125,299.3500061035156,289.1170349121094,14999000,407.1700134277344,410.1300048828125,406.95001220703125,409.4599914550781,383.768798828125,3417700,441.44000244140625,444.6700134277344,441.2099914550781,443.9100036621094,418.4330749511719,62094800
2021-09-27,145.47000122070312,145.9600067138672,143.82000732421875,145.3699951171875,142.17564392089844,74150700,168.5749969482422,170.77850341796875,166.98049926757812,170.2899932861328,170.2899932861328,72690000,296.1400146484375,296.4700012207031,292.94000244140625,294.1700134277344,284.1141052246094,23571700,408.4200134277344,409.57000732421875,407.5899963378906,408.29998779296875,382.68157958984375,3546600,442.80999755859375,444.04998779296875,441.8999938964844,442.6400146484375,417.23590087890625,61371100
2021-09-28,143.25,144.75,141.69000244140625,141.91000366210938,138.7916717529297,108972300,167.885498046875,168.45950317382812,164.5050048828125,165.79800415039062,165.79800415039062,88616000,289.79998779296875,290.7799987792969,282.75,283.5199890136719,273.8280944824219,43186200,405.54998779296875,405.8699951171875,399.3299865722656,400.1400146484375,375.0335998535156,8234300,439.69000244140625,440.0400085449219,432.94000244140625,433.7200012207031,408.8278503417969,130436300
2021-09-29,142.47000122070312,144.4499969482422,142.02999877929688,142.8300018310547,139.6914520263672,74602000,166.10549926757812,167.56500244140625,164.89349365234375,165.05599975585938,165.05599975585938,51246000,285.1000061035156,286.7699890136719,283.010009765625,284.0,274.2916564941406,26353700,400.1000061035156,401.7900085449219,398.8599853515625,399.4599914550781,375.6241455078125,4724200,435.19000244140625,437.0400085449219,433.8500061035156,434.45001220703125,409.5159912109375,82329200
2021-09-30,143.66000366210938,144.3800048828125,141.27999877929688,141.5,138.3906707763672,89056700,165.8000030517578,166.3925018310547,163.69949340820312,164.2519989013672,164.2519989013672,56848000,285.7099914550781,287.8299865722656,281.6199951171875,281.9200134277344,272.2828063964844,32343600,400.8500061035156,401.5199890136719,394.3399963378906,394.3999938964844,370.8661193847656,9511200,436.0199890136719,436.7699890136719,428.7799987792969,429.1400146484375,404.51080322265625,140506000
2021-10-01,141.89999389648438,142.9199981689453,139.11000061035156,142.64999389648438,139.51539611816406,94639600,164.45050048828125,165.45849609375,162.7969970703125,164.16299438476562,164.16299438476562,56712000,282.1199951171875,289.9800109863281,281.2900085449219,289.1000061035156,279.21734619140625,30086300,396.2300109863281,400.8500061035156,392.7699890136719,399.1199951171875,375.3044128417969,8482200,430.9800109863281,436.0299987792969,427.2300109863281,434.239990234375,409.3180236816406,129240100
2021-10-04,141.75999450683594,142.2100067138672,138.27000427246094,139.13999938964844,136.08253479003906,98322000,163.96949768066406,163.99949645996094,158.8125,159.48899841308594,159.48899841308594,90462000,287.3999938964844,287.75,280.25,283.1099853515625,273.4321594238281,31350700,398.1199951171875,398.94000244140625,391.9599914550781,394.2099914550781,370.6873779296875,8820400,433.0,433.9599914550781,426.3599853515625,428.6400146484375,404.0394592285156,128570000
2021-10-05,139.49000549316406,142.24000549316406,139.36000061035156,141.11000061035156,138.00927734375,80861100,160.22500610351562,163.0364990234375,160.1230010986328,161.0500030517578,161.0500030517578,65384000,284.04998779296875,290.3999938964844,284.04998779296875,288.760009765625,278.8890075683594,24993000,395.55999755859375,400.3500061035156,394.7900085449219,398.0400085449219,374.2887878417969,5523200,430.239990234375,435.489990234375,429.3900146484375,433.1000061035156,408.243408203125,90682500
2021-10-06,139.47000122070312,142.14999389648438,138.3699951171875,142.0,138.8796844482422,83221100,160.67649841308594,163.2169952392578,159.93099975585938,163.10049438476562,163.10049438476562,50660000,285.7799987792969,293.6300048828125,285.510009765625,293.1099853515625,283.09027099609375,28002600,394.6499938964844,400.0199890136719,393.05999755859375,399.80999755859375,375.9532165527344,6590000,429.2699890136719,435.1199951171875,427.5400085449219,434.8999938964844,409.9400939941406,113032200
2021-10-07,143.05999755859375,144.22000122070312,142.72000122070312,143.2899932861328,140.141357421875,61732700,164.57699584960938,166.28750610351562,164.1529998779297,165.1215057373047,165.1215057373047,48182000,295.17999267578125,296.6400146484375,293.9200134277344,294.8500061035156,284.77081298828125,20430500,403.07000732421875,406.04998779296875,402.8500061035156,403.25,379.1879577636719,4409200,438.3900146484375,441.67999267578125,438.20001220703125,438.6600036621094,413.4844055175781,72437500
2021-10-08,144.02999877929688,144.17999267578125,142.55999755859375,142.89999389648438,139.7599334716797,58773200,165.85000610351562,166.07150268554688,164.41000366210938,164.43099975585938,164.43099975585938,39964000,296.2200012207031,296.6400146484375,293.760009765625,294.8500061035156,284.77081298828125,17685700,404.0400085449219,404.3900146484375,401.94000244140625,402.489990234375,378.47332763671875,3960900,439.4800109863281,439.8900146484375,437.19000244140625,437.8599853515625,412.73016357421875,74557400
2021-10-11,142.27000427246094,144.80999755859375,141.80999755859375,142.80999755859375,139.671875,64452200,163.75,164.62950134277344,161.90499877929688,162.31500244140625,162.31500244140625,40684000,292.9200134277344,297.9700012207031,292.75,294.2300109863281,284.1720275878906,19298600,401.9100036621094,404.739990234375,399.55999755859375,399.55999755859375,375.7181396484375,3695700,437.1600036621094,440.260009765625,434.6199951171875,434.69000244140625,409.7422180175781,65233300
2021-10-12,143.22999572753906,143.25,141.0399932861328,141.50999450683594,138.4004669189453,73035900,162.85000610351562,163.37649536132812,161.81399536132812,162.3665008544922,162.3665008544922,36392000,295.3399963378906,295.44000244140625,292.3500061035156,292.8800048828125,282.8682556152344,17974100,400.54998779296875,400.9200134277344,397.8699951171875,398.760009765625,374.9659423828125,6201300,435.6700134277344,436.1000061035156,432.7799987792969,433.6199951171875,408.7335205078125,71181200
2021-10-13,141.24000549316406,141.39999389648438,139.1999969482422,140.91000366210938,137.81362915039062,78762700,163.48550415039062,164.41900634765625,163.05450439453125,164.21400451660156,164.21400451660156,48402000,294.9100036621094,297.2799987792969,293.489990234375,296.30999755859375,286.1808776855469,23416300,399.6400146484375,400.8800048828125,396.75,400.0400085449219,376.16949462890625,6492400,434.7099914550781,436.04998779296875,431.5400085449219,435.17999267578125,410.20404052734375,72974000
2021-10-14,142.11000061035156,143.8800048828125,141.50999450683594,143.75999450683594,140.60101318359375,69907100,165.12249755859375,165.6300048828125,164.53900146484375,164.9929962158203,164.9929962158203,42190000,299.2099914550781,303.2699890136719,297.8299865722656,302.75,292.40081787109375,27262900,403.70001220703125,406.95001220703125,403.2200012207031,406.760009765625,382.488525390625,3785200,439.0799865722656,442.6600036621094,438.5799865722656,442.5,417.1039733886719,70236800
2021-10-15,143.77000427246094,144.89999389648438,143.50999450683594,144.83999633789062,141.65725708007812,67940300,165.5709991455078,170.52099609375,165.1999969482422,170.4510040283203,170.4510040283203,103598000,302.3399963378906,304.45001220703125,300.5199890136719,304.2099914550781,293.8107604980469,25384800,408.9200134277344,410.260009765625,408.2799987792969,409.92999267578125,385.46929931640625,3501600,444.75,446.260009765625,444.0899963378906,445.8699951171875,420.28057861328125,66260200
2021-10-18,143.4499969482422,146.83999633789062,143.16000366210938,146.5500030517578,143.3297119140625,85589200,169.41799926757812,172.45849609375,169.2550048828125,172.33700561523438,172.33700561523438,63482000,303.57000732421875,308.2099914550781,302.69000244140625,307.2900085449219,296.78558349609375,22729300,408.20001220703125,411.4599914550781,407.5299987792969,411.17999267578125,386.64471435546875,3402700,443.9700012207031,447.54998779296875,443.2699890136719,447.19000244140625,421.5247497558594,62213200
2021-10-19,147.00999450683594,149.1699981689453,146.5500030517578,148.75999450683594,145.49114990234375,76378900,171.71449279785156,172.7344970703125,171.10000610351562,172.20750427246094,172.20750427246094,47722000,308.3500061035156,309.29998779296875,307.2200012207031,308.2300109863281,297.6934814453125,17682100,412.739990234375,414.3800048828125,412.1400146484375,414.3800048828125,389.65386962890625,2838300,448.9200134277344,450.7099914550781,448.2699890136719,450.6400146484375,424.77679443359375,46996800
2021-10-20,148.6999969482422,149.75,148.1199951171875,149.25999450683594,145.98016357421875,58418800,172.63299560546875,173.14300537109375,170.01849365234375,170.7530059814453,170.7530059814453,42796000,309.2099914550781,309.70001220703125,306.1099853515625,307.4100036621094,296.90142822265625,16537100,414.739990234375,416.2200012207031,414.6499938964844,415.989990234375,391.16778564453125,3208200,451.1300048828125,452.7300109863281,451.010009765625,452.4100036621094,426.4452209472656,49571600
2021-10-21,148.80999755859375,149.63999938964844,147.8699951171875,149.47999572753906,146.19532775878906,61421000,170.71249389648438,172.01400756835938,170.14999389648438,171.75050354003906,171.75050354003906,37628000,307.1700134277344,311.0199890136719,306.3599853515625,310.760009765625,300.136962890625,16918100,415.3800048828125,417.239990234375,414.94000244140625,417.010009765625,392.1269226074219,2579500,451.7699890136719,453.8299865722656,451.30999755859375,453.5899963378906,427.55743408203125,41305400
2021-10-22,149.69000244140625,150.17999267578125,148.63999938964844,148.69000244140625,145.4226837158203,58883400,171.0500030517578,171.49200439453125,166.56500244140625,166.77749633789062,166.77749633789062,62782000,310.3999938964844,311.0899963378906,307.79998779296875,309.1600036621094,298.5916748046875,17449300,416.5799865722656,418.0,414.70001220703125,416.5899963378906,391.7319641113281,3648900,453.1300048828125,454.6700134277344,451.04998779296875,453.1199951171875,427.11444091796875,58845100
2021-10-25,148.67999267578125,149.3699951171875,147.6199951171875,148.63999938964844,145.373779296875,50720600,166.75,167.38999938964844,164.88499450683594,166.01849365234375,166.01849365234375,44520000,309.3599853515625,309.3999938964844,306.4599914550781,308.1300048828125,297.5968933105469,17554500,417.6400146484375,419.1400146484375,415.92999267578125,418.75,393.7630920410156,2511500,454.2799987792969,455.8999938964844,452.3900146484375,455.54998779296875,429.4049987792969,45214500
2021-10-26,149.3300018310547,150.83999633789062,149.00999450683594,149.32000732421875,146.03883361816406,60893400,167.47549438476562,170.80599975585938,167.19900512695312,168.80349731445312,168.80349731445312,53966000,311.0,312.3999938964844,308.6000061035156,310.1099853515625,299.50921630859375,28107300,420.2699890136719,421.5299987792969,418.8599853515625,419.1499938964844,394.1392517089844,3085300,457.20001220703125,458.489990234375,455.55999755859375,455.9599914550781,429.7913818359375,56075100
2021-10-27,149.36000061035156,149.72999572753906,148.49000549316406,148.85000610351562,145.57916259765625,56094900,169.39999389648438,171.85000610351562,168.57249450683594,169.62449645996094,169.62449645996094,54044000,316.0,326.1000061035156,316.0,323.1700134277344,312.1227111816406,52588700,419.6600036621094,420.2900085449219,417.2799987792969,417.3299865722656,392.42779541015625,2873500,456.45001220703125,457.1600036621094,453.8599853515625,453.94000244140625,427.8873291015625,72438000
2021-10-28,149.82000732421875,153.1699981689453,149.72000122070312,152.57000732421875,149.21743774414062,100077900,170.10499572753906,173.9499969482422,169.3000030517578,172.32850646972656,172.32850646972656,114174000,324.3299865722656,324.8699951171875,321.3599853515625,324.3500061035156,313.262451171875,26297900,418.7799987792969,421.44000244140625,418.75,421.4100036621094,396.26434326171875,3643600,455.4599914550781,458.3999938964844,455.45001220703125,458.32000732421875,432.0160217285156,51437900
2021-10-29,147.22000122070312,149.94000244140625,146.41000366210938,149.8000030517578,146.50830078125,124953200,165.00100708007812,168.74099731445312,163.66600036621094,168.6215057373047,168.6215057373047,129722000,324.1300048828125,332.0,323.8999938964844,331.6199951171875,320.28387451171875,34766000,419.1499938964844,422.5199890136719,418.8699951171875,422.1600036621094,396.9696044921875,4637400,455.8699951171875,459.55999755859375,455.55999755859375,459.25,432.8927001953125,70162400
2021-11-01,148.99000549316406,149.6999969482422,147.8000030517578,148.9600067138672,145.686767578125,74588300,168.08999633789062,168.79299926757812,164.6009979248047,165.90550231933594,165.90550231933594,72178000,331.3599853515625,331.489990234375,326.3699951171875,329.3699951171875,318.1108093261719,27073200,423.19000244140625,423.57000732421875,421.2799987792969,423.04998779296875,397.8064880371094,3937300,460.29998779296875,460.70001220703125,458.20001220703125,460.0400085449219,433.6372985839844,48433600
2021-11-02,148.66000366210938,151.57000732421875,148.64999389648438,150.02000427246094,146.72348022460938,69122000,165.75050354003906,166.55599975585938,164.17750549316406,165.6374969482422,165.6374969482422,52552000,330.30999755859375,333.45001220703125,330.0,333.1300048828125,321.74237060546875,26487100,423.1499938964844,424.9599914550781,423.010009765625,424.69000244140625,399.3486328125,2989200,460.2200012207031,462.2300109863281,460.0799865722656,461.8999938964844,435.3905029296875,48908400
2021-11-03,150.38999938964844,151.97000122070312,149.82000732421875,151.49000549316406,148.16116333007812,54511500,165.4499969482422,169.74600219726562,164.87600708007812,169.1999969482422,169.1999969482422,67944000,333.8999938964844,334.8999938964844,330.6499938964844,334.0,322.58245849609375,21500100,424.1400146484375,427.6600036621094,423.69000244140625,427.25,401.755859375,3562900,461.29998779296875,465.1499938964844,460.8299865722656,464.7200012207031,438.0486755371094,52509800
2021-11-04,151.5800018310547,152.42999267578125,150.63999938964844,150.9600067138672,147.64280700683594,60394600,168.5,174.93150329589844,168.25,173.85000610351562,173.85000610351562,107060000,332.8900146484375,336.5400085449219,329.510009765625,336.44000244140625,324.9391174316406,23992200,427.8500061035156,429.3699951171875,427.5400085449219,429.25,403.63653564453125,4287300,465.3599853515625,467.0,464.989990234375,466.9100036621094,440.11297607421875,52847100
2021-11-05,151.88999938964844,152.1999969482422,150.05999755859375,151.27999877929688,148.17169189453125,65463900,173.85000610351562,178.3125,173.8489990234375,175.94949340820312,175.94949340820312,99940000,338.510009765625,338.7900085449219,334.4200134277344,336.05999755859375,324.5721130371094,22570100,431.54998779296875,432.760009765625,429.29998779296875,430.7099914550781,405.0093688964844,4942900,469.2799987792969,470.6499938964844,466.9200134277344,468.5299987792969,441.63995361328125,66390600
2021-11-08,151.41000366210938,151.57000732421875,150.16000366210938,150.44000244140625,147.34898376464844,55020900,176.16200256347656,178.9499969482422,174.39300537109375,174.44900512695312,174.44900512695312,61480000,337.29998779296875,337.6499938964844,334.44000244140625,336.989990234375,325.4703369140625,20897000,431.8800048828125,432.3399963378906,430.5,431.2300109863281,405.4983215332031,3511600,469.70001220703125,470.2300109863281,468.20001220703125,468.92999267578125,442.0170593261719,50405200
2021-11-09,150.1999969482422,151.42999267578125,150.05999755859375,150.80999755859375,147.7113494873047,56787900,175.7624969482422,179.68850708007812,175.07150268554688,178.81149291992188,178.81149291992188,85898000,337.1099853515625,338.7200012207031,334.5299987792969,335.95001220703125,324.4658508300781,21307400,431.55999755859375,431.75,428.3399963378906,429.7200012207031,404.0784606933594,4696000,469.32000732421875,469.57000732421875,465.8800048828125,467.3800048828125,440.5560302734375,51149100
2021-11-10,150.02000427246094,150.1300048828125,147.85000610351562,147.9199981689453,144.8807373046875,65187100,178.19349670410156,180.2725067138672,173.1544952392578,174.1024932861328,174.1024932861328,80548000,334.57000732421875,334.6300048828125,329.9200134277344,330.79998779296875,319.49188232421875,25500900,428.0899963378906,429.7300109863281,424.80999755859375,426.260009765625,400.824951171875,6350700,465.5799865722656,467.3800048828125,462.0400085449219,463.6199951171875,437.01177978515625,69429700
2021-11-11,148.9600067138672,149.42999267578125,147.67999267578125,147.8699951171875,144.831787109375,41000000,175.64999389648438,177.16200256347656,173.37350463867188,173.625,173.625,45288000,331.25,333.7699890136719,330.510009765625,332.42999267578125,321.0661926269531,16849800,427.70001220703125,427.82000732421875,426.3900146484375,426.3999938964844,400.95660400390625,3634600,465.2099914550781,465.2900085449219,463.75,463.7699890136719,437.1531982421875,34848500
2021-11-12,148.42999267578125,150.39999389648438,147.47999572753906,149.99000549316406,146.90821838378906,63804000,174.25,177.0364990234375,172.3524932861328,176.25750732421875,176.25750732421875,53788000,333.9200134277344,337.2300109863281,333.7900085449219,336.7200012207031,325.2095031738281,23831000,427.6600036621094,430.1700134277344,426.7300109863281,429.57000732421875,403.9373779296875,3655500,465.1199951171875,467.8599853515625,464.1099853515625,467.2699890136719,440.4522399902344,53466700
2021-11-15,150.3699951171875,151.8800048828125,149.42999267578125,150.0,146.91802978515625,59222800,176.85000610351562,179.69400024414062,176.29049682617188,177.28399658203125,177.28399658203125,58594000,337.5400085449219,337.8800048828125,334.0299987792969,336.07000732421875,324.581787109375,16723000,430.95001220703125,431.010009765625,428.6499938964844,429.7699890136719,404.1255187988281,3122300,468.6400146484375,468.80999755859375,466.2300109863281,467.42999267578125,440.6031494140625,46980500
2021-11-16,149.94000244140625,151.49000549316406,149.33999633789062,151.0,147.8974609375,59256200,176.9499969482422,178.8249969482422,176.25750732421875,177.03500366210938,177.03500366210938,44342000,335.67999267578125,340.6700134277344,335.510009765625,339.510009765625,327.9042053222656,20886800,429.5199890136719,432.5899963378906,429.4700012207031,431.4100036621094,405.6676025390625,3267000,467.1499938964844,470.489990234375,467.07000732421875,469.2799987792969,442.346923828125,48857500
2021-11-17,151.0,155.0,150.99000549316406,153.49000549316406,150.33628845214844,88807000,178.23599243164062,179.3625030517578,177.2675018310547,177.4499969482422,177.4499969482422,51206000,338.94000244140625,342.19000244140625,338.0,339.1199951171875,328.1267395019531,19053400,431.239990234375,431.3900146484375,429.8399963378906,430.3699951171875,404.68975830078125,3764900,469.0,469.19000244140625,467.4800109863281,468.1400146484375,441.27239990234375,47858300
2021-11-18,153.7100067138672,158.6699981689453,153.0500030517578,157.8699951171875,154.62632751464844,137827700,178.3175048828125,185.2100067138672,178.0500030517578,184.80299377441406,184.80299377441406,114070000,338.17999267578125,342.45001220703125,337.1199951171875,341.2699890136719,330.20697021484375,22463500,431.44000244140625,432.1700134277344,428.79998779296875,431.8599853515625,406.09075927734375,4732200,469.239990234375,470.010009765625,466.3399963378906,469.7300109863281,442.7711181640625,50625600
2021-11-19,157.64999389648438,161.02000427246094,156.52999877929688,160.5500030517578,157.25123596191406,117305600,185.63450622558594,188.1074981689453,183.78599548339844,183.82850646972656,183.82850646972656,98734000,342.6400146484375,345.1000061035156,342.20001220703125,343.1099853515625,331.9874267578125,21963400,431.8699951171875,432.989990234375,430.3800048828125,431.04998779296875,405.3291015625,4886200,469.6099853515625,470.94000244140625,468.5,468.8900146484375,441.9793701171875,57315600
2021-11-22,161.67999267578125,165.6999969482422,161.0,161.02000427246094,157.71157836914062,117467900,183.81900024414062,185.67300415039062,178.375,178.6284942626953,178.6284942626953,96844000,344.6199951171875,349.6700134277344,339.54998779296875,339.8299865722656,328.8137512207031,31031100,432.92999267578125,435.4100036621094,429.7200012207031,429.9100036621094,404.2572021484375,4868300,470.8900146484375,473.5400085449219,467.3500061035156,467.57000732421875,440.7351379394531,72762000
2021-11-23,161.1199951171875,161.8000030517578,159.05999755859375,161.41000366210938,158.0935821533203,96041900,179.2519989013672,181.05250549316406,176.385498046875,179.0019989013672,179.0019989013672,73804000,337.04998779296875,339.45001220703125,333.55999755859375,337.67999267578125,326.7334289550781,30427600,429.57000732421875,431.2900085449219,427.0400085449219,430.4700012207031,404.78375244140625,6795200,467.2200012207031,469.1000061035156,464.45001220703125,468.19000244140625,441.31951904296875,73206500
2021-11-24,160.75,162.13999938964844,159.63999938964844,161.94000244140625,158.61268615722656,69463600,178.1334991455078,180.6820068359375,176.84249877929688,179.02049255371094,179.02049255371094,46560000,336.2799987792969,338.1600036621094,333.9100036621094,337.9100036621094,326.9559631347656,21661300,428.55999755859375,431.75,427.7099914550781,431.5299987792969,405.780517578125,4569600,466.05999755859375,469.57000732421875,465.19000244140625,469.44000244140625,442.497802734375,61858800
2021-11-26,159.57000732421875,160.4499969482422,156.36000061035156,156.80999755859375,153.58810424804688,76959800,180.10499572753906,181.6750030517578,175.20750427246094,175.22799682617188,175.22799682617188,59826000,334.3500061035156,337.92999267578125,328.1199951171875,329.67999267578125,318.9927978515625,24217200,425.19000244140625,426.5199890136719,420.8999938964844,422.1400146484375,396.9507751464844,7702500,462.3399963378906,463.8999938964844,457.7699890136719,458.9700012207031,432.6286926269531,112669600
2021-11-29,159.3699951171875,161.19000244140625,158.7899932861328,160.24000549316406,156.94761657714844,88748200,177.3820037841797,179.8000030517578,176.5749969482422,178.07850646972656,178.07850646972656,65312000,334.94000244140625,339.0299987792969,334.739990234375,336.6300048828125,325.7174072265625,28563500,426.7099914550781,428.9800109863281,424.54998779296875,427.239990234375,401.7464294433594,6300800,464.07000732421875,466.55999755859375,461.7300109863281,464.6000061035156,437.93560791015625,86268800
2021-11-30,159.99000549316406,165.52000427246094,159.9199981689453,165.3000030517578,161.90365600585938,174048100,178.1750030517578,179.2884979248047,174.60049438476562,175.35350036621094,175.35350036621094,80022000,335.32000732421875,337.7799987792969,328.989990234375,330.5899963378906,319.87322998046875,42885600,424.79998779296875,426.6300048828125,418.6300048828125,419.05999755859375,394.05450439453125,8657600,462.0,464.0299987792969,455.29998779296875,455.55999755859375,429.4144287109375,148559600
2021-12-01,167.47999572753906,170.3000030517578,164.52999877929688,164.77000427246094,161.38455200195312,152052500,177.25,177.99400329589844,172.0800018310547,172.18600463867188,172.18600463867188,74916000,335.1300048828125,339.2799987792969,329.3900146484375,330.0799865722656,319.3797302246094,33337600,424.4700012207031,427.2200012207031,413.9700012207031,414.239990234375,389.522216796875,8337000,461.6400146484375,464.6700134277344,450.2900085449219,450.5,424.64483642578125,131939200
2021-12-02,158.74000549316406,164.1999969482422,157.8000030517578,163.75999450683594,160.3953094482422,136739200,173.0,174.63499450683594,171.1875,171.8679962158203,171.8679962158203,64726000,330.29998779296875,333.489990234375,327.79998779296875,329.489990234375,318.8089294433594,30766000,414.4200134277344,422.05999755859375,414.0299987792969,420.55999755859375,395.4651184082031,10417700,450.7300109863281,459.07000732421875,450.30999755859375,457.3999938964844,431.1487731933594,127637800
2021-12-03,164.02000427246094,164.9600067138672,159.72000122070312,161.83999633789062,158.5147247314453,118023100,172.75,173.49349975585938,166.92999267578125,169.489501953125,169.489501953125,80712000,331.989990234375,332.70001220703125,318.0299987792969,323.010009765625,312.5389709472656,41779300,422.1199951171875,423.19000244140625,412.7699890136719,416.8399963378906,391.96697998046875,10228900,459.1700134277344,460.29998779296875,448.9200134277344,453.4200134277344,427.3972473144531,137331600
2021-12-06,164.2899932861328,167.8800048828125,164.27999877929688,165.32000732421875,161.9232635498047,107497000,169.64999389648438,173.69549560546875,166.9344940185547,171.36849975585938,171.36849975585938,68860000,323.95001220703125,327.45001220703125,319.2300109863281,326.19000244140625,315.6158752441406,30032600,419.4100036621094,423.6600036621094,417.0,421.82000732421875,396.6499328613281,7289500,456.1300048828125,460.7900085449219,453.55999755859375,458.7900085449219,432.4590148925781,98977500
2021-12-07,169.0800018310547,171.5800018310547,168.33999633789062,171.17999267578125,167.6627960205078,120405400,174.60000610351562,177.49949645996094,173.33450317382812,176.1645050048828,176.1645050048828,66410000,331.6400146484375,335.79998779296875,330.1000061035156,334.9200134277344,324.0628662109375,31021900,426.9800109863281,431.1000061035156,426.94000244140625,430.489990234375,404.8025207519531,4731900,464.4100036621094,468.8800048828125,458.6499938964844,468.2799987792969,441.40435791015625,95484700
2021-12-08,172.1300048828125,175.9600067138672,170.6999969482422,175.0800018310547,171.4827117919922,116998900,176.15049743652344,177.17999267578125,174.75050354003906,176.1580047607422,176.1580047607422,45254000,335.30999755859375,335.5,330.79998779296875,334.9700012207031,324.1112365722656,24761000,430.95001220703125,432.1400146484375,429.239990234375,431.70001220703125,405.9403076171875,4476500,468.70001220703125,470.0,466.8299865722656,469.5199890136719,442.5731201171875,72238800
2021-12-09,174.91000366210938,176.75,173.9199981689453,174.55999755859375,170.973388671875,108923700,175.75,176.96949768066406,174.13949584960938,174.17100524902344,174.17100524902344,46062000,334.4100036621094,336.489990234375,332.1199951171875,333.1000061035156,322.3018798828125,22214200,430.4599914550781,431.32000732421875,428.6099853515625,428.760009765625,403.17578125,5035400,468.1499938964844,469.6300048828125,466.1400146484375,466.3500061035156,439.58514404296875,61272600
2021-12-10,175.2100067138672,179.6300048828125,174.69000244140625,179.4499969482422,175.76292419433594,115402700,175.41700744628906,175.927001953125,170.5,172.21200561523438,172.21200561523438,60690000,334.9800109863281,343.0,334.7900085449219,342.5400085449219,331.43585205078125,38095700,431.44000244140625,432.9599914550781,428.95001220703125,432.8500061035156,407.02178955078125,6238300,469.2300109863281,470.8999938964844,466.510009765625,470.739990234375,443.72314453125,77159800
2021-12-13,181.1199951171875,182.1300048828125,175.52999877929688,175.74000549316406,172.12916564941406,153237000,172.0,172.10000610351562,169.1300048828125,169.5675048828125,169.5675048828125,62170000,340.67999267578125,343.7900085449219,339.0799865722656,339.3999938964844,328.39764404296875,28899400,432.3599853515625,432.6600036621094,428.75,429.010009765625,403.41082763671875,5923900,470.19000244140625,470.55999755859375,466.2699890136719,466.57000732421875,439.7925109863281,87724700
2021-12-14,175.25,177.74000549316406,172.2100067138672,174.3300018310547,170.7481231689453,139380400,167.5500030517578,169.49899291992188,166.44000244140625,169.0915069580078,169.0915069580078,55976000,333.2200012207031,334.6400146484375,324.1099853515625,328.3399963378906,317.6961669921875,44438700,425.79998779296875,428.239990234375,423.20001220703125,426.0899963378906,400.6651306152344,6522900,463.0899963378906,465.739990234375,460.25,463.3599853515625,436.7667236328125,97264100
2021-12-15,175.11000061035156,179.5,172.30999755859375,179.3000030517578,175.6160125732422,131063300,168.59800720214844,173.60000610351562,165.19500732421875,173.31500244140625,173.31500244140625,75794000,328.6099853515625,335.19000244140625,324.5,334.6499938964844,323.8015441894531,35381100,426.1099853515625,432.9800109863281,423.6700134277344,432.75,406.9277038574219,6871300,463.4200134277344,470.8599853515625,460.739990234375,470.6000061035156,443.59124755859375,116899300
2021-12-16,179.27999877929688,181.13999938964844,170.75,172.25999450683594,168.72064208984375,150185800,173.36849975585938,174.16600036621094,168.16050720214844,168.87100219726562,168.87100219726562,60876000,335.7099914550781,336.760009765625,323.0199890136719,324.8999938964844,314.3677062988281,35034800,434.55999755859375,434.79998779296875,427.3500061035156,428.8399963378906,403.2510681152344,7159500,472.57000732421875,472.8699951171875,464.79998779296875,466.45001220703125,439.67938232421875,116568600
2021-12-17,169.92999267578125,173.47000122070312,169.69000244140625,171.13999938964844,167.62367248535156,195432700,167.7104949951172,170.89849853515625,165.61349487304688,170.0175018310547,170.0175018310547,85542000,320.8800048828125,324.9200134277344,317.25,323.79998779296875,313.3033447265625,47750300,425.8500061035156,428.7900085449219,422.6700134277344,424.3900146484375,399.0665283203125,8882700,461.54998779296875,464.739990234375,458.05999755859375,459.8699951171875,434.9999694824219,135511600
2021-12-20,168.27999877929688,170.5800018310547,167.4600067138672,169.75,166.26222229003906,107499100,166.85000610351562,167.87449645996094,165.60000610351562,167.07899475097656,167.07899475097656,57372000,320.04998779296875,322.79998779296875,317.57000732421875,319.9100036621094,309.5394287109375,28326500,419.3900146484375,420.2200012207031,416.29998779296875,419.79998779296875,394.75042724609375,9903400,454.4800109863281,455.3999938964844,451.1400146484375,454.9800109863281,430.3744201660156,107134800
2021-12-21,171.55999755859375,173.1999969482422,169.1199951171875,172.99000549316406,169.43565368652344,91185900,167.85049438476562,170.7165069580078,165.6475067138672,170.41700744628906,170.41700744628906,55956000,323.2900085449219,327.7300109863281,319.79998779296875,327.2900085449219,316.68023681640625,24740600,421.6499938964844,425.8500061035156,419.5199890136719,425.69000244140625,401.7560729980469,6916700,458.6099853515625,463.2099914550781,456.30999755859375,463.05999755859375,438.0174865722656,69806300
2021-12-22,173.0399932861328,175.86000061035156,172.14999389648438,175.63999938964844,172.0311737060547,92135300,169.27000427246094,172.0500030517578,168.50050354003906,171.03700256347656,171.03700256347656,55036000,328.29998779296875,333.6099853515625,325.75,333.20001220703125,322.3986511230469,24831500,425.45001220703125,430.0899963378906,425.32000732421875,429.989990234375,405.8143310546875,4992200,462.7900085449219,467.80999755859375,462.5799865722656,467.69000244140625,442.3970031738281,58890200
2021-12-23,175.85000610351562,176.85000610351562,175.27000427246094,176.27999877929688,172.65806579589844,68356600,170.42799377441406,171.97500610351562,170.14999389648438,171.06849670410156,171.06849670410156,36788000,332.75,336.3900146484375,332.7300109863281,334.69000244140625,323.84039306640625,19617800,430.9100036621094,434.1000061035156,430.8699951171875,432.6400146484375,408.315185546875,5032700,468.75,472.19000244140625,468.6400146484375,470.6000061035156,445.1497497558594,56439700
2021-12-27,177.08999633789062,180.4199981689453,177.07000732421875,180.3300018310547,176.6248321533203,74919600,171.03700256347656,172.9429931640625,169.2154998779297,169.66949462890625,169.66949462890625,58688000,335.4599914550781,342.4800109863281,335.42999267578125,342.45001220703125,331.3487854003906,19947000,433.9800109863281,438.82000732421875,433.95001220703125,438.80999755859375,414.138427734375,4986300,472.05999755859375,477.30999755859375,472.010009765625,477.260009765625,451.44952392578125,56808600
2021-12-28,180.16000366210938,181.3300018310547,178.52999877929688,179.2899932861328,175.60623168945312,79144300,170.1824951171875,172.17599487304688,169.135498046875,170.66099548339844,170.66099548339844,54638000,343.1499938964844,343.80999755859375,340.32000732421875,341.25,330.1876525878906,15661500,439.2799987792969,440.19000244140625,437.6600036621094,438.4800109863281,413.8269958496094,4865800,477.7200012207031,478.80999755859375,476.05999755859375,476.8699951171875,451.0805969238281,47274600
2021-12-29,179.3300018310547,180.6300048828125,178.13999938964844,179.3800048828125,175.69436645507812,62348900,170.83999633789062,171.21200561523438,168.60049438476562,169.2010040283203,169.2010040283203,35754000,341.29998779296875,344.29998779296875,339.67999267578125,341.95001220703125,330.864990234375,15042000,438.5,439.95001220703125,437.5400085449219,439.010009765625,414.3271179199219,4596700,476.9800109863281,478.55999755859375,475.9200134277344,477.4800109863281,451.6575927734375,54503000
2021-12-30,179.47000122070312,180.57000732421875,178.08999633789062,178.1999969482422,174.5386199951172,59773000,169.6999969482422,170.88800048828125,168.5240020751953,168.64450073242188,168.64450073242188,37584000,341.9100036621094,343.1300048828125,338.82000732421875,339.32000732421875,328.32025146484375,15994500,439.3900146484375,440.3599853515625,437.32000732421875,437.7699890136719,413.1568908691406,3751800,477.92999267578125,479.0,475.6700134277344,476.1600036621094,450.408935546875,55329000
2021-12-31,178.08999633789062,179.22999572753906,177.25999450683594,177.57000732421875,173.9215545654297,64062300,168.95599365234375,169.35000610351562,166.55850219726562,166.7169952392578,166.7169952392578,47830000,338.510009765625,339.3599853515625,335.8500061035156,336.32000732421875,325.41748046875,18000800,437.2300109863281,438.3800048828125,436.3900146484375,436.57000732421875,412.0243835449219,5185600,475.6400146484375,476.8599853515625,474.6700134277344,474.9599914550781,449.27386474609375,65237400
2022-01-03,177.8300018310547,182.8800048828125,177.7100067138672,182.00999450683594,178.27029418945312,104487900,167.5500030517578,170.70350646972656,166.16050720214844,170.4044952392578,170.4044952392578,63520000,335.3500061035156,338.0,329.7799987792969,334.75,323.8984069824219,28865100,437.92999267578125,439.2699890136719,435.6400146484375,439.25,414.5536804199219,6017300,476.29998779296875,477.8500061035156,473.8500061035156,477.7099914550781,451.8751525878906,72668200
2022-01-04,182.6300048828125,182.94000244140625,179.1199951171875,179.6999969482422,176.00779724121094,99310400,170.43800354003906,171.39999389648438,166.34950256347656,167.52200317382812,167.52200317382812,70726000,334.8299865722656,335.20001220703125,326.1199951171875,329.010009765625,318.3444519042969,32674300,440.5799865722656,441.260009765625,437.2200012207031,439.07000732421875,414.38385009765625,6262200,479.2200012207031,479.9800109863281,475.5799865722656,477.54998779296875,451.72381591796875,71178700
2022-01-05,179.61000061035156,180.1699981689453,174.63999938964844,174.9199981689453,171.32601928710938,94537600,166.88299560546875,167.12649536132812,164.35699462890625,164.35699462890625,164.35699462890625,64302000,325.8599853515625,326.07000732421875,315.9800109863281,316.3800048828125,306.1239013671875,40054300,438.7799987792969,439.4100036621094,430.5299987792969,430.6600036621094,406.44659423828125,7539600,477.1600036621094,477.9800109863281,468.2799987792969,468.3800048828125,443.0497131347656,104538900
2022-01-06,172.6999969482422,175.3000030517578,171.63999938964844,172.0,168.4660186767578,96904000,163.45050048828125,164.8000030517578,161.93699645996094,163.25399780273438,163.25399780273438,51958000,313.1499938964844,318.70001220703125,311.489990234375,313.8800048828125,303.70489501953125,39646100,430.20001220703125,432.8299865722656,427.8999938964844,430.0799865722656,405.8992004394531,7971500,467.8900146484375,470.82000732421875,465.42999267578125,467.94000244140625,442.63348388671875,86858900
2022-01-07,172.88999938964844,174.13999938964844,171.02999877929688,172.1699981689453,168.63250732421875,86709100,163.83900451660156,165.24349975585938,162.031005859375,162.5540008544922,162.5540008544922,46606000,314.1499938964844,316.5,310.0899963378906,314.0400085449219,303.8597106933594,32720000,430.2099914550781,431.3599853515625,427.20001220703125,428.5899963378906,404.4930114746094,6157500,467.95001220703125,469.20001220703125,464.6499938964844,466.0899963378906,440.8835754394531,85111600
2022-01-10,169.0800018310547,172.5,168.1699981689453,172.19000244140625,168.65211486816406,106765600,160.5854949951172,161.6614990234375,156.30450439453125,161.48599243164062,161.48599243164062,87798000,309.489990234375,314.7200012207031,304.69000244140625,314.2699890136719,304.082275390625,44289500,425.3800048828125,428.19000244140625,419.7699890136719,428.0299987792969,403.9644775390625,10481500,462.70001220703125,465.739990234375,456.6000061035156,465.510009765625,440.3349304199219,119362000
2022-01-11,172.32000732421875,175.17999267578125,170.82000732421875,175.0800018310547,171.4827117919922,76138300,161.5,166.35000610351562,160.70150756835938,165.36199951171875,165.36199951171875,62806000,313.3800048828125,316.6099853515625,309.8900146484375,314.9800109863281,304.7693176269531,29386800,427.67999267578125,431.95001220703125,424.7799987792969,431.7799987792969,407.5036315917969,7282400,465.2300109863281,469.8500061035156,462.04998779296875,469.75,444.34564208984375,74303100
2022-01-12,176.1199951171875,177.17999267578125,174.82000732421875,175.52999877929688,171.9234619140625,74805200,166.5749969482422,166.8780059814453,164.41700744628906,165.20700073242188,165.20700073242188,50030000,319.6700134277344,323.4100036621094,317.0799865722656,318.2699890136719,307.9526062011719,34372200,433.55999755859375,435.0400085449219,431.1400146484375,433.07000732421875,408.7211608886719,8270300,471.5899963378906,473.20001220703125,468.94000244140625,471.0199890136719,445.5469055175781,67605400
2022-01-13,175.77999877929688,176.6199951171875,171.7899932861328,172.19000244140625,168.65211486816406,84505800,165.25050354003906,166.22149658203125,161.09100341796875,161.21400451660156,161.21400451660156,52188000,320.4700012207031,320.8800048828125,304.0,304.79998779296875,294.91925048828125,45366000,434.0899963378906,434.7200012207031,426.0899963378906,427.1000061035156,403.0867919921875,7521300,472.19000244140625,472.8800048828125,463.44000244140625,464.5299987792969,439.4079284667969,91173100
2022-01-14,171.33999633789062,173.77999877929688,171.08999633789062,173.07000732421875,169.51400756835938,80440800,160.14999389648438,162.25,159.80050659179688,162.13800048828125,162.13800048828125,45974000,304.25,310.82000732421875,303.75,310.20001220703125,300.14422607421875,39846400,423.95001220703125,427.5799865722656,422.80999755859375,427.2300109863281,403.20941162109375,9960800,461.19000244140625,465.0899963378906,459.8999938964844,464.7200012207031,439.5876159667969,95890900
2022-01-18,171.50999450683594,172.5399932861328,169.41000366210938,169.8000030517578,166.31118774414062,90956700,159.10499572753906,159.7344970703125,157.6645050048828,158.91749572753906,158.91749572753906,67292000,304.07000732421875,309.79998779296875,301.739990234375,302.6499938964844,292.83892822265625,42333200,422.6199951171875,424.9800109863281,417.3299865722656,419.739990234375,396.1405944824219,10681500,459.739990234375,459.9599914550781,455.30999755859375,456.489990234375,431.80279541015625,109709100
2022-01-19,170.0,171.0800018310547,165.94000244140625,166.22999572753906,162.81455993652344,94815000,158.76199340820312,159.25,156.25,156.2989959716797,156.2989959716797,53242000,306.2900085449219,313.9100036621094,302.70001220703125,303.3299865722656,293.49688720703125,45933900,421.1700134277344,422.5400085449219,415.07000732421875,415.3299865722656,391.97857666015625,8184100,458.1300048828125,459.6099853515625,451.4599914550781,451.75,427.319091796875,109357600
2022-01-20,166.97999572753906,169.67999267578125,164.17999267578125,164.50999450683594,161.12986755371094,91420500,156.76600646972656,158.0,151.3509979248047,151.66749572753906,151.66749572753906,71974000,309.07000732421875,311.6499938964844,301.1400146484375,301.6000061035156,291.8230285644531,35380700,417.1700134277344,421.75,410.2900085449219,410.760009765625,387.66552734375,8907600,453.75,458.739990234375,444.5,446.75,422.58953857421875,122379700
2022-01-21,164.4199981689453,166.3300018310547,162.3000030517578,162.41000366210938,159.0730438232422,122848900,149.9499969482422,150.89999389648438,142.07049560546875,142.64300537109375,142.64300537109375,163972000,302.69000244140625,304.1099853515625,295.6099853515625,296.0299987792969,286.43359375,57984400,409.7099914550781,411.92999267578125,402.6600036621094,402.69000244140625,380.04925537109375,16225900,445.55999755859375,448.05999755859375,437.95001220703125,437.9800109863281,414.29376220703125,202271200
2022-01-24,160.02000427246094,162.3000030517578,154.6999969482422,161.6199951171875,158.2992706298828,162294600,139.0,144.94500732421875,135.3520050048828,144.54400634765625,144.54400634765625,155624000,292.20001220703125,297.1099853515625,276.04998779296875,296.3699951171875,286.7625427246094,85731500,397.260009765625,404.8800048828125,386.8399963378906,404.3699951171875,381.634765625,22970700,432.0299987792969,440.3800048828125,420.760009765625,439.8399963378906,416.05322265625,251783900
2022-01-25,158.97999572753906,162.75999450683594,157.02000427246094,159.77999877929688,156.49705505371094,115798400,142.24249267578125,143.60000610351562,138.14500427246094,139.98599243164062,139.98599243164062,90824000,291.5199890136719,294.989990234375,285.1700134277344,288.489990234375,279.1380310058594,72848600,398.1700134277344,404.260009765625,392.7300109863281,399.4599914550781,377.00079345703125,16836300,433.05999755859375,439.7200012207031,427.1499938964844,434.4700012207031,410.9736022949219,167997300
2022-01-26,163.5,164.38999938964844,157.82000732421875,159.69000244140625,156.40890502929688,108275300,144.75,145.18499755859375,137.31849670410156,138.87249755859375,138.87249755859375,95602000,307.989990234375,308.5,293.0299987792969,296.7099914550781,287.091552734375,90428900,405.6600036621094,408.20001220703125,394.3399963378906,398.55999755859375,376.15142822265625,14377300,440.7200012207031,444.0400085449219,428.8599853515625,433.3800048828125,409.9425354003906,186391100
2022-01-27,162.4499969482422,163.83999633789062,158.27999877929688,159.22000122070312,155.94857788085938,121954600,140.8000030517578,144.24349975585938,139.35000610351562,139.6374969482422,139.6374969482422,77516000,302.6600036621094,307.29998779296875,297.92999267578125,299.8399963378906,290.1200256347656,53481300,402.92999267578125,405.9700012207031,394.82000732421875,396.5400085449219,374.2449951171875,12455200,438.260009765625,441.5899963378906,429.45001220703125,431.239990234375,407.9182434082031,149878300
2022-01-28,165.7100067138672,170.35000610351562,162.8000030517578,170.3300018310547,166.83030700683594,179935700,140.86050415039062,143.9980010986328,137.92950439453125,143.97799682617188,143.97799682617188,74392000,300.2300109863281,308.4800109863281,294.45001220703125,308.260009765625,298.2671203613281,49743700,397.82000732421875,406.3299865722656,393.29998779296875,406.260009765625,383.41851806640625,12096800,432.67999267578125,442.0,427.82000732421875,441.95001220703125,418.0491027832031,164457400
2022-01-31,170.16000366210938,175.0,169.50999450683594,174.77999877929688,171.18885803222656,115541600,144.75,150.36050415039062,144.30050659179688,149.57350158691406,149.57350158691406,78308000,308.95001220703125,312.3800048828125,306.3699951171875,310.9800109863281,300.8988952636719,46444500,405.6700134277344,413.9700012207031,404.3500061035156,413.69000244140625,390.4307861328125,9200400,441.239990234375,450.2799987792969,439.80999755859375,449.9100036621094,425.57861328125,152251400
2022-02-01,174.00999450683594,174.83999633789062,172.30999755859375,174.61000061035156,171.0223846435547,86213900,150.0,151.70799255371094,147.62750244140625,151.19349670410156,151.19349670410156,59220000,310.4100036621094,310.6300048828125,305.1300048828125,308.760009765625,298.7509765625,40950400,414.3399963378906,417.0400085449219,410.8999938964844,416.3900146484375,392.9789733886719,8154900,450.67999267578125,453.6300048828125,446.94000244140625,452.95001220703125,428.4542541503906,123155400
2022-02-02,174.75,175.8800048828125,173.3300018310547,175.83999633789062,172.2270965576172,84914300,155.05050659179688,155.0749969482422,148.86349487304688,150.6125030517578,150.6125030517578,87330000,309.6300048828125,315.1199951171875,308.8800048828125,313.4599914550781,303.29852294921875,36636000,418.9800109863281,421.17999267578125,416.5400085449219,420.3599853515625,396.7257385253906,6726500,455.5,458.1199951171875,453.04998779296875,457.3500061035156,432.61627197265625,117361000
2022-02-03,174.47999572753906,176.24000549316406,172.1199951171875,172.89999389648438,169.3474578857422,89418100,141.7375030517578,144.24749755859375,138.33299255371094,138.8455047607422,138.8455047607422,225532000,309.489990234375,311.2300109863281,299.9599914550781,301.25,291.48431396484375,43730000,414.5899963378906,416.42999267578125,409.7900085449219,410.5899963378906,387.50506591796875,7658300,450.95001220703125,452.9700012207031,445.7099914550781,446.6000061035156,422.4476623535156,118024400
2022-02-04,171.67999267578125,174.10000610351562,170.67999267578125,172.38999938964844,169.06309509277344,82465400,155.60650634765625,161.1999969482422,150.60800170898438,157.63949584960938,157.63949584960938,253456000,300.2099914550781,308.79998779296875,299.9700012207031,305.94000244140625,296.0222473144531,35096500,410.3399963378906,416.239990234375,408.05999755859375,412.5199890136719,389.3265380859375,8210000,446.3500061035156,452.7799987792969,443.8299865722656,448.70001220703125,424.4340515136719,118454400
2022-02-07,172.86000061035156,173.9499969482422,170.9499969482422,171.66000366210938,168.34719848632812,77251200,158.52000427246094,162.6909942626953,157.25,157.9355010986328,157.9355010986328,102624000,306.1700134277344,307.8399963378906,299.8999938964844,300.95001220703125,291.19403076171875,28533300,413.2300109863281,414.6199951171875,409.8999938964844,411.1600036621094,388.04302978515625,5620900,449.510009765625,450.989990234375,445.8500061035156,447.260009765625,423.0718688964844,84472900
2022-02-08,171.72999572753906,175.35000610351562,171.42999267578125,174.8300018310547,171.4560089111328,74829200,156.75050354003906,161.79249572753906,155.55050659179688,161.4134979248047,161.4134979248047,76040000,301.25,305.55999755859375,299.95001220703125,304.55999755859375,294.68707275390625,32421200,410.7200012207031,415.4599914550781,409.3500061035156,414.489990234375,391.18572998046875,5565700,446.7300109863281,451.9200134277344,445.2200012207031,450.94000244140625,426.5528869628906,81012000
2022-02-09,176.0500030517578,176.64999389648438,174.89999389648438,176.27999877929688,172.8780517578125,71285000,162.87350463867188,163.83450317382812,160.25,161.1894989013672,161.1894989013672,68786000,309.8699951171875,311.92999267578125,307.3900146484375,311.2099914550781,301.1214904785156,31284700,418.54998779296875,420.8699951171875,418.3500061035156,420.57000732421875,396.9239196777344,6284500,455.2200012207031,457.8800048828125,455.010009765625,457.5400085449219,432.7958984375,92589900
2022-02-10,174.13999938964844,175.47999572753906,171.5500030517578,172.1199951171875,168.7982940673828,90865900,158.35000610351562,160.7165069580078,157.75,159.0034942626953,159.0034942626953,68268000,304.0400085449219,309.1199951171875,300.70001220703125,302.3800048828125,292.5777282714844,45386200,414.92999267578125,420.79998779296875,411.1400146484375,413.17999267578125,389.94940185546875,9260500,451.3399963378906,457.7099914550781,447.20001220703125,449.32000732421875,425.0205078125,140103700
2022-02-11,172.3300018310547,173.0800018310547,168.0399932861328,168.63999938964844,165.38546752929688,98670700,158.13450622558594,159.0,152.73399353027344,153.2935028076172,153.2935028076172,77100000,303.19000244140625,304.2900085449219,294.2200012207031,295.0400085449219,285.47564697265625,39175600,413.1499938964844,415.20001220703125,403.57000732421875,404.94000244140625,382.1727294921875,10458600,449.4100036621094,451.6099853515625,438.94000244140625,440.4599914550781,416.6396484375,153214600
2022-02-14,167.3699951171875,169.5800018310547,166.55999755859375,168.8800048828125,165.620849609375,86185500,151.75100708007812,158.44850158691406,151.64999389648438,155.16700744628906,155.16700744628906,83230000,293.7699890136719,296.760009765625,291.3500061035156,295.0,285.43701171875,36359500,404.42999267578125,405.989990234375,400.239990234375,403.6199951171875,380.9269104003906,10167600,439.9200134277344,441.6000061035156,435.3399963378906,439.0199890136719,415.27752685546875,123006300
2022-02-15,170.97000122070312,172.9499969482422,170.25,172.7899932861328,169.45538330078125,62527400,157.60549926757812,158.0070037841797,154.6374969482422,156.510498046875,156.510498046875,56440000,300.010009765625,300.79998779296875,297.0199890136719,300.4700012207031,290.7296142578125,27058300,408.17999267578125,410.2900085449219,407.4599914550781,410.1000061035156,387.0426330566406,6815000,443.7300109863281,446.2799987792969,443.17999267578125,446.1000061035156,421.97467041015625,88482700
2022-02-16,171.85000610351562,173.33999633789062,170.0500030517578,172.5500030517578,169.21998596191406,61177400,155.79049682617188,158.83399963378906,154.7344970703125,158.10049438476562,158.10049438476562,52704000,298.3699951171875,300.8699951171875,293.67999267578125,299.5,290.3902587890625,29982100,408.20001220703125,411.8900146484375,406.32000732421875,410.5899963378906,387.50506591796875,7743800,443.92999267578125,448.05999755859375,441.94000244140625,446.6000061035156,422.4476623535156,84863600
2022-02-17,171.02999877929688,171.91000366210938,168.47000122070312,168.8800048828125,165.620849609375,69589300,158.14599609375,160.3489990234375,154.5,154.65249633789062,154.65249633789062,64032000,296.3599853515625,296.79998779296875,290.0,290.7300109863281,281.8870544433594,32461600,407.489990234375,407.9800109863281,401.2300109863281,401.8599853515625,379.2658996582031,7541000,443.2200012207031,446.57000732421875,436.4200134277344,437.05999755859375,413.4235534667969,102259100
2022-02-18,169.82000732421875,170.5399932861328,166.19000244140625,167.3000030517578,164.07131958007812,82772700,155.49949645996094,155.49949645996094,150.89300537109375,152.60150146484375,152.60150146484375,63604000,293.04998779296875,293.8599853515625,286.30999755859375,287.92999267578125,279.17218017578125,34264000,402.1499938964844,403.30999755859375,397.0,399.2900085449219,376.8404235839844,10570800,437.3299865722656,438.6600036621094,431.82000732421875,434.2300109863281,410.74658203125,132642900
2022-02-22,164.97999572753906,166.69000244140625,162.14999389648438,164.32000732421875,161.14886474609375,91162800,150.47850036621094,152.9824981689453,148.48550415039062,150.19749450683594,150.19749450683594,66128000,285.0,291.5400085449219,284.5,287.7200012207031,278.9686279296875,41736100,397.04998779296875,400.3699951171875,391.510009765625,394.9200134277344,372.71612548828125,10414700,431.8900146484375,435.5,425.8599853515625,429.57000732421875,406.338623046875,124391800
2022-02-23,165.5399932861328,166.14999389648438,159.75,160.07000732421875,156.98086547851562,90009200,151.65049743652344,151.76300048828125,144.6510009765625,144.82699584960938,144.82699584960938,64244000,290.17999267578125,291.70001220703125,280.1000061035156,280.2699890136719,271.7452697753906,37811200,397.739990234375,398.32000732421875,387.3800048828125,387.80999755859375,366.0057678222656,12154900,432.6600036621094,433.260009765625,421.3500061035156,421.95001220703125,399.1307373046875,132578000
2022-02-24,152.5800018310547,162.85000610351562,152.0,162.74000549316406,159.599365234375,141147500,139.83749389648438,151.74899291992188,139.5,151.35800170898438,151.35800170898438,100786000,272.510009765625,295.1600036621094,271.5199890136719,294.5899963378906,285.62957763671875,56989700,377.760009765625,394.1700134277344,377.5,393.7699890136719,371.6307678222656,21277200,411.0199890136719,428.760009765625,410.6400146484375,428.29998779296875,405.13726806640625,213942900
2022-02-25,163.83999633789062,165.1199951171875,160.8699951171875,164.85000610351562,161.6686553955078,91974200,150.5500030517578,153.99000549316406,149.2135009765625,153.7884979248047,153.7884979248047,62396000,295.1400146484375,297.6300048828125,291.6499938964844,297.30999755859375,288.2668762207031,32546700,394.95001220703125,402.5199890136719,393.3999938964844,402.3699951171875,379.7471618652344,11665200,429.6099853515625,437.8399963378906,427.8599853515625,437.75,414.0762023925781,121804500
2022-02-28,163.05999755859375,165.4199981689453,162.42999267578125,165.1199951171875,161.93344116210938,95056600,152.4250030517578,154.4499969482422,150.85000610351562,153.56300354003906,153.56300354003906,57684000,294.30999755859375,299.1400146484375,293.0,298.7900085449219,289.701904296875,34627500,397.17999267578125,402.8500061035156,396.0,401.3599853515625,378.7939758300781,11855900,432.0299987792969,438.20001220703125,430.70001220703125,436.6300048828125,413.0168151855469,145615000
2022-03-01,164.6999969482422,166.60000610351562,161.97000122070312,163.1999969482422,160.05044555664062,83474400,152.7324981689453,154.0989990234375,149.9770050048828,151.14199829101562,151.14199829101562,44874000,296.3999938964844,299.9700012207031,292.1499938964844,294.95001220703125,285.9786682128906,31217800,400.010009765625,401.9200134277344,392.7900085449219,395.3399963378906,373.1124267578125,9124400,435.0400085449219,437.1700134277344,427.1099853515625,429.9800109863281,406.7264709472656,137785900
2022-03-02,164.38999938964844,167.36000061035156,162.9499969482422,166.55999755859375,163.34561157226562,79724800,150.8489990234375,152.99949645996094,148.75,152.05250549316406,152.05250549316406,47334000,295.3599853515625,301.4700012207031,293.70001220703125,300.19000244140625,291.0592346191406,31873000,397.7200012207031,404.1000061035156,396.7799987792969,402.6000061035156,379.9642333984375,8185200,432.3699951171875,439.7200012207031,431.57000732421875,437.8900146484375,414.2086486816406,117726500
2022-03-03,168.47000122070312,168.91000366210938,165.5500030517578,166.22999572753906,163.02198791503906,76678400,153.531494140625,153.9290008544922,146.8560028076172,147.89849853515625,147.89849853515625,65198000,302.8900146484375,303.1300048828125,294.04998779296875,295.9200134277344,286.91925048828125,27314500,405.0199890136719,405.5400085449219,398.8800048828125,400.5799865722656,378.0578308105469,8745300,440.4700012207031,441.1099853515625,433.79998779296875,435.7099914550781,412.14654541015625,105501700
2022-03-04,164.49000549316406,165.5500030517578,162.10000610351562,163.1699981689453,160.0210418701172,83737200,147.15899658203125,147.85000610351562,143.8070068359375,145.64100646972656,145.64100646972656,60934000,294.2900085449219,295.6600036621094,287.1700134277344,289.8599853515625,281.0434875488281,32356500,396.92999267578125,398.42999267578125,393.3699951171875,397.3399963378906,375.0000915527344,6317700,431.75,433.3699951171875,427.8800048828125,432.1700134277344,408.7980041503906,113978200
2022-03-07,163.36000061035156,165.02000427246094,159.0399932861328,159.3000030517578,156.2257080078125,96418800,145.44349670410156,146.09449768066406,137.41650390625,137.4530029296875,137.4530029296875,86934000,288.5299987792969,289.69000244140625,278.5299987792969,278.9100036621094,270.42657470703125,43157200,396.7300109863281,397.0,385.55999755859375,385.6099853515625,363.9294738769531,8411500,431.54998779296875,432.29998779296875,419.3599853515625,419.42999267578125,396.74700927734375,137896600
2022-03-08,158.82000732421875,162.8800048828125,155.8000030517578,157.44000244140625,154.401611328125,131148300,136.68350219726562,140.69949340820312,133.57249450683594,136.01449584960938,136.01449584960938,91662000,277.79998779296875,283.9599914550781,270.0,275.8500061035156,267.4595642089844,48159500,385.760009765625,392.739990234375,381.6400146484375,382.70001220703125,361.1831359863281,9356100,419.6199951171875,427.2099914550781,415.1199951171875,416.25,393.7389221191406,164772700
2022-03-09,161.47999572753906,163.41000366210938,159.41000366210938,162.9499969482422,159.80526733398438,91454900,139.5,140.25,136.8280029296875,139.2790069580078,139.2790069580078,82656000,283.44000244140625,289.6000061035156,280.7799987792969,288.5,279.7248840332031,35204500,390.8800048828125,394.8500061035156,388.7200012207031,392.8999938964844,370.8095703125,5812600,425.1400146484375,429.510009765625,422.82000732421875,427.4100036621094,404.2953796386719,116990800
2022-03-10,160.1999969482422,160.38999938964844,155.97999572753906,158.52000427246094,155.46075439453125,105342000,145.68499755859375,148.67449951171875,143.97799682617188,146.8175048828125,146.8175048828125,135062000,283.0199890136719,286.6000061035156,280.5799865722656,285.5899963378906,276.90338134765625,30628000,388.44000244140625,392.010009765625,386.5299987792969,391.1499938964844,369.15802001953125,6394800,422.5199890136719,426.42999267578125,420.44000244140625,425.4800109863281,402.46978759765625,93972700
2022-03-11,158.92999267578125,159.27999877929688,154.5,154.72999572753906,151.74392700195312,96970100,149.57449340820312,149.6750030517578,145.36900329589844,145.52450561523438,145.52450561523438,68900000,287.9599914550781,289.510009765625,279.42999267578125,280.07000732421875,271.5513000488281,27209300,393.6199951171875,394.19000244140625,385.67999267578125,386.1600036621094,364.4486083984375,5872800,428.1199951171875,428.7699890136719,419.5299987792969,420.07000732421875,397.35235595703125,95636300
2022-03-14,151.4499969482422,154.1199951171875,150.10000610351562,150.6199951171875,147.71322631835938,108732100,145.9810028076172,147.4499969482422,140.88400268554688,141.85299682617188,141.85299682617188,74086000,280.3399963378906,285.3999938964844,275.82000732421875,276.44000244140625,268.0317077636719,30660700,387.07000732421875,390.2699890136719,382.25,383.3399963378906,361.7871398925781,6455000,420.8900146484375,424.54998779296875,415.7900085449219,417.0,394.4483947753906,95729200
2022-03-15,150.89999389648438,155.57000732421875,150.3800048828125,155.08999633789062,152.09693908691406,92964300,142.85000610351562,147.98500061035156,142.0,147.3665008544922,147.3665008544922,75584000,280.3500061035156,287.82000732421875,278.7300109863281,287.1499938964844,278.4159240722656,34245100,385.8599853515625,392.3699951171875,384.6300048828125,391.75,369.7242126464844,5739400,419.7699890136719,426.8399963378906,418.4200134277344,426.1700134277344,403.1224670410156,106219100
2022-03-16,157.0500030517578,160.0,154.4600067138672,159.58999633789062,156.5101318359375,102300200,148.5,153.14999389648438,147.35350036621094,153.10400390625,153.10400390625,84958000,289.1099853515625,294.57000732421875,283.20001220703125,294.3900146484375,285.4357604980469,37826300,395.5,400.54998779296875,390.54998779296875,400.510009765625,377.9918212890625,7407300,429.8900146484375,435.67999267578125,424.79998779296875,435.6199951171875,412.06134033203125,144954800
2022-03-17,158.61000061035156,161.0,157.6300048828125,160.6199951171875,157.52023315429688,75615400,152.6405029296875,157.49850463867188,152.13999938964844,157.23899841308594,157.23899841308594,72934000,293.2900085449219,295.6099853515625,289.3699951171875,295.2200012207031,286.24053955078125,30816600,398.6400146484375,405.55999755859375,398.29998779296875,405.4100036621094,382.6163635253906,5177500,433.5899963378906,441.07000732421875,433.19000244140625,441.07000732421875,417.2166442871094,102676900
2022-03-18,160.50999450683594,164.47999572753906,159.75999450683594,163.97999572753906,160.81541442871094,123511700,156.81300354003906,161.593994140625,156.01100158691406,161.25050354003906,161.25050354003906,102962000,295.3699951171875,301.0,292.7300109863281,300.42999267578125,291.2919616699219,43390600,403.9800109863281,410.2799987792969,403.239990234375,409.8900146484375,386.8444519042969,5875000,438.0,444.8599853515625,437.2200012207031,444.5199890136719,421.7863464355469,106345500
2022-03-21,163.50999450683594,166.35000610351562,163.00999450683594,165.3800048828125,162.1884002685547,95811400,161.12100219726562,163.08399963378906,159.55299377441406,161.4915008544922,161.4915008544922,66538000,298.8900146484375,300.1400146484375,294.8999938964844,299.1600036621094,290.0606384277344,28351200,409.8399963378906,411.75,406.42999267578125,409.9100036621094,386.8633117675781,4159500,444.3399963378906,446.4599914550781,440.67999267578125,444.3900146484375,421.6630554199219,88349800
2022-03-22,165.50999450683594,169.4199981689453,164.91000366210938,168.82000732421875,165.56201171875,81532000,161.8054962158203,166.16700744628906,161.69900512695312,164.88900756835938,164.88900756835938,64086000,299.79998779296875,305.0,298.7699890136719,304.05999755859375,294.8115539550781,27599700,411.20001220703125,415.5199890136719,411.20001220703125,414.6700134277344,391.35565185546875,4231700,445.8599853515625,450.5799865722656,445.8599853515625,449.5899963378906,426.59710693359375,74650400
2022-03-23,167.99000549316406,172.63999938964844,167.64999389648438,170.2100067138672,166.92520141601562,98062700,163.7050018310547,166.3699951171875,162.68699645996094,163.4080047607422,163.4080047607422,55812000,300.510009765625,303.2300109863281,297.7200012207031,299.489990234375,290.3806457519531,25715400,412.1600036621094,413.6199951171875,409.2900085449219,409.3299865722656,386.3158874511719,3742600,446.9100036621094,448.489990234375,443.7099914550781,443.79998779296875,421.1031494140625,79426100
2022-03-24,171.05999755859375,174.13999938964844,170.2100067138672,174.07000732421875,170.71067810058594,90131400,163.74949645996094,164.11849975585938,160.0500030517578,163.64950561523438,163.64950561523438,56798000,299.1400146484375,304.20001220703125,298.32000732421875,304.1000061035156,294.8503723144531,24484500,409.8900146484375,414.1000061035156,408.80999755859375,414.0199890136719,392.0581970214844,2977300,445.94000244140625,450.5,444.760009765625,450.489990234375,427.45111083984375,64736900
2022-03-25,173.8800048828125,175.27999877929688,172.75,174.72000122070312,171.34814453125,80546200,164.0,165.36849975585938,162.25,164.77349853515625,164.77349853515625,49032000,305.2300109863281,305.5,299.2900085449219,303.67999267578125,294.4430847167969,22566500,414.7900085449219,416.3599853515625,412.2099914550781,416.1199951171875,394.0467834472656,3638000,451.1600036621094,452.9800109863281,448.42999267578125,452.69000244140625,429.5385437011719,77101300
2022-03-28,172.1699981689453,175.72999572753906,172.0,175.60000610351562,172.21116638183594,90371900,164.97500610351562,169.03750610351562,164.89999389648438,168.99049377441406,168.99049377441406,59854000,304.3299865722656,310.79998779296875,304.3299865722656,310.70001220703125,301.24969482421875,29578200,415.5,419.04998779296875,413.69000244140625,418.989990234375,396.7645568847656,3395300,452.05999755859375,455.9100036621094,450.05999755859375,455.9100036621094,432.5939025878906,68529800
2022-03-29,176.69000244140625,179.00999450683594,176.33999633789062,178.9600067138672,175.5063018798828,100589400,170.38400268554688,170.8314971923828,167.86849975585938,169.31500244140625,169.31500244140625,66154000,313.9100036621094,315.82000732421875,309.04998779296875,315.4100036621094,305.81634521484375,30393400,422.9599914550781,424.7200012207031,420.25,424.2900085449219,401.783447265625,5510600,460.0199890136719,462.07000732421875,457.17999267578125,461.54998779296875,437.94537353515625,86581500
2022-03-30,178.5500030517578,179.61000061035156,176.6999969482422,177.77000427246094,174.33924865722656,92633200,168.50950622558594,168.95050048828125,165.5,166.30099487304688,166.30099487304688,56168000,313.760009765625,315.95001220703125,311.5799865722656,313.8599853515625,304.3134765625,28163600,423.260009765625,424.010009765625,419.5899963378906,421.6499938964844,399.283447265625,4794300,460.3399963378906,461.20001220703125,456.4700012207031,458.70001220703125,435.2411804199219,79666900
2022-03-31,177.83999633789062,178.02999877929688,174.39999389648438,174.61000061035156,171.240234375,103049300,166.44500732421875,166.4949951171875,162.95350646972656,162.99749755859375,162.99749755859375,59966000,313.8999938964844,315.1400146484375,307.8900146484375,308.30999755859375,298.93231201171875,33422100,420.9700012207031,421.6700134277344,415.04998779296875,415.1700134277344,393.1472473144531,5876600,457.8900146484375,458.760009765625,451.1600036621094,451.6400146484375,428.542236328125,121699900
2022-04-01,174.02999877929688,174.8800048828125,171.94000244140625,174.30999755859375,170.94606018066406,78751300,164.14950561523438,165.82699584960938,162.3195037841797,163.55999755859375,163.55999755859375,57090000,309.3699951171875,310.1300048828125,305.5400085449219,309.4200134277344,300.0085754394531,27110500,416.67999267578125,416.82000732421875,412.8699951171875,416.32000732421875,394.2362060546875,4663100,453.30999755859375,453.4599914550781,449.1400146484375,452.9200134277344,429.7567443847656,89048800
2022-04-04,174.57000732421875,178.49000549316406,174.44000244140625,178.44000244140625,174.99636840820312,76468400,164.125,168.39450073242188,163.20550537109375,168.34649658203125,168.34649658203125,49882000,310.0899963378906,315.1099853515625,309.7099914550781,314.9700012207031,305.38970947265625,24289600,416.45001220703125,419.9599914550781,415.7200012207031,419.8500061035156,397.5789489746094,5117200,453.1300048828125,456.9100036621094,452.260009765625,456.79998779296875,433.4383239746094,59601000
2022-04-05,177.5,178.3000030517578,174.4199981689453,175.05999755859375,171.68154907226562,73401800,167.7415008544922,168.11050415039062,163.26600646972656,164.05499267578125,164.05499267578125,53728000,313.2699890136719,314.8699951171875,309.8699951171875,310.8800048828125,301.42413330078125,23156700,418.55999755859375,420.82000732421875,413.5,414.6600036621094,392.664306640625,4112000,455.2200012207031,457.8299865722656,449.82000732421875,451.0299987792969,427.96343994140625,74214500
2022-04-06,172.36000061035156,173.6300048828125,170.1300048828125,171.8300018310547,168.51390075683594,89058800,161.65049743652344,162.1999969482422,157.25450134277344,158.75599670410156,158.75599670410156,79056000,305.19000244140625,307.0,296.7099914550781,299.5,290.3902587890625,40110400,410.760009765625,412.6600036621094,407.6400146484375,410.4599914550781,388.68701171875,5540700,446.8900146484375,448.92999267578125,443.4700012207031,446.5199890136719,423.6840515136719,106898000
2022-04-07,171.16000366210938,173.36000061035156,169.85000610351562,172.13999938964844,168.81793212890625,77594700,158.39999389648438,160.07899475097656,154.51150512695312,157.7845001220703,157.7845001220703,68136000,296.6600036621094,303.6499938964844,296.3500061035156,301.3699951171875,292.203369140625,31411200,409.6000061035156,414.29998779296875,407.739990234375,412.5299987792969,390.64727783203125,4954100,445.5899963378906,450.69000244140625,443.5299987792969,448.7699890136719,425.8190002441406,78097200
2022-04-08,171.77999877929688,171.77999877929688,169.1999969482422,170.08999633789062,166.8074951171875,76575500,156.75,157.36849975585938,154.2310028076172,154.4604949951172,154.4604949951172,46002000,300.44000244140625,301.1199951171875,296.2799987792969,296.9700012207031,287.9372863769531,24361900,411.8500061035156,414.2200012207031,409.9800109863281,411.5299987792969,389.7003173828125,4752800,447.9700012207031,450.6300048828125,445.94000244140625,447.57000732421875,424.680419921875,79272700
2022-04-11,168.7100067138672,169.02999877929688,165.5,165.75,162.55123901367188,72246700,152.71299743652344,154.13650512695312,150.5345001220703,151.1219940185547,151.1219940185547,52112000,291.7900085449219,292.6099853515625,285.0,285.260009765625,276.58343505859375,34569300,408.5,409.05999755859375,403.92999267578125,404.3999938964844,382.948486328125,3342800,444.1099853515625,445.0,439.3900146484375,439.9200134277344,417.421630859375,89770500
2022-04-12,168.02000427246094,169.8699951171875,166.63999938964844,167.66000366210938,164.42437744140625,79265200,153.6925048828125,155.0989990234375,150.38299560546875,150.78750610351562,150.78750610351562,55178000,289.239990234375,290.739990234375,280.489990234375,282.05999755859375,273.4807434082031,30966700,407.3299865722656,409.7099914550781,401.3699951171875,402.9200134277344,381.5469970703125,6615800,443.0799865722656,445.75,436.6499938964844,438.2900085449219,415.875,84363600
2022-04-13,167.38999938964844,171.0399932861328,166.77000427246094,170.39999389648438,167.1114959716797,70618900,150.01849365234375,156.02499389648438,149.60000610351562,155.54100036621094,155.54100036621094,53390000,282.7300109863281,288.5799865722656,281.29998779296875,287.6199951171875,278.87158203125,21907200,402.57000732421875,408.20001220703125,402.4800109863281,407.4700012207031,385.8556823730469,4358700,438.0299987792969,444.1099853515625,437.8399963378906,443.30999755859375,420.6382141113281,74070400
2022-04-14,170.6199951171875,171.27000427246094,165.0399932861328,165.2899932861328,162.10011291503906,75329400,155.38999938964844,155.89700317382812,151.4720001220703,151.7064971923828,151.7064971923828,51598000,288.0899963378906,288.30999755859375,279.32000732421875,279.8299865722656,271.31854248046875,28221600,407.7200012207031,408.7799987792969,402.3399963378906,402.5199890136719,381.1681823730469,3735700,443.54998779296875,444.7300109863281,437.67999267578125,437.7900085449219,415.4006042480469,97869500
2022-04-18,163.9199981689453,166.60000610351562,163.57000732421875,165.07000732421875,161.88436889648438,69023900,151.52349853515625,154.0395050048828,150.25050354003906,152.78500366210938,152.78500366210938,46514000,278.9100036621094,282.4599914550781,278.3399963378906,280.5199890136719,271.9876403808594,20778000,401.54998779296875,404.2200012207031,400.44000244140625,402.5899963378906,381.2345275878906,4305900,436.80999755859375,439.75,435.6099853515625,437.9700012207031,415.57135009765625,66002500
2022-04-19,165.02000427246094,167.82000732421875,163.91000366210938,167.39999389648438,164.16940307617188,67723800,152.0294952392578,158.6490020751953,151.55050659179688,158.11549377441406,158.11549377441406,54926000,279.3800048828125,286.1700134277344,278.4100036621094,285.29998779296875,276.6222229003906,22297700,402.5799865722656,409.7699890136719,402.3599853515625,409.0199890136719,387.32342529296875,3841500,437.8599853515625,445.79998779296875,437.67999267578125,445.0400085449219,422.2797546386719,77821000
2022-04-20,168.75999450683594,168.8800048828125,166.10000610351562,167.22999572753906,164.002685546875,67929800,157.6024932861328,157.6024932861328,153.60350036621094,153.9980010986328,153.9980010986328,59630000,289.3999938964844,289.70001220703125,285.3699951171875,286.3599853515625,277.64996337890625,22906700,410.82000732421875,411.3900146484375,407.6700134277344,408.7099914550781,387.0298767089844,5067100,446.9200134277344,447.57000732421875,443.4800109863281,444.7099914550781,421.96661376953125,65224400
2022-04-21,168.91000366210938,171.52999877929688,165.91000366210938,166.4199981689453,163.2083282470703,87227800,154.71400451660156,156.73800659179688,147.58949279785156,148.29600524902344,148.29600524902344,63970000,288.5799865722656,293.29998779296875,280.05999755859375,280.80999755859375,272.26873779296875,29454600,412.3800048828125,413.67999267578125,401.79998779296875,402.6499938964844,381.291259765625,4670200,448.5400085449219,450.010009765625,437.1000061035156,438.05999755859375,415.6567077636719,85417300
2022-04-22,166.4600067138672,167.8699951171875,161.5,161.7899932861328,158.6676483154297,84882400,148.25,149.61500549316406,143.69749450683594,144.35000610351562,144.35000610351562,73078000,281.67999267578125,283.20001220703125,273.3800048828125,274.0299987792969,265.69500732421875,29405800,401.6700134277344,401.8900146484375,391.1000061035156,391.6600036621094,370.88433837890625,6326400,436.9100036621094,438.0799865722656,425.44000244140625,426.0400085449219,404.25146484375,132471800
2022-04-25,161.1199951171875,163.1699981689453,158.4600067138672,162.8800048828125,159.73663330078125,96046400,144.0229949951172,146.22149658203125,142.30650329589844,146.07400512695312,146.07400512695312,61874000,273.2900085449219,281.1099853515625,270.7699890136719,280.7200012207031,272.1815490722656,35678900,389.4200134277344,394.05999755859375,385.0,393.79998779296875,372.9107971191406,8141200,423.6700134277344,428.69000244140625,418.8399963378906,428.510009765625,406.5951843261719,119647700
2022-04-26,162.25,162.33999633789062,156.72000122070312,156.8000030517578,153.7739715576172,95623200,144.8000030517578,144.8560028076172,138.92950439453125,139.39100646972656,139.39100646972656,77530000,277.5,278.3599853515625,270.0,270.2200012207031,262.00091552734375,46518400,391.3999938964844,391.5899963378906,382.44000244140625,382.5400085449219,362.248046875,8493000,425.8299865722656,426.0400085449219,416.07000732421875,416.1000061035156,394.81976318359375,103996300
2022-04-27,155.91000366210938,159.7899932861328,155.3800048828125,156.57000732421875,153.5484161376953,88063200,140.19149780273438,141.94850158691406,135.7834930419922,138.16700744628906,138.16700744628906,71336000,282.1000061035156,290.9700012207031,279.1600036621094,283.2200012207031,274.6054992675781,63477700,383.5,388.75,381.5,383.5299987792969,363.1855773925781,6415700,417.239990234375,422.9200134277344,415.010009765625,417.2699890136719,395.9299621582031,122030000
2022-04-28,159.25,164.52000427246094,158.92999267578125,163.63999938964844,160.4819793701172,130216800,142.17799377441406,145.9375,140.3000030517578,144.59649658203125,144.59649658203125,117316000,285.19000244140625,290.9800109863281,281.4599914550781,289.6300048828125,280.82049560546875,33646600,388.2300109863281,394.8999938964844,383.8699951171875,393.1400146484375,372.2857666015625,7030200,422.2900085449219,429.6400146484375,417.6000061035156,427.80999755859375,405.930908203125,105449100
2022-04-29,161.83999633789062,166.1999969482422,157.25,157.64999389648438,154.60757446289062,131747600,129.8489990234375,130.76100158691406,121.625,124.28150177001953,124.28150177001953,272662000,288.6099853515625,289.8800048828125,276.5,277.5199890136719,269.0788269042969,37073900,389.4200134277344,391.45001220703125,378.0,378.70001220703125,358.6117248535156,8221900,423.5899963378906,425.8699951171875,411.2099914550781,412.0,390.92950439453125,145491100
2022-05-02,156.7100067138672,158.22999572753906,153.27000427246094,157.9600067138672,154.9115753173828,123055300,122.4010009765625,124.66799926757812,118.375,124.5,124.5,148788000,277.7099914550781,284.94000244140625,276.2200012207031,284.4700012207031,275.8174743652344,35151100,378.7900085449219,382.2699890136719,372.3299865722656,381.0799865722656,360.865478515625,10737000,412.07000732421875,415.9200134277344,405.0199890136719,414.4800109863281,393.2826843261719,158312500
2022-05-03,158.14999389648438,160.7100067138672,156.32000732421875,159.47999572753906,156.40223693847656,88966500,124.05349731445312,126.22049713134766,122.82499694824219,124.25350189208984,124.25350189208984,79134000,283.9599914550781,284.1300048828125,280.1499938964844,281.7799987792969,273.2091979980469,25978600,381.6199951171875,385.05999755859375,380.0,382.7300109863281,362.4280700683594,5607700,415.010009765625,418.92999267578125,413.3599853515625,416.3800048828125,395.0855407714844,100028200
2022-05-04,159.6699981689453,166.47999572753906,159.25999450683594,166.02000427246094,162.8160400390625,108256500,123.5999984741211,126.0,119.18299865722656,125.92849731445312,125.92849731445312,110746000,282.5899963378906,290.8800048828125,276.7300109863281,289.9800109863281,281.1598815917969,33599300,383.3500061035156,394.92999267578125,380.2799987792969,394.3399963378906,373.4221496582031,7367500,417.0799865722656,429.6600036621094,413.7099914550781,429.05999755859375,407.11700439453125,144247900
2022-05-05,163.85000610351562,164.0800018310547,154.9499969482422,156.77000427246094,153.7445068359375,130525300,123.0,123.4990005493164,115.07250213623047,116.40699768066406,116.40699768066406,144392000,285.5400085449219,286.3500061035156,274.3399963378906,277.3500061035156,268.9140319824219,43260400,390.2200012207031,390.30999755859375,376.3500061035156,380.489990234375,360.3067932128906,10477300,424.54998779296875,425.0,409.44000244140625,413.80999755859375,392.6469421386719,172929100
2022-05-06,156.00999450683594,159.44000244140625,154.17999267578125,157.27999877929688,154.47132873535156,116124600,114.8499984741211,119.05049896240234,113.08149719238281,114.77249908447266,114.77249908447266,124260000,274.80999755859375,279.25,271.2699890136719,274.7300109863281,266.3737487792969,37780300,378.010009765625,381.2799987792969,372.95001220703125,378.1000061035156,358.0436706542969,7959600,411.1000061035156,414.79998779296875,405.7300109863281,411.3399963378906,390.30322265625,151770800
2022-05-09,154.92999267578125,155.8300018310547,151.49000549316406,152.05999755859375,149.3445587158203,131577900,111.3125,114.0,107.95700073242188,108.78900146484375,108.78900146484375,128124000,270.05999755859375,272.3599853515625,263.32000732421875,264.5799865722656,256.5323791503906,47726000,372.3599853515625,373.55999755859375,364.5,365.8999938964844,346.49072265625,10793200,405.1000061035156,406.4100036621094,396.5,398.1700134277344,377.80682373046875,155586100
2022-05-10,155.52000427246094,156.74000549316406,152.92999267578125,154.50999450683594,151.7507781982422,115366700,111.25,112.64250183105469,107.1709976196289,108.85900115966797,108.85900115966797,105434000,271.69000244140625,273.75,265.07000732421875,269.5,261.302734375,39336400,371.8999938964844,373.2200012207031,362.9100036621094,366.8399963378906,347.3808898925781,7870800,404.489990234375,406.0799865722656,394.82000732421875,399.0899963378906,378.6797790527344,132497200
2022-05-11,153.5,155.4499969482422,145.80999755859375,146.5,143.8838348388672,142689800,108.10350036621094,110.15599822998047,104.42849731445312,105.37200164794922,105.37200164794922,109704000,265.67999267578125,271.3599853515625,259.29998779296875,260.54998779296875,252.62498474121094,48975900,365.9700012207031,371.3599853515625,360.2699890136719,360.92999267578125,341.7844543457031,8026900,398.07000732421875,404.0400085449219,391.9599914550781,392.75,372.6639709472656,142361000
2022-05-12,142.77000427246094,146.1999969482422,138.8000030517578,142.55999755859375,140.0142364501953,182602000,102.75,110.78050231933594,102.40550231933594,106.93049621582031,106.93049621582031,132026000,257.69000244140625,259.8800048828125,250.02000427246094,255.35000610351562,247.5831756591797,51033800,357.8399963378906,363.75,354.0199890136719,360.6499938964844,341.5192565917969,7679200,389.3699951171875,395.79998779296875,385.1499938964844,392.3399963378906,372.2748718261719,125090800
2022-05-13,144.58999633789062,148.10000610351562,143.11000061035156,147.11000061035156,144.48297119140625,113990900,109.06900024414062,113.18399810791016,107.80000305175781,113.05500030517578,113.05500030517578,93684000,257.3500061035156,263.0400085449219,255.35000610351562,261.1199951171875,253.1776580810547,34925100,364.7300109863281,370.5799865722656,363.6400146484375,369.1600036621094,349.5778503417969,5377400,396.7099914550781,403.17999267578125,395.6099853515625,401.7200012207031,381.1752624511719,104174400
2022-05-16,145.5500030517578,147.52000427246094,144.17999267578125,145.5399932861328,142.9409637451172,86643800,113.0999984741211,113.99250030517578,110.35399627685547,110.81050109863281,110.81050109863281,74566000,259.9599914550781,265.82000732421875,255.77999877929688,261.5,253.54615783691406,32550900,367.7099914550781,371.3500061035156,365.45001220703125,367.8399963378906,348.3278503417969,4719800,399.9800109863281,403.9700012207031,397.6000061035156,400.0899963378906,379.62860107421875,78622400
2022-05-17,148.86000061035156,149.77000427246094,146.67999267578125,149.24000549316406,146.57489013671875,78336300,113.2750015258789,115.80000305175781,111.27649688720703,115.36849975585938,115.36849975585938,76448000,266.1099853515625,268.3299865722656,262.4599914550781,266.82000732421875,258.7043151855469,28828800,373.6600036621094,375.55999755859375,370.0799865722656,375.20001220703125,355.2974853515625,4513300,406.5299987792969,408.57000732421875,402.5799865722656,408.32000732421875,387.437744140625,83029700
2022-05-18,146.85000610351562,147.36000061035156,139.89999389648438,140.82000732421875,138.30528259277344,109742900,111.43949890136719,112.85299682617188,106.2490005493164,107.11250305175781,107.11250305175781,108380000,263.0,263.6000061035156,252.77000427246094,254.0800018310547,246.9255828857422,31356000,370.9800109863281,371.1600036621094,359.0,360.3399963378906,341.2257080078125,6883600,403.5,403.79998779296875,390.54998779296875,391.8599853515625,371.81951904296875,117674500
2022-05-19,139.8800048828125,141.66000366210938,136.60000610351562,137.35000610351562,134.89724731445312,136095600,106.28050231933594,110.03399658203125,106.19300079345703,107.31900024414062,107.31900024414062,88142000,253.89999389648438,257.6700134277344,251.8800048828125,253.13999938964844,246.01205444335938,32692300,357.1700134277344,362.2300109863281,355.8500061035156,357.92999267578125,338.9434814453125,6359500,388.6199951171875,394.1400146484375,387.1099853515625,389.4599914550781,369.542236328125,98510700
2022-05-20,139.08999633789062,140.6999969482422,132.61000061035156,137.58999633789062,135.13291931152344,137426100,109.56849670410156,109.89800262451172,105.0094985961914,107.59100341796875,107.59100341796875,99500000,257.239990234375,258.5400085449219,246.44000244140625,252.55999755859375,245.44837951660156,39199300,361.4100036621094,361.95001220703125,349.760009765625,358.0199890136719,339.0287170410156,8755900,393.25,397.0299987792969,380.5400085449219,389.6300048828125,369.70355224609375,131432200
2022-05-23,137.7899932861328,143.25999450683594,137.64999389648438,143.11000061035156,140.5543670654297,117726300,108.46099853515625,108.81900024414062,103.94999694824219,107.55699920654297,107.55699920654297,107798000,255.49000549316406,261.5,253.42999267578125,260.6499938964844,253.31056213378906,33175400,361.0899963378906,365.57000732421875,358.8500061035156,364.80999755859375,345.45849609375,5254900,392.8299865722656,397.7300109863281,390.3800048828125,396.9200134277344,376.6207275390625,76414900
2022-05-24,140.80999755859375,141.97000122070312,137.3300018310547,140.36000061035156,137.8534698486328,104132700,104.0250015258789,105.4000015258789,101.26000213623047,104.0999984741211,104.0999984741211,102934000,257.8900146484375,261.3299865722656,253.5,259.6199951171875,252.30953979492188,29043900,360.8500061035156,363.2099914550781,355.70001220703125,362.17999267578125,342.9680480957031,5567300,392.55999755859375,395.1499938964844,386.9599914550781,393.8900146484375,373.7456359863281,91448800
2022-05-25,138.42999267578125,141.7899932861328,138.33999633789062,140.52000427246094,138.01065063476562,92482700,103.65550231933594,108.17500305175781,103.6500015258789,106.7750015258789,106.7750015258789,93120000,258.1400146484375,264.5799865722656,257.1300048828125,262.5199890136719,255.12794494628906,28547900,360.5400085449219,367.1600036621094,360.2699890136719,365.20001220703125,345.8278503417969,5704600,392.30999755859375,399.45001220703125,391.8900146484375,397.3699951171875,377.04766845703125,91472900
2022-05-26,137.38999938964844,144.33999633789062,137.13999938964844,143.77999877929688,141.21240234375,90601500,107.97000122070312,112.66549682617188,107.45349884033203,111.07749938964844,111.07749938964844,93002000,262.2699890136719,267.1099853515625,261.42999267578125,265.8999938964844,258.4127197265625,25002100,366.45001220703125,374.1300048828125,366.2699890136719,372.4599914550781,352.7027893066406,4248300,398.6700134277344,407.0400085449219,398.45001220703125,405.30999755859375,384.5816650390625,82168300
2022-05-27,145.38999938964844,149.67999267578125,145.25999450683594,149.63999938964844,146.9677734375,90978500,113.55000305175781,115.18699645996094,112.62799835205078,115.14649963378906,115.14649963378906,93660000,268.4800109863281,273.3399963378906,267.55999755859375,273.239990234375,265.5460205078125,26910800,374.94000244140625,381.8599853515625,374.79998779296875,381.79998779296875,361.54730224609375,3911800,407.9100036621094,415.3800048828125,407.70001220703125,415.260009765625,394.0227966308594,84768700
2022-05-31,149.07000732421875,150.66000366210938,146.83999633789062,148.83999633789062,146.18203735351562,103718400,116.27999877929688,121.99449920654297,115.67500305175781,120.20950317382812,120.20950317382812,144634000,272.5299987792969,274.7699890136719,268.92999267578125,271.8699951171875,264.21466064453125,37827700,380.2300109863281,382.8500061035156,376.9200134277344,379.67999267578125,359.539794921875,5016500,413.54998779296875,416.4599914550781,410.0299987792969,412.92999267578125,391.81195068359375,95937000
2022-06-01,149.89999389648438,151.74000549316406,147.67999267578125,148.7100067138672,146.0543975830078,74286600,122.25599670410156,125.17900085449219,120.62249755859375,121.68399810791016,121.68399810791016,127528000,275.20001220703125,277.69000244140625,270.0400085449219,272.4200134277344,264.7491760253906,25292200,381.6099853515625,382.6400146484375,374.1000061035156,376.5,356.5284729003906,4245800,415.1700134277344,416.239990234375,406.92999267578125,409.5899963378906,388.642822265625,86585800
2022-06-02,147.8300018310547,151.27000427246094,146.86000061035156,151.2100067138672,148.50975036621094,72348100,121.68399810791016,125.61000061035156,120.04499816894531,125.51100158691406,125.51100158691406,100560000,264.45001220703125,274.6499938964844,261.6000061035156,274.5799865722656,266.84832763671875,44008200,376.4100036621094,383.739990234375,374.20001220703125,383.6499938964844,363.2991943359375,3273700,409.4200134277344,417.44000244140625,407.0400085449219,417.3900146484375,396.0438537597656,79609600
2022-06-03,146.89999389648438,147.97000122070312,144.4600067138672,145.3800048828125,142.7838592529297,88570300,124.19999694824219,124.4000015258789,121.04650115966797,122.3499984741211,122.3499984741211,97604000,270.30999755859375,273.45001220703125,268.4100036621094,270.0199890136719,262.4167175292969,28059000,379.1099853515625,380.6000061035156,376.4800109863281,377.44000244140625,357.4186096191406,2749500,412.3999938964844,414.0400085449219,409.510009765625,410.5400085449219,389.5441589355469,71874300
2022-06-06,147.02999877929688,148.57000732421875,144.89999389648438,146.13999938964844,143.53025817871094,71598400,125.25,128.99000549316406,123.80999755859375,124.79000091552734,124.79000091552734,135269000,272.05999755859375,274.17999267578125,267.2200012207031,268.75,261.1825256347656,22400300,381.3299865722656,382.9599914550781,377.4100036621094,378.4700012207031,358.39398193359375,2659500,414.7799987792969,416.6099853515625,410.54998779296875,411.7900085449219,390.730224609375,57508900
2022-06-07,144.35000610351562,149.0,144.10000610351562,148.7100067138672,146.0543975830078,67808200,122.01000213623047,124.0999984741211,120.62999725341797,123.0,123.0,85156700,266.6400146484375,273.1300048828125,265.94000244140625,272.5,264.8268737792969,22860700,375.1600036621094,382.6099853515625,374.7099914550781,382.1700134277344,361.89776611328125,2649900,408.1000061035156,416.2200012207031,407.6099853515625,415.739990234375,394.478271484375,59272400
2022-06-08,148.5800018310547,149.8699951171875,147.4600067138672,147.9600067138672,145.3177490234375,53950200,122.61000061035156,123.75,120.75,121.18000030517578,121.18000030517578,64926600,271.7099914550781,273.0,269.6099853515625,270.4100036621094,262.7957458496094,17372300,380.5,382.2300109863281,377.260009765625,377.989990234375,357.93939208984375,3436400,413.92999267578125,415.82000732421875,410.3800048828125,411.2200012207031,390.1893310546875,64350000
2022-06-09,147.0800018310547,147.9499969482422,142.52999877929688,142.63999938964844,140.09275817871094,69473000,119.98999786376953,121.30000305175781,116.0999984741211,116.1500015258789,116.1500015258789,67029800,267.7799987792969,272.7099914550781,264.6300048828125,264.7900085449219,257.3340148925781,26439700,376.239990234375,378.44000244140625,369.0199890136719,369.1000061035156,349.5210266113281,3022000,409.3399963378906,411.739990234375,401.44000244140625,401.44000244140625,380.9095764160156,86289800
2022-06-10,140.27999877929688,140.75999450683594,137.05999755859375,137.1300048828125,134.68118286132812,91437900,113.41999816894531,114.5,109.05000305175781,109.6500015258789,109.6500015258789,87266000,260.5799865722656,260.5799865722656,252.52999877929688,252.99000549316406,245.8662872314453,31422800,362.92999267578125,363.69000244140625,358.2300109863281,358.2699890136719,339.2655029296875,7629700,394.8800048828125,395.7799987792969,389.75,389.79998779296875,369.8648376464844,132893900
2022-06-13,132.8699951171875,135.1999969482422,131.44000244140625,131.8800048828125,129.5249481201172,122207100,104.19000244140625,106.54000091552734,101.86000061035156,103.66999816894531,103.66999816894531,99277700,245.11000061035156,249.02000427246094,241.52999877929688,242.25999450683594,235.4384307861328,46135800,349.1099853515625,350.8399963378906,343.05999755859375,344.4599914550781,326.18804931640625,10399700,379.8500061035156,381.80999755859375,373.29998779296875,375.0,355.82171630859375,170004900
2022-06-14,133.1300048828125,133.88999938964844,131.47999572753906,132.75999450683594,130.38917541503906,84784300,104.19000244140625,104.87999725341797,101.43000030517578,102.30999755859375,102.30999755859375,69728800,243.86000061035156,245.74000549316406,241.50999450683594,244.49000549316406,237.6056365966797,28651500,346.3699951171875,347.32000732421875,340.57000732421875,343.6000061035156,325.3736572265625,7584200,376.8500061035156,377.94000244140625,370.5899963378906,373.8699951171875,354.7495422363281,104011800
2022-06-15,134.2899932861328,137.33999633789062,132.16000366210938,135.42999267578125,133.0115203857422,91533000,103.86000061035156,109.05999755859375,103.52999877929688,107.66999816894531,107.66999816894531,85011100,248.30999755859375,255.3000030517578,246.4199981689453,251.75999450683594,244.6708984375,33111700,346.82000732421875,352.8399963378906,341.9700012207031,348.5199890136719,330.03265380859375,7887600,377.3599853515625,383.8999938964844,372.1199951171875,379.20001220703125,359.8070068359375,125666800
2022-06-16,132.0800018310547,132.38999938964844,129.0399932861328,130.05999755859375,127.73741149902344,108123900,104.47000122070312,104.58000183105469,102.01000213623047,103.66000366210938,103.66000366210938,82186300,245.97999572753906,247.4199981689453,243.02000427246094,244.97000122070312,238.07208251953125,33169200,340.4800109863281,340.8399963378906,334.57000732421875,337.07000732421875,319.1900329589844,8821900,370.510009765625,370.94000244140625,364.0799865722656,366.6499938964844,347.89874267578125,134473300
2022-06-17,130.07000732421875,133.0800018310547,129.80999755859375,131.55999755859375,129.21063232421875,134520300,102.80000305175781,106.9800033569336,102.51000213623047,106.22000122070312,106.22000122070312,99772100,244.6999969482422,250.5,244.02999877929688,247.64999389648438,240.67665100097656,43084800,337.30999755859375,340.8699951171875,334.239990234375,337.95001220703125,320.02337646484375,7084000,365.510009765625,369.3800048828125,362.1700134277344,365.8599853515625,348.6487731933594,111113900
2022-06-21,133.4199981689453,137.05999755859375,133.32000732421875,135.8699951171875,133.4436492919922,81000500,108.19999694824219,111.62999725341797,103.55999755859375,108.68000030517578,108.68000030517578,70901200,250.25999450683594,254.75,249.50999450683594,253.74000549316406,246.5951690673828,29928300,343.19000244140625,347.5,343.1099853515625,346.2300109863281,327.8641357421875,5628300,371.8900146484375,376.5299987792969,371.80999755859375,375.07000732421875,357.42547607421875,76811900
2022-06-22,134.7899932861328,137.75999450683594,133.91000366210938,135.35000610351562,132.93295288085938,73409200,107.43000030517578,112.12999725341797,107.0199966430664,108.94999694824219,108.94999694824219,60040100,251.88999938964844,257.1700134277344,250.3699951171875,253.1300048828125,246.0023651123047,25939900,342.0799865722656,349.510009765625,341.6300048828125,345.5,327.1728820800781,4876100,370.6199951171875,378.7200012207031,370.17999267578125,374.3900146484375,356.7774963378906,90059400
2022-06-23,136.82000732421875,138.58999633789062,135.6300048828125,138.27000427246094,135.80081176757812,72433800,110.38999938964844,113.0,107.93000030517578,112.44000244140625,112.44000244140625,64345300,255.57000732421875,259.3699951171875,253.6300048828125,258.8599853515625,251.5709686279297,25861400,347.6300048828125,349.6099853515625,344.1400146484375,349.1300048828125,330.61029052734375,6708800,376.6400146484375,378.8299865722656,372.8900146484375,378.05999755859375,360.2748718261719,79292100
2022-06-24,139.89999389648438,141.91000366210938,139.77000427246094,141.66000366210938,139.13026428222656,89116800,112.37999725341797,116.70999908447266,111.43000030517578,116.45999908447266,116.45999908447266,69867600,261.80999755859375,267.9800109863281,261.7200012207031,267.70001220703125,260.1620788574219,33923200,352.0299987792969,360.0199890136719,351.9700012207031,360.0,340.9037170410156,5458600,381.3999938964844,390.0899963378906,381.3699951171875,390.0799865722656,371.7293701171875,98050300
2022-06-27,142.6999969482422,143.49000549316406,140.97000122070312,141.66000366210938,139.13026428222656,70207900,117.08999633789062,117.9800033569336,112.69999694824219,113.22000122070312,113.22000122070312,62133200,268.2099914550781,268.29998779296875,263.2799987792969,264.8900146484375,257.43115234375,24615100,361.0,361.1499938964844,357.57000732421875,358.6499938964844,339.6252746582031,4608600,391.04998779296875,391.3599853515625,387.44000244140625,388.5899963378906,370.3094787597656,66009600
2022-06-28,142.1300048828125,143.4199981689453,137.32000732421875,137.44000244140625,134.98565673828125,67083400,113.5,114.8499984741211,107.04000091552734,107.4000015258789,107.4000015258789,74942900,263.9800109863281,266.9100036621094,256.32000732421875,256.4800109863281,249.2580108642578,27295500,360.0799865722656,362.8399963378906,350.8999938964844,350.8999938964844,332.28643798828125,8797800,390.2300109863281,393.1600036621094,380.5299987792969,380.6499938964844,362.7430114746094,86548900
2022-06-29,137.4600067138672,140.6699981689453,136.6699981689453,139.22999572753906,136.74365234375,66242400,107.37999725341797,110.98999786376953,106.91000366210938,108.91999816894531,108.91999816894531,66375300,257.5899963378906,261.9700012207031,255.75999450683594,260.260009765625,252.9315643310547,20069800,350.42999267578125,351.3599853515625,347.80999755859375,349.6400146484375,332.4499816894531,3775900,381.2300109863281,382.2699890136719,378.4200134277344,380.3399963378906,362.4476013183594,65676000
2022-06-30,137.25,138.3699951171875,133.77000427246094,136.72000122070312,134.27845764160156,98964500,108.11000061035156,108.18000030517578,102.5199966430664,106.20999908447266,106.20999908447266,97679400,257.04998779296875,259.5299987792969,252.89999389648438,256.8299865722656,249.59815979003906,31730900,345.8800048828125,349.8399963378906,342.45001220703125,346.8800048828125,329.8256530761719,7159600,376.239990234375,380.6600036621094,372.55999755859375,377.25,359.5029602050781,112508300
2022-07-01,136.0399932861328,139.0399932861328,135.66000366210938,138.92999267578125,136.44900512695312,71051600,106.29000091552734,109.75,105.8499984741211,109.55999755859375,109.55999755859375,73021200,256.3900146484375,259.7699890136719,254.61000061035156,259.5799865722656,252.27072143554688,22837700,346.1600036621094,350.8299865722656,343.5899963378906,350.44000244140625,333.2107238769531,7481500,376.55999755859375,381.70001220703125,373.79998779296875,381.239990234375,363.30523681640625,74839700
2022-07-05,137.77000427246094,141.61000061035156,136.92999267578125,141.55999755859375,139.0320587158203,73353800,107.5999984741211,114.08000183105469,106.31999969482422,113.5,113.5,76583700,256.1600036621094,262.9800109863281,254.74000549316406,262.8500061035156,255.44857788085938,22941000,345.4800109863281,351.1000061035156,342.7799987792969,351.05999755859375,333.8001708984375,6180600,375.8800048828125,381.9800109863281,372.8999938964844,381.9599914550781,363.9913635253906,81438000
2022-07-06,141.35000610351562,144.1199951171875,141.0800018310547,142.9199981689453,140.3677520751953,74064300,113.20999908447266,115.4800033569336,112.01000213623047,114.33000183105469,114.33000183105469,66958900,263.75,267.989990234375,262.3999938964844,266.2099914550781,258.7140197753906,23824400,351.2300109863281,354.67999267578125,348.92999267578125,352.3299865722656,335.0076904296875,5450900,382.1099853515625,385.8699951171875,379.6000061035156,383.25,365.2206726074219,70426200
2022-07-07,143.2899932861328,146.5500030517578,143.27999877929688,146.35000610351562,143.73651123046875,66253700,113.8499984741211,116.98999786376953,113.48999786376953,116.33000183105469,116.33000183105469,57872300,265.1199951171875,269.05999755859375,265.0199890136719,268.3999938964844,260.8423156738281,20859900,354.010009765625,358.29998779296875,354.0,357.5,339.9235534667969,3737500,385.1199951171875,389.8299865722656,383.2699890136719,388.989990234375,370.690673828125,64525900
2022-07-08,145.25999450683594,147.5500030517578,145.0,147.0399932861328,144.41416931152344,64547800,114.5999984741211,116.58000183105469,113.69000244140625,115.54000091552734,115.54000091552734,45719700,264.7900085449219,268.1000061035156,263.2900085449219,267.6600036621094,260.12322998046875,19658800,355.9100036621094,359.04998779296875,354.4700012207031,357.2900085449219,339.7238464355469,4791300,387.2699890136719,390.6400146484375,385.6600036621094,388.6700134277344,370.3857116699219,72397800
2022-07-11,145.6699981689453,146.63999938964844,143.77999877929688,144.8699951171875,142.282958984375,63141600,114.08000183105469,114.30000305175781,110.87000274658203,111.75,111.75,53487600,265.6499938964844,266.5299987792969,262.17999267578125,264.510009765625,257.0618896484375,19455200,354.8399963378906,355.57000732421875,352.510009765625,353.25,335.8824768066406,3491700,385.8500061035156,386.8699951171875,383.5,384.2300109863281,366.1546325683594,58366900
2022-07-12,145.75999450683594,148.4499969482422,145.0500030517578,145.86000061035156,143.25526428222656,77588800,112.16000366210938,113.2300033569336,108.33999633789062,109.22000122070312,109.22000122070312,54280300,265.8800048828125,265.94000244140625,252.0399932861328,253.6699981689453,246.52711486816406,35868500,352.6000061035156,354.8999938964844,348.3800048828125,349.989990234375,332.7828063964844,4080300,383.6499938964844,386.1600036621094,378.989990234375,380.8299865722656,362.9145202636719,62219200
2022-07-13,142.99000549316406,146.4499969482422,142.1199951171875,145.49000549316406,142.89186096191406,71185600,107.02999877929688,111.77999877929688,106.01000213623047,110.4000015258789,110.4000015258789,61353800,250.19000244140625,253.5500030517578,248.11000061035156,252.72000122070312,245.6038818359375,29497400,344.739990234375,351.0,344.3699951171875,348.3599853515625,331.23291015625,5603500,375.1000061035156,381.9200134277344,374.6600036621094,378.8299865722656,361.00860595703125,84224600
2022-07-14,144.0800018310547,148.9499969482422,143.25,148.47000122070312,145.8186798095703,78140700,110.23999786376953,111.18000030517578,107.58000183105469,110.62999725341797,110.62999725341797,51163100,250.57000732421875,255.13999938964844,245.94000244140625,254.0800018310547,246.9255828857422,25102800,343.4100036621094,347.95001220703125,341.04998779296875,347.44000244140625,330.3581237792969,4624800,373.6099853515625,379.04998779296875,371.0400085449219,377.9100036621094,360.1318664550781,89704800
2022-07-15,149.77999877929688,150.86000061035156,148.1999969482422,150.1699981689453,147.48831176757812,76259900,112.5,115.58999633789062,111.58999633789062,113.55000305175781,113.55000305175781,84317800,255.72000122070312,260.3699951171875,254.77000427246094,256.7200012207031,249.4912567138672,29774100,351.7300109863281,354.1099853515625,349.79998779296875,354.010009765625,336.6051330566406,4520500,382.54998779296875,385.25,380.5400085449219,385.1300048828125,367.0122985839844,79060400
2022-07-18,150.74000549316406,151.57000732421875,146.6999969482422,147.07000732421875,144.4436492919922,81420900,115.0,117.23999786376953,113.1500015258789,113.76000213623047,113.76000213623047,59115400,259.75,260.8399963378906,253.3000030517578,254.25,247.09078979492188,20975000,356.9700012207031,357.6199951171875,349.9200134277344,351.0799865722656,333.819091796875,3544900,388.3800048828125,389.0899963378906,380.6600036621094,381.95001220703125,363.9818420410156,63203600
2022-07-19,147.9199981689453,151.22999572753906,146.91000366210938,151.0,148.30345153808594,82982400,115.69999694824219,118.94999694824219,114.02999877929688,118.20999908447266,118.20999908447266,60990000,257.5799865722656,259.7200012207031,253.67999267578125,259.5299987792969,252.22210693359375,25012600,354.95001220703125,361.0899963378906,354.25,360.6099853515625,342.88055419921875,3620200,386.0799865722656,392.8699951171875,385.3900146484375,392.2699890136719,373.81634521484375,78506000
2022-07-20,151.1199951171875,153.72000122070312,150.3699951171875,153.0399932861328,150.3070526123047,64823400,118.62000274658203,123.4800033569336,118.31999969482422,122.7699966430664,122.7699966430664,71268300,259.8999938964844,264.8699951171875,258.9100036621094,262.2699890136719,254.8849334716797,22788300,360.70001220703125,364.239990234375,359.45001220703125,362.9200134277344,345.0771179199219,4270600,392.4700012207031,396.260009765625,391.0299987792969,394.7699890136719,376.1988220214844,71843800
2022-07-21,154.5,155.57000732421875,151.94000244140625,155.35000610351562,152.57579040527344,65086600,123.19999694824219,124.8499984741211,121.26000213623047,124.62999725341797,124.62999725341797,60239900,259.7900085449219,264.8900146484375,257.0299987792969,264.8399963378906,257.382568359375,22404700,362.3599853515625,366.6199951171875,360.010009765625,366.5899963378906,348.56658935546875,4604000,394.1600036621094,398.8399963378906,391.6300048828125,398.7900085449219,380.0296630859375,64903900
2022-07-22,155.38999938964844,156.27999877929688,153.41000366210938,154.08999633789062,151.33828735351562,66675400,125.01000213623047,125.5,121.3499984741211,122.41999816894531,122.41999816894531,51463800,265.239990234375,265.3299865722656,259.07000732421875,260.3599853515625,253.0286865234375,21881300,366.69000244140625,367.8399963378906,361.010009765625,363.25,345.39080810546875,4533900,398.9200134277344,400.17999267578125,392.75,395.0899963378906,376.5036926269531,72197300
2022-07-25,154.00999450683594,155.0399932861328,152.27999877929688,152.9499969482422,150.21864318847656,53623900,122.69999694824219,123.63999938964844,120.02999877929688,121.13999938964844,121.13999938964844,50221300,261.0,261.5,256.80999755859375,258.8299865722656,251.54185485839844,21056000,363.8399963378906,364.44000244140625,361.45001220703125,363.6099853515625,345.73309326171875,3902200,395.75,396.4700012207031,393.2099914550781,395.57000732421875,376.9612121582031,53631500
2022-07-26,152.25999450683594,153.08999633789062,150.8000030517578,151.60000610351562,148.8927459716797,55138700,115.79000091552734,118.1500015258789,114.52999877929688,114.80999755859375,114.80999755859375,67075100,259.8599853515625,259.8800048828125,249.57000732421875,251.89999389648438,244.80697631835938,39348000,362.1199951171875,362.2099914550781,358.45001220703125,359.25,341.5874938964844,2987200,393.8399963378906,394.05999755859375,389.95001220703125,390.8900146484375,372.5013122558594,52946400
2022-07-27,152.5800018310547,157.3300018310547,152.16000366210938,156.7899932861328,153.9900665283203,78620700,117.30999755859375,121.9000015258789,117.16000366210938,120.97000122070312,120.97000122070312,61582000,261.1600036621094,270.04998779296875,258.8500061035156,268.739990234375,261.17279052734375,45994000,362.489990234375,370.3299865722656,362.2200012207031,368.6600036621094,350.53485107421875,4500300,394.3599853515625,402.8800048828125,394.04998779296875,401.0400085449219,382.17376708984375,82342100
2022-07-28,156.97999572753906,157.63999938964844,154.41000366210938,157.35000610351562,154.5400848388672,81378700,121.56999969482422,122.83999633789062,118.08000183105469,122.27999877929688,122.27999877929688,82245500,269.75,277.8399963378906,267.8699951171875,276.4100036621094,268.62677001953125,33459300,369.4200134277344,373.9100036621094,365.9800109863281,373.32000732421875,354.96575927734375,4345300,401.8900146484375,406.79998779296875,398.1499938964844,406.07000732421875,386.9671325683594,73966600
2022-07-29,161.24000549316406,163.6300048828125,159.5,162.50999450683594,159.60791015625,101786900,134.89999389648438,137.64999389648438,132.41000366210938,134.9499969482422,134.9499969482422,148892900,277.70001220703125,282.0,276.6300048828125,280.739990234375,272.8348388671875,32152800,374.7300109863281,379.6600036621094,373.92999267578125,378.7900085449219,360.16680908203125,5246400,407.5799865722656,413.0299987792969,406.7699890136719,411.989990234375,392.6086120605469,87003700
2022-08-01,161.00999450683594,163.58999633789062,160.88999938964844,161.50999450683594,158.6257781982422,67829400,134.9600067138672,138.8300018310547,133.50999450683594,135.38999938964844,135.38999938964844,76846900,277.82000732421875,281.2799987792969,275.8399963378906,278.010009765625,270.1817626953125,21539600,376.1199951171875,380.010009765625,375.44000244140625,377.6499938964844,359.0828857421875,4421400,409.1499938964844,413.4100036621094,408.3999938964844,410.7699890136719,391.4460144042969,69997500
2022-08-02,160.10000610351562,162.41000366210938,159.6300048828125,160.00999450683594,157.15255737304688,59907000,134.72000122070312,137.44000244140625,134.08999633789062,134.16000366210938,134.16000366210938,61922400,276.0,277.8900146484375,272.3800048828125,274.82000732421875,267.08160400390625,22754200,376.1099853515625,379.6300048828125,373.95001220703125,375.2099914550781,356.7628479003906,4132600,409.1199951171875,413.0,406.82000732421875,408.05999755859375,388.8635559082031,63435400
2022-08-03,160.83999633789062,166.58999633789062,160.75,166.1300048828125,163.1632843017578,82507500,136.2100067138672,140.49000549316406,136.0500030517578,139.52000427246094,139.52000427246094,71827800,276.760009765625,283.5,276.6099853515625,282.4700012207031,274.5161437988281,23518900,377.19000244140625,382.1000061035156,376.9100036621094,381.07000732421875,362.3346862792969,3854800,410.29998779296875,415.67999267578125,410.0,414.45001220703125,394.95294189453125,67820600
2022-08-04,166.00999450683594,167.19000244140625,164.42999267578125,165.80999755859375,162.84901428222656,55474100,140.5800018310547,143.55999755859375,139.5500030517578,142.57000732421875,142.57000732421875,70585000,281.79998779296875,283.79998779296875,280.1700134277344,283.6499938964844,275.6629638671875,18098700,380.8800048828125,381.5299987792969,379.19000244140625,380.7699890136719,362.0494384765625,3410600,414.3699951171875,415.0899963378906,412.44000244140625,414.1700134277344,394.6861572265625,45656600
2022-08-05,163.2100067138672,165.85000610351562,163.0,165.35000610351562,162.62278747558594,56697000,140.10000610351562,142.86000061035156,139.60000610351562,140.8000030517578,140.8000030517578,50686900,279.1499938964844,283.6499938964844,278.67999267578125,282.9100036621094,274.9437561035156,16774600,376.6499938964844,380.70001220703125,376.5400085449219,379.9800109863281,361.29833984375,2852100,409.6600036621094,414.1499938964844,409.6000061035156,413.4700012207031,394.0190124511719,56814900
2022-08-08,166.3699951171875,167.80999755859375,164.1999969482422,164.8699951171875,162.1506805419922,60276900,142.0500030517578,144.22999572753906,138.2899932861328,139.41000366210938,139.41000366210938,52229000,284.04998779296875,285.9200134277344,279.32000732421875,280.32000732421875,272.4267883300781,18739200,381.7799987792969,383.9100036621094,378.57000732421875,379.6400146484375,360.97503662109375,3450800,415.25,417.6199951171875,411.8299865722656,412.989990234375,393.5616149902344,53886100
2022-08-09,164.02000427246094,165.82000732421875,163.25,164.9199981689453,162.19989013671875,63135500,138.0500030517578,138.9499969482422,136.2100067138672,137.8300018310547,137.8300018310547,40434700,279.6400146484375,283.0799865722656,277.6099853515625,282.29998779296875,274.3509521484375,23405200,379.0199890136719,379.4100036621094,377.1000061035156,378.1400146484375,359.548828125,2360500,412.2200012207031,412.75,410.2200012207031,411.3500061035156,391.9988098144531,44931800
2022-08-10,167.67999267578125,169.33999633789062,166.89999389648438,169.24000549316406,166.44866943359375,70170500,142.89999389648438,144.60000610351562,141.00999450683594,142.69000244140625,142.69000244140625,54773800,288.1700134277344,289.80999755859375,286.94000244140625,289.1600036621094,281.01776123046875,24687800,384.989990234375,386.2300109863281,383.1000061035156,386.05999755859375,367.0793762207031,3651000,418.7799987792969,420.1400146484375,416.7200012207031,419.989990234375,400.2322998046875,68665700
2022-08-11,170.05999755859375,170.99000549316406,168.19000244140625,168.49000549316406,165.7110137939453,57149200,143.86000061035156,144.49000549316406,139.75999450683594,140.63999938964844,140.63999938964844,44867300,290.8500061035156,291.2099914550781,286.510009765625,287.0199890136719,278.9380187988281,20065900,388.8699951171875,390.6499938964844,385.3999938964844,386.05999755859375,367.0793762207031,3575400,422.989990234375,424.95001220703125,419.2099914550781,419.989990234375,400.2322998046875,59489700
2022-08-12,169.82000732421875,172.1699981689453,169.39999389648438,172.10000610351562,169.261474609375,68039400,142.0500030517578,143.57000732421875,140.1199951171875,143.5500030517578,143.5500030517578,47643500,288.4800109863281,291.9100036621094,286.94000244140625,291.9100036621094,283.69036865234375,22619700,387.95001220703125,392.7200012207031,387.0899963378906,392.6700134277344,373.36444091796875,3664400,422.0299987792969,427.2099914550781,421.0299987792969,427.1000061035156,407.0078125,61694500
2022-08-15,171.52000427246094,173.38999938964844,171.35000610351562,173.19000244140625,170.33351135253906,54091700,142.8000030517578,143.75999450683594,141.49000549316406,143.17999267578125,143.17999267578125,39014600,291.0,294.17999267578125,290.1099853515625,293.4700012207031,285.2064514160156,18085700,390.489990234375,394.760009765625,390.4599914550781,394.3500061035156,374.9618225097656,3203900,424.7699890136719,429.4100036621094,424.7099914550781,428.8599853515625,408.68499755859375,54048300
2022-08-16,172.77999877929688,173.7100067138672,171.66000366210938,173.02999877929688,170.1761474609375,56377100,143.91000366210938,146.57000732421875,142.0,144.77999877929688,144.77999877929688,59102900,291.989990234375,294.0400085449219,290.4200134277344,292.7099914550781,284.46783447265625,18102900,393.239990234375,396.8900146484375,392.44000244140625,395.0400085449219,375.6179504394531,3864800,427.7300109863281,431.7300109863281,426.8800048828125,429.70001220703125,409.48553466796875,59289000
2022-08-17,172.77000427246094,176.14999389648438,172.57000732421875,174.5500030517578,171.67105102539062,79542000,142.69000244140625,143.3800048828125,140.77999877929688,142.10000610351562,142.10000610351562,48149800,289.739990234375,293.3500061035156,289.4700012207031,291.32000732421875,283.7179260253906,18253400,391.55999755859375,394.8500061035156,390.2900085449219,392.3399963378906,373.0506286621094,3222300,425.9100036621094,429.5,424.5400085449219,426.6499938964844,406.57904052734375,63563400
2022-08-18,173.75,174.89999389648438,173.1199951171875,174.14999389648438,171.2776336669922,62290100,141.32000732421875,142.77000427246094,140.3800048828125,142.3000030517578,142.3000030517578,37458700,290.19000244140625,291.9100036621094,289.0799865722656,290.1700134277344,282.597900390625,17186200,392.4200134277344,394.0199890136719,391.1700134277344,393.54998779296875,374.20111083984375,3258100,426.8599853515625,428.6099853515625,425.5,427.8900146484375,407.7607421875,49023200
2022-08-19,173.02999877929688,173.74000549316406,171.30999755859375,171.52000427246094,168.69102478027344,70346300,140.47000122070312,141.11000061035156,137.91000366210938,138.22999572753906,138.22999572753906,47792800,288.8999938964844,289.25,285.55999755859375,286.1499938964844,278.682861328125,20570000,390.70001220703125,390.95001220703125,387.25,388.1199951171875,369.0380859375,2899000,424.9800109863281,425.260009765625,421.2200012207031,422.1400146484375,402.28118896484375,68016900
2022-08-22,169.69000244140625,169.86000061035156,167.13999938964844,167.57000732421875,164.8061981201172,69026800,135.72000122070312,136.32000732421875,132.85000610351562,133.22000122070312,133.22000122070312,50461500,282.0799865722656,282.4599914550781,277.2200012207031,277.75,270.5020446777344,25061100,383.42999267578125,383.5400085449219,379.0899963378906,379.94000244140625,361.2602844238281,4153700,417.04998779296875,417.2300109863281,412.3999938964844,413.3500061035156,393.9046936035156,77695600
2022-08-23,167.0800018310547,168.7100067138672,166.64999389648438,167.22999572753906,164.4718017578125,54147100,133.41000366210938,134.99000549316406,132.9499969482422,133.6199951171875,133.6199951171875,36252100,276.44000244140625,278.8599853515625,275.3999938964844,276.44000244140625,269.22625732421875,17527400,379.55999755859375,381.8699951171875,378.5199890136719,379.0400085449219,360.4045715332031,2869200,412.8999938964844,415.4200134277344,411.7699890136719,412.3500061035156,392.9517517089844,49105200
2022-08-24,167.32000732421875,168.11000061035156,166.25,167.52999877929688,164.766845703125,53841500,132.75,135.47000122070312,132.10000610351562,133.8000030517578,133.8000030517578,38627000,275.4100036621094,277.2300109863281,275.1099853515625,275.7900085449219,268.5931701660156,18137000,378.8999938964844,381.5799865722656,378.17999267578125,380.19000244140625,361.49798583984375,2241200,412.1099853515625,415.1099853515625,411.3900146484375,413.6700134277344,394.20965576171875,49177800
2022-08-25,168.77999877929688,170.13999938964844,168.35000610351562,170.02999877929688,167.2255859375,51218200,135.25999450683594,137.4199981689453,134.27999877929688,137.27999877929688,137.27999877929688,37496300,277.3299865722656,279.0199890136719,274.5199890136719,278.8500061035156,271.57330322265625,16583400,381.760009765625,385.7300109863281,380.70001220703125,385.7300109863281,366.7656555175781,2631300,415.239990234375,419.55999755859375,414.0899963378906,419.510009765625,399.7748718261719,50942300
2022-08-26,170.57000732421875,171.0500030517578,163.55999755859375,163.6199951171875,160.9213104248047,78961000,136.5500030517578,137.8300018310547,130.5,130.75,130.75,53322700,279.0799865722656,280.3399963378906,267.9800109863281,268.0899963378906,261.0940856933594,27549300,385.54998779296875,386.04998779296875,372.510009765625,372.510009765625,354.1956481933594,5153200,419.3900146484375,419.9599914550781,405.25,405.30999755859375,386.2429504394531,103087000
2022-08-29,161.14999389648438,162.89999389648438,159.82000732421875,161.3800048828125,158.71827697753906,73314000,129.89999389648438,131.9499969482422,128.77000427246094,129.7899932861328,129.7899932861328,48101600,265.8500061035156,267.3999938964844,263.8500061035156,265.2300109863281,258.308837890625,20338500,369.7699890136719,373.04998779296875,368.7799987792969,370.04998779296875,351.8564758300781,4953200,402.20001220703125,405.8399963378906,401.20001220703125,402.6300048828125,383.68902587890625,65370800
2022-08-30,162.1300048828125,162.55999755859375,157.72000122070312,158.91000366210938,156.2890167236328,77906200,131.25,132.07000732421875,126.8499984741211,128.72999572753906,128.72999572753906,49203000,266.6700134277344,267.04998779296875,260.6600036621094,262.9700012207031,256.1077575683594,22767100,371.29998779296875,371.45001220703125,364.0199890136719,366.0299987792969,348.0341491699219,5044500,403.8500061035156,404.1000061035156,396.0,398.2099914550781,379.4769287109375,85652400
2022-08-31,160.30999755859375,160.5800018310547,157.13999938964844,157.22000122070312,154.6269073486328,87991100,129.4499969482422,130.58999633789062,126.73999786376953,126.7699966430664,126.7699966430664,53648700,265.3900146484375,267.1099853515625,261.3299865722656,261.4700012207031,254.64686584472656,24791800,367.6099853515625,368.7900085449219,363.1099853515625,363.1499938964844,345.2957458496094,4062500,399.92999267578125,401.239990234375,395.0400085449219,395.17999267578125,376.5894470214844,76029700
2022-09-01,156.63999938964844,158.4199981689453,154.6699981689453,157.9600067138672,155.3546905517578,74229900,126.0,128.02000427246094,123.66000366210938,127.81999969482422,127.81999969482422,56636100,258.8699951171875,260.8900146484375,255.41000366210938,260.3999938964844,253.60482788085938,23263400,361.1000061035156,364.70001220703125,358.510009765625,364.2699890136719,346.3606872558594,6126800,392.8900146484375,396.7799987792969,390.0400085449219,396.4200134277344,377.7711486816406,78740100
2022-09-02,159.75,160.36000061035156,154.97000122070312,155.80999755859375,153.24014282226562,76957800,129.5,131.3800048828125,126.38999938964844,127.51000213623047,127.51000213623047,57429800,261.70001220703125,264.739990234375,254.47000122070312,256.05999755859375,249.37802124023438,22855400,367.95001220703125,369.1300048828125,358.7799987792969,360.45001220703125,342.728515625,4544200,400.2799987792969,401.55999755859375,390.3299865722656,392.239990234375,373.7877502441406,99632100
2022-09-06,156.47000122070312,157.08999633789062,153.69000244140625,154.52999877929688,151.98126220703125,73714800,127.91999816894531,128.6199951171875,124.73999786376953,126.11000061035156,126.11000061035156,43888600,256.20001220703125,257.8299865722656,251.94000244140625,253.25,246.641357421875,21328200,361.3599853515625,362.2799987792969,357.0,359.239990234375,341.5780334472656,5680300,393.1300048828125,394.1199951171875,388.4200134277344,390.760009765625,372.3774108886719,76637400
2022-09-07,154.82000732421875,156.6699981689453,153.61000061035156,155.9600067138672,153.38771057128906,87449600,126.12000274658203,129.82000732421875,125.4000015258789,129.47999572753906,129.47999572753906,47900300,254.6999969482422,258.8299865722656,253.22000122070312,258.0899963378906,251.3550567626953,24126700,358.8599853515625,366.3800048828125,358.69000244140625,365.67999267578125,347.70135498046875,4137000,390.42999267578125,398.5899963378906,390.20001220703125,397.7799987792969,379.0671691894531,70964200
2022-09-08,154.63999938964844,156.36000061035156,152.67999267578125,154.4600067138672,151.9123992919922,84923800,127.72000122070312,130.27999877929688,127.0999984741211,129.82000732421875,129.82000732421875,43988500,257.510009765625,260.42999267578125,254.7899932861328,258.5199890136719,251.77381896972656,20319900,363.3800048828125,368.4800109863281,362.2699890136719,368.07000732421875,349.973876953125,3692000,395.3900146484375,400.8599853515625,394.1199951171875,400.3800048828125,381.5447998046875,80821700
2022-09-09,155.47000122070312,157.82000732421875,154.75,157.3699951171875,154.77442932128906,68028800,130.91000366210938,133.69000244140625,130.75999450683594,133.27000427246094,133.27000427246094,49387600,260.5,265.2300109863281,260.2900085449219,264.4599914550781,257.5588684082031,22084700,370.239990234375,374.6099853515625,369.9800109863281,373.75,355.3746337890625,2621600,402.739990234375,407.510009765625,402.4599914550781,406.6000061035156,387.47222900390625,76706900
2022-09-12,159.58999633789062,164.25999450683594,159.3000030517578,163.42999267578125,160.73446655273438,104956000,134.10000610351562,136.49000549316406,134.0,136.4499969482422,136.4499969482422,53826900,265.7799987792969,267.45001220703125,265.1600036621094,266.6499938964844,259.6916809082031,18747700,375.82000732421875,378.510009765625,375.510009765625,377.8599853515625,359.2825622558594,2961400,408.7799987792969,411.7300109863281,408.4599914550781,410.9700012207031,391.6366882324219,69256300
2022-09-13,159.89999389648438,160.5399932861328,153.3699951171875,153.83999633789062,151.30264282226562,122656600,131.00999450683594,131.39999389648438,126.2699966430664,126.81999969482422,126.81999969482422,72694000,258.8399963378906,260.3999938964844,251.58999633789062,251.99000549316406,245.4142608642578,33353300,369.3399963378906,370.5299987792969,360.2799987792969,361.3800048828125,343.6128234863281,5549200,401.8299865722656,403.1000061035156,391.9200134277344,393.1000061035156,374.6073303222656,122947100
2022-09-14,154.7899932861328,157.10000610351562,153.61000061035156,155.30999755859375,152.74839782714844,87965400,127.36000061035156,128.83999633789062,126.33000183105469,128.5500030517578,128.5500030517578,45316800,253.52999877929688,254.22999572753906,249.86000061035156,252.22000122070312,245.63824462890625,23913000,362.5799865722656,364.1700134277344,359.5299987792969,362.7300109863281,344.89642333984375,3555500,394.4700012207031,396.20001220703125,391.1199951171875,394.6000061035156,376.0367431640625,85023700
2022-09-15,154.64999389648438,155.24000549316406,151.3800048828125,152.3699951171875,149.85687255859375,90481100,127.37999725341797,130.3699951171875,125.5,126.27999877929688,126.27999877929688,52887200,249.77000427246094,251.39999389648438,244.02000427246094,245.3800048828125,238.9767303466797,31530900,361.1600036621094,363.9700012207031,357.3999938964844,358.67999267578125,341.04559326171875,3807500,392.9599914550781,395.9599914550781,388.7799987792969,390.1199951171875,371.7674865722656,87633800
2022-09-16,151.2100067138672,151.35000610351562,148.3699951171875,150.6999969482422,148.2144317626953,162278800,122.77999877929688,123.87000274658203,120.69999694824219,123.52999877929688,123.52999877929688,115667800,244.25999450683594,245.3000030517578,242.05999755859375,244.74000549316406,238.35345458984375,39791800,354.55999755859375,356.4800109863281,352.69000244140625,355.8599853515625,338.3641052246094,4452300,384.1400146484375,386.25,382.1099853515625,385.55999755859375,368.9312744140625,103084800
2022-09-19,149.30999755859375,154.55999755859375,149.10000610351562,154.47999572753906,151.93209838867188,81474200,122.16000366210938,124.70999908447266,121.80000305175781,124.66000366210938,124.66000366210938,47279700,242.47000122070312,245.13999938964844,240.85000610351562,244.52000427246094,238.13917541503906,26826900,352.79998779296875,358.5899963378906,352.75,358.5899963378906,340.9599609375,3412600,382.260009765625,388.54998779296875,382.17999267578125,388.54998779296875,371.7923583984375,73278500
2022-09-20,153.39999389648438,158.0800018310547,153.0800018310547,156.89999389648438,154.3121337890625,107689800,123.3499984741211,124.4000015258789,121.13999938964844,122.19000244140625,122.19000244140625,47698400,242.07000732421875,243.50999450683594,239.63999938964844,242.4499969482422,236.12319946289062,26660300,355.3800048828125,356.3800048828125,351.8299865722656,354.54998779296875,337.11865234375,3624000,385.05999755859375,386.1199951171875,381.20001220703125,384.0899963378906,367.5247497558594,77274900
2022-09-21,157.33999633789062,158.74000549316406,153.60000610351562,153.72000122070312,151.1846160888672,101696800,122.48999786376953,123.76000213623047,118.44999694824219,118.54000091552734,118.54000091552734,58498900,244.27000427246094,247.66000366210938,238.89999389648438,238.9499969482422,232.71453857421875,28625600,356.3800048828125,359.29998779296875,348.30999755859375,348.30999755859375,331.1853942871094,5102400,386.1099853515625,389.30999755859375,377.3800048828125,377.3900146484375,361.1136779785156,106746600
2022-09-22,152.3800048828125,154.47000122070312,150.91000366210938,152.74000549316406,150.2207794189453,86652500,117.08000183105469,118.79000091552734,116.26000213623047,117.30999755859375,117.30999755859375,55229200,237.8699951171875,243.86000061035156,237.57000732421875,240.97999572753906,234.69155883789062,31061200,347.54998779296875,348.5400085449219,344.6700134277344,345.3699951171875,328.3898620605469,5555600,376.5799865722656,378.29998779296875,373.44000244140625,374.2200012207031,358.08038330078125,89472600
2022-09-23,151.19000244140625,151.47000122070312,148.55999755859375,150.42999267578125,147.9488983154297,96029900,116.0,116.05000305175781,112.05999755859375,113.77999877929688,113.77999877929688,65126700,239.5399932861328,241.1300048828125,235.1999969482422,237.9199981689453,231.71141052246094,34176000,342.0799865722656,342.0799865722656,335.30999755859375,339.6300048828125,322.93206787109375,10491500,370.5799865722656,370.6199951171875,363.2900085449219,367.95001220703125,352.080810546875,122346900
2022-09-26,149.66000366210938,153.77000427246094,149.63999938964844,150.77000427246094,148.2832794189453,93339400,113.30000305175781,117.33999633789062,113.12999725341797,115.1500015258789,115.1500015258789,62723300,237.0500030517578,241.4499969482422,236.89999389648438,237.4499969482422,231.25367736816406,27694200,338.2300109863281,341.6600036621094,335.07000732421875,336.3399963378906,319.8038635253906,5405700,366.4100036621094,370.2099914550781,363.0299987792969,364.30999755859375,348.5977783203125,92581200
2022-09-27,152.74000549316406,154.72000122070312,149.9499969482422,151.75999450683594,149.25694274902344,84442700,117.19999694824219,118.31999969482422,113.05000305175781,114.41000366210938,114.41000366210938,60094700,239.97999572753906,241.8000030517578,234.5,236.41000366210938,230.2408447265625,27018700,339.7900085449219,341.8399963378906,333.0799865722656,335.3900146484375,318.900634765625,5795700,368.0199890136719,370.3999938964844,360.8699951171875,363.3800048828125,347.7078857421875,108294100
2022-09-28,147.63999938964844,150.63999938964844,144.83999633789062,149.83999633789062,147.36862182617188,146691400,114.37999725341797,118.69999694824219,113.80000305175781,118.01000213623047,118.01000213623047,55763800,236.80999755859375,242.3300018310547,234.72999572753906,241.07000732421875,234.77923583984375,29029700,334.79998779296875,342.1000061035156,333.17999267578125,340.4800109863281,325.1645812988281,8683900,364.3800048828125,372.29998779296875,362.6000061035156,370.5299987792969,354.549560546875,110802200
2022-09-29,146.10000610351562,146.72000122070312,140.67999267578125,142.47999572753906,140.1300048828125,128138200,115.5999984741211,116.06999969482422,113.05999755859375,114.80000305175781,114.80000305175781,58969700,238.88999938964844,239.9499969482422,234.41000366210938,237.5,231.30235290527344,27484200,337.1499938964844,337.29998779296875,330.5299987792969,333.3800048828125,318.3839111328125,7230100,366.80999755859375,367.1099853515625,359.70001220703125,362.7900085449219,347.1433410644531,112952300
2022-09-30,141.27999877929688,143.10000610351562,138.0,138.1999969482422,135.92059326171875,124925300,114.08000183105469,116.91999816894531,112.83999633789062,113.0,113.0,59479600,238.2899932861328,240.5399932861328,232.72999572753906,232.89999389648438,226.82237243652344,35694800,332.57000732421875,336.19000244140625,328.1199951171875,328.29998779296875,313.53240966796875,7736600,361.79998779296875,365.9100036621094,357.0400085449219,357.17999267578125,341.77532958984375,153711200
2022-10-03,138.2100067138672,143.07000732421875,137.69000244140625,142.4499969482422,140.10047912597656,114311700,113.58000183105469,116.91000366210938,112.44999694824219,115.87999725341797,115.87999725341797,50941900,235.41000366210938,241.61000061035156,234.66000366210938,240.74000549316406,234.4578399658203,28880400,331.7900085449219,338.6600036621094,330.1000061035156,336.9800109863281,321.822021484375,5739000,361.0799865722656,368.54998779296875,359.2099914550781,366.6099853515625,350.798583984375,89756500
2022-10-04,145.02999877929688,146.22000122070312,144.25999450683594,146.10000610351562,143.6903076171875,87830100,119.88999938964844,123.0,119.79000091552734,121.08999633789062,121.08999633789062,62812600,245.08999633789062,250.36000061035156,244.97999572753906,248.8800048828125,242.3854217529297,34888400,342.1400146484375,347.3299865722656,342.1300048828125,347.2099914550781,331.591796875,5110000,372.3999938964844,378.0,366.57000732421875,377.9700012207031,361.6687316894531,103602800
2022-10-05,144.07000732421875,147.3800048828125,143.00999450683594,146.39999389648438,143.9853515625,79471000,118.58000183105469,121.75,117.69000244140625,120.94999694824219,120.94999694824219,48217500,245.99000549316406,250.5800018310547,244.10000610351562,249.1999969482422,242.697021484375,20347100,343.1199951171875,348.6400146484375,340.8599853515625,346.6099853515625,331.0188293457031,4755800,373.3900146484375,379.4599914550781,370.95001220703125,377.0899963378906,360.82666015625,88065700
2022-10-06,145.80999755859375,147.5399932861328,145.22000122070312,145.42999267578125,143.03131103515625,68402200,120.7699966430664,121.52999877929688,119.5,120.30000305175781,120.30000305175781,42253800,247.92999267578125,250.33999633789062,246.0800018310547,246.7899932861328,240.34996032714844,20239900,345.17999267578125,347.9800109863281,342.489990234375,342.9599914550781,327.532958984375,3879600,375.6199951171875,378.7200012207031,372.67999267578125,373.20001220703125,357.10443115234375,82333500
2022-10-07,142.5399932861328,143.10000610351562,139.4499969482422,140.08999633789062,137.7794189453125,85925600,118.0,118.16999816894531,113.87999725341797,114.55999755859375,114.55999755859375,54678000,240.89999389648438,241.32000732421875,233.1699981689453,234.24000549316406,228.12747192382812,37769600,339.0799865722656,339.3399963378906,331.6499938964844,333.3299865722656,318.336181640625,5168100,368.9700012207031,373.2900085449219,360.94000244140625,362.7900085449219,347.1433410644531,107789500
2022-10-10,140.4199981689453,141.88999938964844,138.57000732421875,140.4199981689453,138.10397338867188,74899000,115.0999984741211,116.25,112.43000030517578,113.66999816894531,113.66999816894531,42339700,233.0500030517578,234.55999755859375,226.72999572753906,229.25,223.26763916015625,29743600,334.4700012207031,334.6700134277344,328.6600036621094,330.8399963378906,315.958251953125,3933900,363.9599914550781,364.2099914550781,357.6700134277344,360.0199890136719,344.4928283691406,76042800
2022-10-11,139.89999389648438,141.35000610351562,138.22000122070312,138.97999572753906,136.68772888183594,77033700,112.70999908447266,115.4800033569336,110.38999938964844,112.20999908447266,112.20999908447266,56432200,227.6199951171875,229.05999755859375,224.11000061035156,225.41000366210938,219.5278778076172,30474000,329.20001220703125,333.55999755859375,326.8500061035156,328.6600036621094,313.8761901855469,4968100,358.239990234375,363.0299987792969,355.7099914550781,357.739990234375,342.3111267089844,92482800
2022-10-12,139.1300048828125,140.36000061035156,138.16000366210938,138.33999633789062,136.05828857421875,70433700,112.48999786376953,113.83000183105469,111.4000015258789,112.9000015258789,112.9000015258789,45728700,225.39999389648438,227.86000061035156,223.9600067138672,225.75,219.85899353027344,21903900,329.1499938964844,330.5799865722656,327.44000244140625,327.6400146484375,312.9021301269531,3235100,358.1700134277344,359.82000732421875,356.29998779296875,356.55999755859375,341.18206787109375,76991800
2022-10-13,134.99000549316406,143.58999633789062,134.3699951171875,142.99000549316406,140.631591796875,113224000,107.87999725341797,113.44000244140625,105.3499984741211,112.52999877929688,112.52999877929688,86868100,219.85000610351562,236.10000610351562,219.1300048828125,234.24000549316406,228.12747192382812,42551800,320.8399963378906,337.67999267578125,319.8699951171875,336.2200012207031,321.09619140625,6396900,349.2099914550781,367.510009765625,348.1099853515625,365.9700012207031,350.18621826171875,147254500
2022-10-14,144.30999755859375,144.52000427246094,138.19000244140625,138.3800048828125,136.09764099121094,88598000,114.0999984741211,114.95999908447266,106.5999984741211,106.9000015258789,106.9000015258789,67737300,235.5399932861328,237.24000549316406,228.33999633789062,228.55999755859375,222.59564208984375,30198600,338.6199951171875,340.19000244140625,328.0299987792969,328.6499938964844,313.8667297363281,4879400,368.54998779296875,370.260009765625,356.9599914550781,357.6300048828125,342.2059326171875,123737000
2022-10-17,141.07000732421875,142.89999389648438,140.27000427246094,142.41000366210938,140.06117248535156,85250900,110.11000061035156,114.19000244140625,110.08999633789062,113.79000091552734,113.79000091552734,62782000,235.82000732421875,238.9600067138672,235.13999938964844,237.52999877929688,231.33160400390625,28142300,334.57000732421875,338.1000061035156,334.4599914550781,337.0,321.8410949707031,3889500,364.010009765625,367.9800109863281,357.2799987792969,366.82000732421875,350.9995422363281,93168200
2022-10-18,145.49000549316406,146.6999969482422,140.61000061035156,143.75,141.37905883789062,99136600,119.05999755859375,119.5199966430664,114.79000091552734,116.36000061035156,116.36000061035156,65607400,243.24000549316406,243.92999267578125,235.3699951171875,238.5,232.2762908935547,26329600,344.67999267578125,345.0,337.7699890136719,340.9700012207031,325.6325378417969,4903300,375.1300048828125,375.45001220703125,367.5199890136719,371.1300048828125,355.1236877441406,97162900
2022-10-19,141.69000244140625,144.9499969482422,141.5,143.86000061035156,141.4872283935547,61758300,114.70999908447266,116.58999633789062,113.22000122070312,115.06999969482422,115.06999969482422,47198100,237.0399932861328,239.61000061035156,234.2899932861328,236.47999572753906,230.30897521972656,19985700,339.0400085449219,341.6700134277344,335.8999938964844,338.6099853515625,323.378662109375,4403200,368.989990234375,371.8500061035156,365.54998779296875,368.5,352.6071472167969,79746900
2022-10-20,143.02000427246094,145.88999938964844,142.64999389648438,143.38999938964844,141.02499389648438,64522000,113.83000183105469,118.23999786376953,113.51000213623047,115.25,115.25,48795100,235.77000427246094,241.30999755859375,234.8699951171875,236.14999389648438,229.98756408691406,21811000,338.1700134277344,342.4200134277344,335.04998779296875,335.8299865722656,320.7236633300781,3459100,368.0299987792969,372.6700134277344,364.6099853515625,365.4100036621094,349.65045166015625,88283100
2022-10-21,142.8699951171875,147.85000610351562,142.64999389648438,147.27000427246094,144.84100341796875,86548600,114.79000091552734,119.58999633789062,114.5,119.31999969482422,119.31999969482422,55660500,234.74000549316406,243.0,234.5,242.1199951171875,235.8018035888672,26299700,335.5,344.3900146484375,334.1300048828125,343.8999938964844,328.4306640625,4362400,365.1199951171875,374.79998779296875,363.5400085449219,374.2900085449219,358.1474304199219,131038400
2022-10-24,147.19000244140625,150.22999572753906,146.0,149.4499969482422,146.98504638671875,75981900,119.9800033569336,120.38999938964844,116.56999969482422,119.81999969482422,119.81999969482422,49531500,243.75999450683594,247.83999633789062,241.3000030517578,247.25,240.79791259765625,24911200,345.45001220703125,349.2300109863281,342.8699951171875,348.0899963378906,332.43218994140625,5639400,375.8900146484375,380.05999755859375,373.1099853515625,378.8699951171875,362.5299072265625,85436900
2022-10-25,150.08999633789062,152.49000549316406,149.36000061035156,152.33999633789062,149.82736206054688,74732300,119.6500015258789,121.31999969482422,118.94999694824219,120.5999984741211,120.5999984741211,50934600,247.25999450683594,251.0399932861328,245.8300018310547,250.66000366210938,244.11892700195312,34775500,348.04998779296875,354.0299987792969,348.0299987792969,353.75,337.8376770019531,5203400,378.7900085449219,385.25,378.6700134277344,384.9200134277344,368.3189697265625,78846300
2022-10-26,150.9600067138672,151.99000549316406,148.0399932861328,149.35000610351562,146.8866729736328,88194300,116.0,119.3499984741211,114.76000213623047,115.66000366210938,115.66000366210938,68802300,231.1699981689453,238.3000030517578,230.05999755859375,231.32000732421875,225.2836456298828,82543200,350.70001220703125,356.1700134277344,350.44000244140625,351.1099853515625,335.31640625,4277700,381.6199951171875,387.5799865722656,381.3500061035156,382.0199890136719,365.54400634765625,104087300
2022-10-27,148.07000732421875,149.0500030517578,144.1300048828125,144.8000030517578,142.41177368164062,109180200,113.91999816894531,114.12000274658203,109.7699966430664,110.95999908447266,110.95999908447266,129605400,231.0399932861328,233.69000244140625,225.77999877929688,226.75,220.83287048339844,40424600,352.04998779296875,353.7900085449219,348.6000061035156,349.2300109863281,333.52093505859375,4145300,383.07000732421875,385.0,379.3299865722656,379.9800109863281,363.592041015625,81971800
2022-10-28,148.1999969482422,157.5,147.82000732421875,155.74000549316406,153.17129516601562,164762400,97.91000366210938,103.95999908447266,97.66000366210938,103.41000366210938,103.41000366210938,223133400,226.24000549316406,236.60000610351562,226.0500030517578,235.8699951171875,229.71490478515625,40647700,349.0400085449219,357.9800109863281,348.95001220703125,357.3800048828125,341.3043518066406,4388100,379.8699951171875,389.5199890136719,379.67999267578125,389.0199890136719,372.24212646484375,100302000
2022-10-31,153.16000366210938,154.24000549316406,151.9199981689453,153.33999633789062,150.81088256835938,97943200,103.55999755859375,104.87000274658203,100.73999786376953,102.44000244140625,102.44000244140625,99251400,233.75999450683594,234.9199981689453,231.14999389648438,232.1300048828125,226.07249450683594,28357300,355.1600036621094,356.9200134277344,354.04998779296875,354.95001220703125,338.9837341308594,6431000,386.44000244140625,388.3999938964844,385.260009765625,386.2099914550781,369.55328369140625,96631300
2022-11-01,155.0800018310547,155.4499969482422,149.1300048828125,150.64999389648438,148.16522216796875,80379300,103.98999786376953,104.58000183105469,96.05999755859375,96.79000091552734,96.79000091552734,153370000,234.60000610351562,235.74000549316406,227.3300018310547,228.1699981689453,222.2158203125,30592300,358.5299987792969,358.7699890136719,352.2900085449219,353.5199890136719,337.6179504394531,8014300,390.1400146484375,390.3900146484375,383.2900085449219,384.5199890136719,367.93621826171875,85407600
2022-11-02,148.9499969482422,152.1699981689453,145.0,145.02999877929688,142.63792419433594,93604600,97.31999969482422,97.73999786376953,92.01000213623047,92.12000274658203,92.12000274658203,135761800,229.4600067138672,231.3000030517578,220.0399932861328,220.10000610351562,214.35641479492188,38407000,352.7799987792969,357.1300048828125,344.4100036621094,344.5,329.0037536621094,5022500,383.8999938964844,388.6300048828125,374.760009765625,374.8699951171875,358.702392578125,126990400
2022-11-03,142.05999755859375,142.8000030517578,138.75,138.8800048828125,136.58937072753906,97918500,92.47000122070312,93.5,89.0199966430664,89.30000305175781,89.30000305175781,136683300,220.08999633789062,220.41000366210938,213.97999572753906,214.25,208.65907287597656,36633900,341.3399963378906,343.80999755859375,338.8999938964844,340.8299865722656,325.4987487792969,4534800,371.4700012207031,374.20001220703125,368.7900085449219,371.010009765625,355.00885009765625,87100100
2022-11-04,142.08999633789062,142.6699981689453,134.3800048828125,138.3800048828125,136.32339477539062,140814800,91.48999786376953,92.44000244140625,88.04000091552734,90.9800033569336,90.9800033569336,129101300,217.5500030517578,221.58999633789062,213.42999267578125,221.38999938964844,215.61276245117188,36789100,346.4100036621094,348.0199890136719,340.0,345.82000732421875,330.26434326171875,3655400,377.0,378.8699951171875,370.0,376.3500061035156,360.11865234375,103505200
2022-11-07,137.11000061035156,139.14999389648438,135.6699981689453,138.9199981689453,136.8553466796875,83374600,91.94999694824219,92.0999984741211,89.04000091552734,90.52999877929688,90.52999877929688,77495700,221.99000549316406,228.41000366210938,221.27999877929688,227.8699951171875,221.92367553710938,33498000,347.05999755859375,349.7099914550781,345.1000061035156,349.1400146484375,333.43499755859375,3316600,377.7099914550781,380.57000732421875,375.5299987792969,379.95001220703125,363.5633544921875,68286900
2022-11-08,140.41000366210938,141.42999267578125,137.49000549316406,139.5,137.42672729492188,89908500,90.79000091552734,91.72000122070312,88.2300033569336,89.9800033569336,89.9800033569336,88703400,228.6999969482422,231.64999389648438,225.83999633789062,228.8699951171875,222.89755249023438,28192500,350.2099914550781,353.8699951171875,347.0799865722656,351.0400085449219,335.24957275390625,3237200,381.1099853515625,385.1199951171875,377.7200012207031,382.0,365.5248718261719,84641100
2022-11-09,138.5,138.5500030517578,134.58999633789062,134.8699951171875,132.8655548095703,74917800,89.47000122070312,89.4800033569336,85.87000274658203,86.13999938964844,86.13999938964844,90796200,227.3699951171875,228.6300048828125,224.3300018310547,224.50999450683594,218.65135192871094,27852900,349.0799865722656,350.2200012207031,343.3599853515625,343.8699951171875,328.40203857421875,3570800,379.92999267578125,381.1400146484375,373.6099853515625,374.1300048828125,357.99432373046875,78495500
2022-11-10,141.24000549316406,146.8699951171875,139.5,146.8699951171875,144.68719482421875,118854000,92.94000244140625,98.69000244140625,91.6500015258789,96.62999725341797,96.62999725341797,173414900,235.42999267578125,243.3300018310547,235.0,242.97999572753906,236.63934326171875,46268000,356.5199890136719,363.010009765625,354.4100036621094,362.69000244140625,346.37548828125,4603600,388.04998779296875,395.0400085449219,385.6400146484375,394.69000244140625,377.6675720214844,141455800
2022-11-11,145.82000732421875,150.00999450683594,144.3699951171875,149.6999969482422,147.47512817382812,93979700,97.87999725341797,101.19000244140625,96.66000366210938,100.79000091552734,100.79000091552734,111590500,242.99000549316406,247.99000549316406,241.92999267578125,247.11000061035156,240.66160583496094,34620200,363.69000244140625,367.0199890136719,361.739990234375,366.1600036621094,349.68939208984375,4877400,395.5899963378906,399.3500061035156,393.6099853515625,398.510009765625,381.3229064941406,93839900
2022-11-14,148.97000122070312,150.27999877929688,147.42999267578125,148.27999877929688,146.0762481689453,73374100,98.7699966430664,100.12000274658203,97.29000091552734,98.48999786376953,98.48999786376953,99533100,241.99000549316406,243.91000366210938,239.2100067138672,241.5500030517578,235.24668884277344,31123300,364.57000732421875,367.7900085449219,362.8900146484375,363.2200012207031,346.8816833496094,5274300,396.6600036621094,400.17999267578125,394.8299865722656,395.1199951171875,378.0789794921875,71903500
2022-11-15,152.22000122070312,153.58999633789062,148.55999755859375,150.0399932861328,147.81008911132812,89868300,103.20999908447266,103.79000091552734,97.33999633789062,98.94000244140625,98.94000244140625,111336300,245.66000366210938,247.0,240.02999877929688,241.97000122070312,235.65573120117188,31390100,368.6499938964844,369.739990234375,362.5899963378906,366.2200012207031,349.7467346191406,4597800,401.1499938964844,402.30999755859375,394.489990234375,398.489990234375,381.3036804199219,93194500
2022-11-16,149.1300048828125,149.8699951171875,147.2899932861328,148.7899932861328,146.57870483398438,64218300,96.8499984741211,98.48999786376953,95.54000091552734,97.12000274658203,97.12000274658203,87958800,242.7899932861328,243.8000030517578,240.4199981689453,241.72999572753906,236.08543395996094,24093300,364.70001220703125,365.5199890136719,362.8500061035156,363.44000244140625,347.091796875,2755100,396.7799987792969,397.7799987792969,394.7900085449219,395.45001220703125,378.39483642578125,68508500
2022-11-17,146.42999267578125,151.47999572753906,146.14999389648438,150.72000122070312,148.47999572753906,80389400,95.37000274658203,96.97000122070312,94.02999877929688,94.8499984741211,94.8499984741211,82617900,237.77999877929688,243.25,237.6300048828125,241.67999267578125,236.03663635253906,23123500,358.79998779296875,362.989990234375,358.57000732421875,362.3900146484375,346.08905029296875,3278500,390.4599914550781,394.95001220703125,390.1400146484375,394.239990234375,377.2369689941406,74496300
2022-11-18,152.30999755859375,152.6999969482422,149.97000122070312,151.2899932861328,149.04153442382812,74829600,95.94999694824219,95.98999786376953,92.4800033569336,94.13999938964844,94.13999938964844,72428200,243.50999450683594,243.74000549316406,239.02999877929688,241.22000122070312,235.5873565673828,27613500,365.4599914550781,365.5899963378906,361.2300109863281,363.989990234375,347.61700439453125,2574400,397.739990234375,397.80999755859375,393.0400085449219,396.0299987792969,378.9497985839844,92922500
2022-11-21,150.16000366210938,150.3699951171875,147.72000122070312,148.00999450683594,145.81024169921875,58724100,93.97000122070312,95.0199966430664,90.58999633789062,92.45999908447266,92.45999908447266,84330300,241.42999267578125,244.6699981689453,241.19000244140625,242.0500030517578,236.39796447753906,26394700,362.7699890136719,363.739990234375,360.8699951171875,362.7099914550781,346.3945617675781,2397900,394.6400146484375,395.82000732421875,392.6600036621094,394.5899963378906,377.57183837890625,51243200
2022-11-22,148.1300048828125,150.4199981689453,146.92999267578125,150.17999267578125,147.9480438232422,51804100,92.62000274658203,93.3499984741211,90.87000274658203,93.19999694824219,93.19999694824219,62192000,243.58999633789062,245.30999755859375,240.7100067138672,245.02999877929688,239.30841064453125,19665700,364.510009765625,367.67999267578125,363.2099914550781,367.5400085449219,351.00732421875,2316000,396.6300048828125,400.07000732421875,395.1499938964844,399.8999938964844,382.65289306640625,60429000
2022-11-23,149.4499969482422,151.8300018310547,149.33999633789062,151.07000732421875,148.8247833251953,58301400,93.23999786376953,94.58000183105469,92.83000183105469,94.12999725341797,94.12999725341797,59414700,245.11000061035156,248.27999877929688,244.27000427246094,247.5800018310547,241.79885864257812,19508500,367.2099914550781,370.3599853515625,367.0199890136719,369.8399963378906,353.20391845703125,2590900,399.54998779296875,402.92999267578125,399.30999755859375,402.4200134277344,385.06414794921875,68261600
2022-11-25,148.30999755859375,148.8800048828125,147.1199951171875,148.11000061035156,145.90879821777344,35195900,93.79000091552734,94.43000030517578,93.06999969482422,93.41000366210938,93.41000366210938,35088600,247.30999755859375,248.6999969482422,246.72999572753906,247.49000549316406,241.71095275878906,9200800,369.3900146484375,370.3399963378906,369.05999755859375,369.79998779296875,353.1656494140625,1423400,401.8299865722656,402.9100036621094,401.5400085449219,402.3299865722656,384.9780578613281,30545400
2022-11-28,145.13999938964844,146.63999938964844,143.3800048828125,144.22000122070312,142.07659912109375,69246000,93.93000030517578,96.4000015258789,93.43000030517578,93.94999694824219,93.94999694824219,74943100,246.0800018310547,246.64999389648438,240.8000030517578,241.75999450683594,236.11474609375,24778200,366.8599853515625,368.3800048828125,363.1499938964844,363.95001220703125,347.578857421875,3553600,399.0899963378906,400.80999755859375,395.1099853515625,395.9100036621094,378.83489990234375,67881600
2022-11-29,144.2899932861328,144.80999755859375,140.35000610351562,141.1699981689453,139.0719451904297,83763800,94.04000091552734,94.41000366210938,91.44000244140625,92.41999816894531,92.41999816894531,65567300,241.39999389648438,242.7899932861328,238.2100067138672,240.3300018310547,234.7181396484375,17956300,363.92999267578125,365.17999267578125,361.4800109863281,363.30999755859375,346.96759033203125,2507800,396.04998779296875,397.29998779296875,393.29998779296875,395.2300109863281,378.184326171875,52310000
2022-11-30,141.39999389648438,148.72000122070312,140.5500030517578,148.02999877929688,145.82997131347656,111380900,92.47000122070312,96.54000091552734,91.52999877929688,96.54000091552734,96.54000091552734,102805800,240.57000732421875,255.3300018310547,239.86000061035156,255.13999938964844,249.1822967529297,47594200,363.45001220703125,374.5899963378906,361.6499938964844,374.489990234375,357.6446838378906,4748800,395.489990234375,407.67999267578125,393.4800109863281,407.67999267578125,390.0972900390625,144566700
2022-12-01,148.2100067138672,149.1300048828125,146.61000061035156,148.30999755859375,146.10580444335938,71250400,96.98999786376953,97.2300033569336,94.91999816894531,95.5,95.5,68488000,253.8699951171875,256.1199951171875,250.9199981689453,254.69000244140625,248.74282836914062,26041500,375.8699951171875,377.0,372.04998779296875,374.5400085449219,357.69244384765625,4608600,408.7699890136719,410.0,404.75,407.3800048828125,389.8102722167969,76398200
2022-12-02,145.9600067138672,148.0,145.64999389648438,147.80999755859375,145.6132354736328,65447400,94.4800033569336,95.36000061035156,93.77999877929688,94.12999725341797,94.12999725341797,72496400,249.82000732421875,256.05999755859375,249.69000244140625,255.02000427246094,249.06512451171875,21528500,369.6600036621094,374.8800048828125,369.6600036621094,374.0,357.1767578125,3596000,402.25,407.8599853515625,402.1400146484375,406.9100036621094,389.3605651855469,85342700
2022-12-05,147.77000427246094,150.9199981689453,145.77000427246094,146.6300048828125,144.45077514648438,68826400,93.05000305175781,94.05999755859375,90.81999969482422,91.01000213623047,91.01000213623047,71535500,252.00999450683594,253.82000732421875,248.05999755859375,250.1999969482422,244.35765075683594,23435300,371.2799987792969,372.19000244140625,365.989990234375,367.3399963378906,350.81634521484375,3707000,403.95001220703125,404.92999267578125,398.1700134277344,399.5899963378906,382.3562927246094,77289800
2022-12-06,147.07000732421875,147.3000030517578,141.9199981689453,142.91000366210938,140.7860870361328,64727200,90.5,91.04000091552734,87.9000015258789,88.25,88.25,75503600,250.82000732421875,251.86000061035156,243.77999877929688,245.1199951171875,239.39627075195312,22463700,367.0899963378906,367.6099853515625,359.92999267578125,362.0299987792969,345.7451477050781,3911000,399.4200134277344,399.989990234375,391.6400146484375,393.8299865722656,376.8446350097656,77972200
2022-12-07,142.19000244140625,143.3699951171875,140.0,140.94000244140625,138.84536743164062,69721100,88.33999633789062,89.88999938964844,87.4800033569336,88.45999908447266,88.45999908447266,68086900,244.8300018310547,246.16000366210938,242.2100067138672,244.3699951171875,238.66375732421875,20481500,361.04998779296875,363.6099853515625,360.30999755859375,361.3299865722656,345.07666015625,3338000,392.94000244140625,395.6400146484375,391.9700012207031,393.1600036621094,376.20355224609375,65927900
2022-12-08,142.36000061035156,143.52000427246094,141.10000610351562,142.64999389648438,140.52992248535156,62128300,89.23999786376953,90.86000061035156,87.87999725341797,90.3499984741211,90.3499984741211,73305900,244.83999633789062,248.74000549316406,243.05999755859375,247.39999389648438,241.623046875,22611800,363.1300048828125,365.1499938964844,361.6000061035156,364.17999267578125,347.7984619140625,3604500,395.1400146484375,397.3599853515625,393.2699890136719,396.239990234375,379.1506652832031,60737900
2022-12-09,142.33999633789062,145.57000732421875,140.89999389648438,142.16000366210938,140.04722595214844,76097000,88.9000015258789,90.30000305175781,88.62999725341797,89.08999633789062,89.08999633789062,67398500,244.6999969482422,248.30999755859375,244.16000366210938,245.4199981689453,239.68930053710938,20609700,363.0,365.44000244140625,361.3399963378906,361.5199890136719,345.2580871582031,4271400,394.94000244140625,397.6199951171875,393.1499938964844,393.2799987792969,376.318359375,81447700
2022-12-12,142.6999969482422,144.5,141.05999755859375,144.49000549316406,142.3426055908203,70462700,89.20999908447266,90.58000183105469,87.87000274658203,90.55000305175781,90.55000305175781,61999800,247.4499969482422,252.5399932861328,247.1699981689453,252.50999450683594,246.6137237548828,30665100,362.2799987792969,366.67999267578125,361.5799865722656,366.67999267578125,350.1860656738281,2946200,394.1099853515625,398.95001220703125,393.4100036621094,398.95001220703125,381.7438659667969,75405800
2022-12-13,149.5,149.97000122070312,144.24000549316406,145.47000122070312,143.30801391601562,93886200,95.2300033569336,96.25,90.5199966430664,92.48999786376953,92.48999786376953,100212000,261.69000244140625,263.9200134277344,253.07000732421875,256.9200134277344,250.9207305908203,42196900,377.1099853515625,377.19000244140625,366.79998779296875,369.3900146484375,352.7741394042969,6161800,410.2200012207031,410.489990234375,399.07000732421875,401.9700012207031,384.63360595703125,123782500
2022-12-14,145.35000610351562,146.66000366210938,141.16000366210938,143.2100067138672,141.0816192626953,82291200,92.5,93.45999908447266,89.87000274658203,91.58000183105469,91.58000183105469,70298000,257.1300048828125,262.5899963378906,254.30999755859375,257.2200012207031,251.21376037597656,35410900,369.1000061035156,372.79998779296875,364.25,367.1600036621094,350.64434814453125,4707100,401.6099853515625,405.5,396.30999755859375,399.3999938964844,382.17437744140625,108111300
2022-12-15,141.11000061035156,141.8000030517578,136.02999877929688,136.5,134.47134399414062,98931900,89.88999938964844,89.97000122070312,87.47000122070312,88.44999694824219,88.44999694824219,84802900,253.72000122070312,254.1999969482422,247.33999633789062,249.00999450683594,243.19546508789062,35560400,362.4700012207031,363.239990234375,356.4599914550781,358.1300048828125,342.0205993652344,5126800,394.29998779296875,395.25,387.8900146484375,389.6300048828125,372.8258056640625,117705900
2022-12-16,136.69000244140625,137.64999389648438,133.72999572753906,134.50999450683594,132.5109100341797,160156900,88.2699966430664,89.3499984741211,86.7300033569336,87.86000061035156,87.86000061035156,146144100,248.5500030517578,249.83999633789062,243.50999450683594,244.69000244140625,238.97634887695312,86102000,355.6499938964844,356.8299865722656,351.7900085449219,353.8599853515625,337.9426574707031,4533100,385.17999267578125,386.5799865722656,381.0400085449219,383.2699890136719,368.4241638183594,119858000
2022-12-19,135.11000061035156,135.1999969482422,131.32000732421875,132.3699951171875,130.40269470214844,79592600,87.51000213623047,87.62999725341797,84.51000213623047,84.91999816894531,84.91999816894531,83531500,244.86000061035156,245.2100067138672,238.7100067138672,240.4499969482422,234.83531188964844,29696400,354.1300048828125,354.3399963378906,349.25,350.80999755859375,335.0299072265625,5538500,383.4700012207031,383.82000732421875,378.2799987792969,380.0199890136719,365.29998779296875,79878100
2022-12-20,131.38999938964844,133.25,129.88999938964844,132.3000030517578,130.333740234375,77432800,85.33000183105469,86.61000061035156,84.33000183105469,85.19000244140625,85.19000244140625,74348300,239.39999389648438,242.91000366210938,238.4199981689453,241.8000030517578,236.15377807617188,25150800,348.45001220703125,351.1700134277344,347.2099914550781,349.6700134277344,335.5404357910156,5068200,379.2300109863281,382.2300109863281,377.8500061035156,380.5400085449219,365.79986572265625,74427200
2022-12-21,132.97999572753906,136.80999755859375,132.75,135.4499969482422,133.4369354248047,85928000,86.18000030517578,87.2300033569336,85.20999908447266,86.7699966430664,86.7699966430664,59267200,241.69000244140625,245.6199951171875,240.11000061035156,244.42999267578125,238.72238159179688,23690600,352.20001220703125,355.95001220703125,351.70001220703125,354.8999938964844,340.55908203125,3832400,383.25,387.4100036621094,382.69000244140625,386.2300109863281,371.26959228515625,78167400
2022-12-22,134.35000610351562,134.55999755859375,130.3000030517578,132.22999572753906,130.2648162841797,77852100,85.5199966430664,85.68000030517578,82.25,83.79000091552734,83.79000091552734,81431300,241.25999450683594,241.99000549316406,233.8699951171875,238.19000244140625,232.62811279296875,28651700,351.9800109863281,352.25,344.3399963378906,349.9100036621094,335.77069091796875,6458200,383.04998779296875,386.2099914550781,374.7699890136719,380.7200012207031,365.9730224609375,100120900
2022-12-23,130.9199981689453,132.4199981689453,129.63999938964844,131.86000061035156,129.90029907226562,63814900,83.25,85.77999877929688,82.93000030517578,85.25,85.25,57433700,236.11000061035156,238.8699951171875,233.94000244140625,238.72999572753906,233.15548706054688,21207000,348.92999267578125,351.95001220703125,347.3500061035156,351.8699951171875,337.6514587402344,4572000,379.6499938964844,383.05999755859375,378.0299987792969,382.9100036621094,368.0780944824219,59857300
2022-12-27,131.3800048828125,131.41000366210938,128.72000122070312,130.02999877929688,128.0974884033203,69007800,84.97000122070312,85.3499984741211,83.0,83.04000091552734,83.04000091552734,57284000,238.6999969482422,238.92999267578125,235.8300018310547,236.9600067138672,231.4268341064453,16688600,351.760009765625,352.0400085449219,348.8500061035156,350.4700012207031,336.3080749511719,4303200,382.7900085449219,383.1499938964844,379.6499938964844,381.3999938964844,366.6265869140625,51638200
2022-12-28,129.6699981689453,131.02999877929688,125.87000274658203,126.04000091552734,124.16680145263672,85438400,82.80000305175781,83.4800033569336,81.69000244140625,81.81999969482422,81.81999969482422,58228600,236.88999938964844,239.72000122070312,234.1699981689453,234.52999877929688,229.0535430908203,17457100,350.4200134277344,352.20001220703125,345.8999938964844,346.1700134277344,332.18182373046875,4464600,381.3299865722656,383.3900146484375,376.4200134277344,376.6600036621094,362.0701904296875,70911500
2022-12-29,127.98999786376953,130.47999572753906,127.7300033569336,129.61000061035156,127.68376922607422,75703700,82.87000274658203,84.55000305175781,82.55000305175781,84.18000030517578,84.18000030517578,54995900,235.64999389648438,241.9199981689453,235.64999389648438,241.00999450683594,235.3822479248047,19770700,348.9100036621094,353.1300048828125,348.4700012207031,352.30999755859375,338.0737609863281,4086600,379.6300048828125,384.3500061035156,379.0799865722656,383.44000244140625,368.5876159667969,66970900
2022-12-30,128.41000366210938,129.9499969482422,127.43000030517578,129.92999267578125,127.99896240234375,77034200,83.12000274658203,84.05000305175781,82.47000122070312,84.0,84.0,62401200,238.2100067138672,239.9600067138672,236.66000366210938,239.82000732421875,234.2200469970703,21938500,349.7900085449219,351.489990234375,347.760009765625,351.3399963378906,337.14288330078125,5325400,380.6400146484375,382.5799865722656,378.42999267578125,382.42999267578125,367.6166687011719,84022200
2023-01-03,130.27999877929688,130.89999389648438,124.16999816894531,125.06999969482422,123.21119689941406,112117500,85.45999908447266,86.95999908447266,84.20999908447266,85.81999969482422,85.81999969482422,76706000,243.0800018310547,245.75,237.39999389648438,239.5800018310547,233.9856414794922,25740000,353.17999267578125,355.0400085449219,347.19000244140625,349.989990234375,335.84747314453125,4957300,384.3699951171875,386.42999267578125,377.8299865722656,380.82000732421875,366.0690612792969,74850700
2023-01-04,126.88999938964844,128.66000366210938,125.08000183105469,126.36000061035156,124.48202514648438,89113600,86.55000305175781,86.9800033569336,83.36000061035156,85.13999938964844,85.13999938964844,68885100,232.27999877929688,232.8699951171875,225.9600067138672,229.10000610351562,223.7503662109375,50623400,352.1000061035156,354.55999755859375,349.20001220703125,352.510009765625,338.265625,3119100,383.17999267578125,385.8800048828125,380.0,383.760009765625,368.8952941894531,85934100
2023-01-05,127.12999725341797,127.7699966430664,124.76000213623047,125.0199966430664,123.16194915771484,80962700,85.33000183105469,85.41999816894531,83.06999969482422,83.12000274658203,83.12000274658203,67930800,227.1999969482422,227.5500030517578,221.75999450683594,222.30999755859375,217.118896484375,39585600,350.7300109863281,350.79998779296875,348.05999755859375,348.6600036621094,334.5711975097656,3216500,381.7200012207031,381.8399963378906,378.760009765625,379.3800048828125,364.6848449707031,76970500
2023-01-06,126.01000213623047,130.2899932861328,124.88999938964844,129.6199951171875,127.6935806274414,87754700,83.02999877929688,86.4000015258789,81.43000030517578,86.08000183105469,86.08000183105469,83303400,223.0,225.75999450683594,219.35000610351562,224.92999267578125,219.677734375,43613600,351.5899963378906,357.6700134277344,348.739990234375,356.5899963378906,342.1807861328125,3464800,382.6099853515625,389.25,379.4100036621094,388.0799865722656,373.04779052734375,104189600
2023-01-09,130.47000122070312,133.41000366210938,129.88999938964844,130.14999389648438,128.21571350097656,70790800,87.45999908447266,89.4800033569336,87.08000183105469,87.36000061035156,87.36000061035156,65266100,226.4499969482422,231.24000549316406,226.41000366210938,227.1199951171875,221.8166046142578,27369800,358.7300109863281,361.7300109863281,356.2200012207031,356.3299865722656,341.9312744140625,3775300,390.3699951171875,393.70001220703125,387.6700134277344,387.8599853515625,372.8363342285156,73978100
2023-01-10,130.25999450683594,131.25999450683594,128.1199951171875,130.72999572753906,128.78709411621094,63896200,87.56999969482422,90.19000244140625,87.29000091552734,89.87000274658203,89.87000274658203,67756600,227.75999450683594,231.30999755859375,227.3300018310547,228.85000610351562,223.50619506835938,27033900,355.8399963378906,358.95001220703125,354.9599914550781,358.8699951171875,344.36859130859375,3495700,387.25,390.6499938964844,386.2699890136719,390.5799865722656,375.4510192871094,65358100
2023-01-11,131.25,133.50999450683594,130.4600067138672,133.49000549316406,131.5060577392578,69458900,90.93000030517578,95.26000213623047,90.93000030517578,95.08999633789062,95.08999633789062,103126200,231.2899932861328,235.9499969482422,231.11000061035156,235.77000427246094,230.26461791992188,28669300,360.4100036621094,363.510009765625,359.6600036621094,363.45001220703125,348.7635803222656,5710500,392.2300109863281,395.6000061035156,391.3800048828125,395.5199890136719,380.1995849609375,68881100
2023-01-12,133.8800048828125,134.25999450683594,131.44000244140625,133.41000366210938,131.42724609375,71379600,96.93000030517578,97.19000244140625,93.5,95.2699966430664,95.2699966430664,85254800,235.25999450683594,239.89999389648438,233.55999755859375,238.50999450683594,232.9406280517578,27269500,364.4800109863281,366.1499938964844,360.6000061035156,364.80999755859375,350.06854248046875,4743500,396.6700134277344,398.489990234375,392.4200134277344,396.9599914550781,381.5838623046875,90157700
2023-01-13,132.02999877929688,134.9199981689453,131.66000366210938,134.75999450683594,132.75717163085938,57809700,94.18000030517578,98.37000274658203,94.12000274658203,98.12000274658203,98.12000274658203,85549400,237.0,239.3699951171875,234.9199981689453,239.22999572753906,233.64381408691406,21333300,361.67999267578125,366.7300109863281,361.4700012207031,366.2300109863281,351.43121337890625,3015200,393.6199951171875,399.1000061035156,393.3399963378906,398.5,383.06427001953125,63903900
2023-01-17,134.8300018310547,137.2899932861328,134.1300048828125,135.94000244140625,133.91966247558594,63646600,98.68000030517578,98.88999938964844,95.7300033569336,96.05000305175781,96.05000305175781,72755000,237.97000122070312,240.91000366210938,237.08999633789062,240.35000610351562,234.7376708984375,29831300,366.19000244140625,367.7200012207031,364.8699951171875,365.6700134277344,350.8938293457031,4942000,398.4800109863281,400.2300109863281,397.05999755859375,397.7699890136719,382.3625183105469,62677300
2023-01-18,136.82000732421875,138.61000061035156,135.02999877929688,135.2100067138672,133.2005157470703,69672800,97.25,99.31999969482422,95.37999725341797,95.45999908447266,95.45999908447266,79570400,241.57000732421875,242.3800048828125,235.52000427246094,235.80999755859375,230.3036651611328,30028700,366.6700134277344,367.6600036621094,359.5799865722656,359.7300109863281,345.1938781738281,3931800,399.010009765625,400.1199951171875,391.2799987792969,391.489990234375,376.3257751464844,99632300
2023-01-19,134.0800018310547,136.25,133.77000427246094,135.27000427246094,133.25962829589844,58280400,94.73999786376953,95.44000244140625,92.86000061035156,93.68000030517578,93.68000030517578,69002700,233.77999877929688,235.52000427246094,230.67999267578125,231.92999267578125,226.5142822265625,28623000,357.760009765625,359.3599853515625,355.8500061035156,357.1400146484375,342.7085266113281,3569900,389.3599853515625,391.0799865722656,387.260009765625,388.6400146484375,373.58624267578125,86958900
2023-01-20,135.27999877929688,138.02000427246094,134.22000122070312,137.8699951171875,135.8209686279297,80223600,93.86000061035156,97.3499984741211,93.19999694824219,97.25,97.25,67481500,234.86000061035156,240.74000549316406,234.50999450683594,240.22000122070312,234.61070251464844,35389800,358.45001220703125,363.9100036621094,356.8800048828125,363.7099914550781,349.0130615234375,3265100,390.1000061035156,396.0400085449219,388.3800048828125,395.8800048828125,380.54571533203125,91806400
2023-01-23,138.1199951171875,143.32000732421875,137.89999389648438,141.11000061035156,139.0128173828125,81760300,97.55999755859375,97.77999877929688,95.86000061035156,97.5199966430664,97.5199966430664,76501100,241.10000610351562,245.1699981689453,239.64999389648438,242.5800018310547,236.9155731201172,31934000,364.510009765625,370.0,363.6499938964844,368.1400146484375,353.2640686035156,3243300,396.7200012207031,402.6499938964844,395.7200012207031,400.6300048828125,385.1117248535156,84178800
2023-01-24,140.30999755859375,143.16000366210938,140.3000030517578,142.52999877929688,140.41171264648438,66435100,96.93000030517578,98.08999633789062,96.0,96.31999969482422,96.31999969482422,66929500,242.5,243.9499969482422,240.44000244140625,242.0399932861328,236.38819885253906,40234400,366.57000732421875,368.6099853515625,365.4200134277344,367.75,352.8898010253906,2702400,398.8800048828125,401.1499938964844,397.6400146484375,400.20001220703125,384.6983947753906,59524900
2023-01-25,140.88999938964844,142.42999267578125,138.80999755859375,141.86000061035156,139.751708984375,65799300,92.55999755859375,97.23999786376953,91.5199966430664,97.18000030517578,97.18000030517578,94261600,234.47999572753906,243.3000030517578,230.89999389648438,240.61000061035156,234.99159240722656,66526600,363.7799987792969,368.1600036621094,361.6600036621094,367.8800048828125,353.01458740234375,3061700,395.95001220703125,400.70001220703125,393.55999755859375,400.3500061035156,384.84259033203125,84800300
2023-01-26,143.1699981689453,144.25,141.89999389648438,143.9600067138672,141.82046508789062,54105100,98.23999786376953,99.48999786376953,96.91999816894531,99.22000122070312,99.22000122070312,68523600,243.64999389648438,248.30999755859375,242.0,248.0,242.2090301513672,33454500,370.4599914550781,372.05999755859375,367.6099853515625,371.80999755859375,356.78570556640625,3460900,403.1300048828125,404.9200134277344,400.0299987792969,404.75,389.0721130371094,72287400
2023-01-27,143.16000366210938,147.22999572753906,143.0800018310547,145.92999267578125,143.7611541748047,70555800,99.52999877929688,103.48999786376953,99.52999877929688,102.23999786376953,102.23999786376953,87775600,248.99000549316406,249.8300018310547,246.8300018310547,248.16000366210938,242.36529541015625,26498900,370.8900146484375,375.0799865722656,370.760009765625,372.8699951171875,357.8028869628906,5549500,403.6600036621094,408.1600036621094,403.44000244140625,405.67999267578125,389.96612548828125,68346200
2023-01-30,144.9600067138672,145.5500030517578,142.85000610351562,143.0,140.8747100830078,64015300,101.08999633789062,101.73999786376953,99.01000213623047,100.55000305175781,100.55000305175781,70691900,244.50999450683594,245.60000610351562,242.1999969482422,242.7100067138672,237.0425567626953,25867400,370.1499938964844,372.2900085449219,367.8599853515625,368.2099914550781,353.3312072753906,3280600,402.79998779296875,405.1300048828125,400.2799987792969,400.5899963378906,385.0732727050781,74202000
2023-01-31,142.6999969482422,144.33999633789062,142.27999877929688,144.2899932861328,142.1455841064453,65874500,101.16000366210938,103.3499984741211,101.13999938964844,103.12999725341797,103.12999725341797,66527300,243.4499969482422,247.9499969482422,242.9499969482422,247.80999755859375,242.0234375,26541100,368.6099853515625,373.5400085449219,368.3299865722656,373.44000244140625,358.34991455078125,4181700,401.1300048828125,406.5299987792969,400.7699890136719,406.4800109863281,390.735107421875,86811800
2023-02-01,143.97000122070312,146.61000061035156,141.32000732421875,145.42999267578125,143.26858520507812,77663600,102.52999877929688,106.23999786376953,101.23999786376953,105.1500015258789,105.1500015258789,80450100,248.0,255.17999267578125,245.47000122070312,252.75,246.8480987548828,31259900,372.44000244140625,380.1600036621094,369.760009765625,377.5299987792969,362.2746276855469,4941700,405.2099914550781,413.6700134277344,402.3500061035156,410.79998779296875,394.8878479003906,101459200
2023-02-02,148.89999389648438,151.17999267578125,148.1699981689453,150.82000732421875,148.57850646972656,118339000,110.25,114.0,108.87999725341797,112.91000366210938,112.91000366210938,158154200,258.82000732421875,264.69000244140625,257.25,264.6000061035156,258.4214172363281,39940400,381.25,384.4100036621094,379.3999938964844,382.94000244140625,367.46600341796875,5207900,414.8599853515625,418.30999755859375,412.8800048828125,416.7799987792969,400.6361083984375,101654500
2023-02-03,148.02999877929688,157.3800048828125,147.8300018310547,154.5,152.20382690429688,154357300,105.26000213623047,108.77999877929688,102.5199966430664,103.38999938964844,103.38999938964844,144374800,259.5400085449219,264.20001220703125,257.1000061035156,258.3500061035156,252.3173828125,29077300,378.2300109863281,383.20001220703125,377.7900085449219,378.8500061035156,363.5412902832031,6472500,411.5899963378906,416.9700012207031,411.0899963378906,412.3500061035156,396.3778076171875,94736800
2023-02-06,152.57000732421875,153.10000610351562,150.77999877929688,151.72999572753906,149.4749755859375,69858300,102.93000030517578,103.94999694824219,100.6500015258789,102.18000030517578,102.18000030517578,81945200,257.44000244140625,258.29998779296875,254.77999877929688,256.7699890136719,250.77423095703125,22518000,376.5799865722656,377.92999267578125,375.0199890136719,376.6600036621094,361.4397277832031,2880100,409.7900085449219,411.2900085449219,408.1000061035156,409.8299865722656,393.9553527832031,60295300
2023-02-07,150.63999938964844,155.22999572753906,150.63999938964844,154.64999389648438,152.35159301757812,83322600,101.16999816894531,102.41000366210938,98.08000183105469,102.11000061035156,102.11000061035156,119501300,260.5299987792969,268.7699890136719,260.0799865722656,267.55999755859375,261.31231689453125,50841400,375.7900085449219,382.75,374.6199951171875,381.5199890136719,366.1033630371094,4504600,408.8699951171875,416.489990234375,407.57000732421875,415.19000244140625,399.1077880859375,90990700
2023-02-08,153.8800048828125,154.5800018310547,151.1699981689453,151.9199981689453,149.66212463378906,64120100,102.04000091552734,102.66999816894531,98.77999877929688,100.05000305175781,100.05000305175781,75878300,273.20001220703125,276.760009765625,266.2099914550781,266.7300109863281,260.501708984375,54686000,379.69000244140625,380.92999267578125,376.7300109863281,377.3399963378906,362.0922546386719,2921500,413.1300048828125,414.5299987792969,409.92999267578125,410.6499938964844,394.7436218261719,76227500
2023-02-09,153.77999877929688,154.3300018310547,150.4199981689453,150.8699951171875,148.62779235839844,56007100,101.31999969482422,101.77999877929688,97.56999969482422,98.23999786376953,98.23999786376953,64622500,273.79998779296875,273.9800109863281,262.79998779296875,263.6199951171875,257.4642333984375,42375100,380.9700012207031,381.0,372.95001220703125,374.1099853515625,358.9928283691406,3327700,414.4100036621094,414.57000732421875,405.80999755859375,407.0899963378906,391.3215026855469,78694900
2023-02-10,149.4600067138672,151.33999633789062,149.22000122070312,151.00999450683594,148.99282836914062,57450700,97.55999755859375,98.81999969482422,96.2300033569336,97.61000061035156,97.61000061035156,52740100,261.5299987792969,264.0899963378906,260.6600036621094,263.1000061035156,256.9564208984375,25818500,373.0,375.3900146484375,372.20001220703125,375.0199890136719,359.86602783203125,3256700,405.8599853515625,408.44000244140625,405.010009765625,408.0400085449219,392.2347412109375,70769700
2023-02-13,150.9499969482422,154.25999450683594,150.9199981689453,153.85000610351562,151.7948760986328,62199000,97.8499984741211,99.68000030517578,96.91000366210938,99.54000091552734,99.54000091552734,52841500,267.6400146484375,274.6000061035156,267.1499938964844,271.32000732421875,264.9844970703125,44630900,375.6499938964844,379.44000244140625,375.20001220703125,379.3500061035156,364.02105712890625,2980600,408.7200012207031,412.9700012207031,408.239990234375,412.8299865722656,396.8391418457031,64913500
2023-02-14,152.1199951171875,153.77000427246094,150.86000061035156,153.1999969482422,151.15354919433594,61707600,98.41000366210938,100.91999816894531,97.5199966430664,99.69999694824219,99.69999694824219,56202900,272.6700134277344,274.9700012207031,269.2799987792969,272.1700134277344,265.8146667480469,37047900,377.9599914550781,381.4200134277344,375.45001220703125,379.2099914550781,363.88671875,4718000,411.239990234375,415.04998779296875,408.510009765625,412.6400146484375,396.6565246582031,88389300
2023-02-15,153.11000061035156,155.5,152.8800048828125,155.3300018310547,153.255126953125,65573800,99.08999633789062,101.16999816894531,98.44999694824219,101.16000366210938,101.16000366210938,47957600,268.32000732421875,270.7300109863281,266.17999267578125,269.32000732421875,263.6900939941406,28922400,377.1499938964844,380.5299987792969,376.3299865722656,380.4800109863281,365.1054382324219,2820200,410.3500061035156,414.05999755859375,409.4700012207031,413.9800109863281,397.9446716308594,61555700
2023-02-16,153.50999450683594,156.3300018310547,153.35000610351562,153.7100067138672,151.65675354003906,68167900,99.20999908447266,100.62999725341797,98.0999984741211,98.1500015258789,98.1500015258789,56339200,264.0199890136719,266.739990234375,261.8999938964844,262.1499938964844,256.669921875,29603600,375.6600036621094,379.42999267578125,375.0899963378906,375.19000244140625,360.0291748046875,3077500,408.7900085449219,412.9100036621094,408.1400146484375,408.2799987792969,392.4654235839844,76431500
2023-02-17,152.35000610351562,153.0,150.85000610351562,152.5500030517578,150.51226806640625,59144100,97.80000305175781,97.94000244140625,95.6500015258789,97.19999694824219,97.19999694824219,60029400,259.3900146484375,260.0899963378906,256.0,258.05999755859375,252.6654052734375,30000100,373.17999267578125,374.45001220703125,371.32000732421875,374.2200012207031,359.0983581542969,3285300,406.05999755859375,407.510009765625,404.04998779296875,407.260009765625,391.48492431640625,89257800
2023-02-21,150.1999969482422,151.3000030517578,148.41000366210938,148.47999572753906,146.4966278076172,58867200,95.33999633789062,95.61000061035156,94.2699966430664,94.58000183105469,94.58000183105469,56580400,254.47999572753906,255.49000549316406,251.58999633789062,252.6699981689453,247.3880615234375,28397400,370.3999938964844,371.3399963378906,366.4800109863281,366.7900085449219,351.9686279296875,3109200,403.05999755859375,404.1600036621094,398.82000732421875,399.0899963378906,383.6313781738281,82655900
2023-02-22,148.8699951171875,149.9499969482422,147.16000366210938,148.91000366210938,146.92088317871094,51011300,95.0999984741211,97.01000213623047,94.80000305175781,95.79000091552734,95.79000091552734,59534100,254.08999633789062,254.33999633789062,250.33999633789062,251.50999450683594,246.25230407714844,22491100,367.17999267578125,368.6000061035156,364.8399963378906,366.3299865722656,351.5271911621094,3872000,399.5199890136719,401.1300048828125,397.0199890136719,398.5400085449219,383.10272216796875,83742300
2023-02-23,150.08999633789062,150.33999633789062,147.24000549316406,149.39999389648438,147.40432739257812,48394200,96.12000274658203,96.43000030517578,93.66999816894531,95.81999969482422,95.81999969482422,48467000,255.55999755859375,256.8399963378906,250.47999572753906,254.77000427246094,249.4441680908203,29219100,369.07000732421875,369.57000732421875,364.1300048828125,368.1700134277344,353.2928161621094,2867200,401.55999755859375,402.20001220703125,396.25,400.6600036621094,385.14056396484375,96242400
2023-02-24,147.11000061035156,147.19000244140625,145.72000122070312,146.7100067138672,144.75027465820312,55469600,93.52999877929688,94.13999938964844,92.31999969482422,93.5,93.5,57053800,249.9600067138672,251.0,248.10000610351562,249.22000122070312,244.01019287109375,24990900,363.30999755859375,365.0299987792969,361.7300109863281,364.2300109863281,349.5120544433594,4055000,395.4200134277344,397.25,393.6400146484375,396.3800048828125,381.0263671875,108194400
2023-02-27,147.7100067138672,149.1699981689453,147.4499969482422,147.9199981689453,145.94407653808594,44998500,94.27999877929688,94.77999877929688,93.13999938964844,93.76000213623047,93.76000213623047,47470300,252.4600067138672,252.82000732421875,249.38999938964844,250.16000366210938,244.9305419921875,21190000,367.489990234375,368.7699890136719,364.5899963378906,365.489990234375,350.7210998535156,3300100,399.8699951171875,401.2900085449219,396.75,397.7300109863281,382.3241271972656,80444700
2023-02-28,147.0500030517578,149.0800018310547,146.8300018310547,147.41000366210938,145.44091796875,50547000,93.13999938964844,94.69000244140625,92.91999816894531,94.2300033569336,94.2300033569336,43959300,249.07000732421875,251.49000549316406,248.72999572753906,249.4199981689453,244.20599365234375,22491000,365.010009765625,366.8599853515625,364.04998779296875,364.1099853515625,349.3968811035156,3022200,397.2300109863281,399.2799987792969,396.1499938964844,396.260009765625,380.9110107421875,96438600
2023-03-01,146.8300018310547,147.22999572753906,145.00999450683594,145.30999755859375,143.36895751953125,55479000,93.87000274658203,94.68000030517578,91.58999633789062,92.16999816894531,92.16999816894531,52299500,250.75999450683594,250.92999267578125,245.7899932861328,246.27000427246094,241.12185668945312,27565300,363.3399963378906,364.510009765625,361.45001220703125,362.7799987792969,348.12066650390625,3764700,395.4100036621094,396.69000244140625,393.3800048828125,394.739990234375,379.4499206542969,99706800
2023-03-02,144.3800048828125,146.7100067138672,143.89999389648438,145.91000366210938,143.96096801757812,52238100,91.41000366210938,92.2300033569336,90.38999938964844,92.12999725341797,92.12999725341797,55509400,246.5500030517578,251.39999389648438,245.61000061035156,251.11000061035156,245.8606719970703,24808200,360.80999755859375,366.3599853515625,360.5299987792969,365.489990234375,350.7210998535156,2727200,392.67999267578125,398.69000244140625,392.3299865722656,397.80999755859375,382.4009704589844,85127800
2023-03-03,148.0399932861328,151.11000061035156,147.3300018310547,151.02999877929688,149.0125732421875,70732300,92.73999786376953,94.94000244140625,92.66000366210938,94.9000015258789,94.9000015258789,55759600,252.19000244140625,255.6199951171875,251.38999938964844,255.2899932861328,249.9532928466797,30760100,367.2900085449219,371.6700134277344,366.70001220703125,371.2799987792969,356.27716064453125,4913600,399.7099914550781,404.45001220703125,399.0299987792969,404.19000244140625,388.5338439941406,90120000
2023-03-06,153.7899932861328,156.3000030517578,153.4600067138672,153.8300018310547,151.77516174316406,87558000,95.19000244140625,96.55000305175781,93.73999786376953,93.75,93.75,52112400,256.42999267578125,260.1199951171875,255.97999572753906,256.8699951171875,251.50027465820312,24109800,372.260009765625,374.44000244140625,371.29998779296875,371.7300109863281,356.708984375,2638300,405.04998779296875,407.45001220703125,404.010009765625,404.4700012207031,388.8030090332031,72795900
2023-03-07,153.6999969482422,154.02999877929688,151.1300048828125,151.60000610351562,149.57492065429688,56182000,94.05999755859375,95.08999633789062,92.77999877929688,93.55000305175781,93.55000305175781,49100700,256.29998779296875,257.69000244140625,253.38999938964844,254.14999389648438,248.8371124267578,21473200,371.6300048828125,371.8900146484375,365.3900146484375,365.9800109863281,351.1913146972656,3546100,404.4200134277344,404.6700134277344,397.6300048828125,398.2699890136719,382.8431396484375,108310600
2023-03-08,152.80999755859375,153.47000122070312,151.8300018310547,152.8699951171875,150.82797241210938,47204800,93.5999984741211,94.16999816894531,92.18000030517578,93.91999816894531,93.91999816894531,44899100,254.0399932861328,254.5399932861328,250.80999755859375,253.6999969482422,248.3965301513672,17340200,366.1099853515625,367.29998779296875,364.44000244140625,366.54998779296875,351.73828125,2906300,398.3900146484375,399.7099914550781,396.5899963378906,398.9200134277344,383.4680480957031,74746600
2023-03-09,153.55999755859375,154.5399932861328,150.22999572753906,150.58999633789062,148.57843017578125,53833600,93.68000030517578,96.20999908447266,92.18000030517578,92.25,92.25,56218700,255.82000732421875,259.55999755859375,251.5800018310547,252.32000732421875,247.04539489746094,26653400,367.3500061035156,368.8800048828125,358.8500061035156,359.8399963378906,345.2994079589844,4409600,399.739990234375,401.4800109863281,390.5299987792969,391.55999755859375,376.39306640625,111945300
2023-03-10,150.2100067138672,150.94000244140625,147.61000061035156,148.5,146.51632690429688,68572400,92.66999816894531,93.56999969482422,90.25,90.7300033569336,90.7300033569336,69827500,251.0800018310547,252.7899932861328,247.60000610351562,248.58999633789062,243.39337158203125,28333900,359.3299865722656,361.239990234375,353.1400146484375,354.67999267578125,340.34796142578125,8360400,390.989990234375,393.1600036621094,384.32000732421875,385.9100036621094,370.96197509765625,189253000
2023-03-13,147.80999755859375,153.13999938964844,147.6999969482422,150.47000122070312,148.46005249023438,84457100,89.97000122070312,94.0199966430664,88.12000274658203,92.43000030517578,92.43000030517578,72397100,247.39999389648438,257.9100036621094,245.72999572753906,253.9199981689453,248.6119384765625,33339700,350.760009765625,358.6700134277344,349.760009765625,354.0799865722656,339.7721252441406,6478700,381.80999755859375,390.3900146484375,380.6499938964844,385.3599853515625,370.43316650390625,157790000
2023-03-14,151.27999877929688,153.39999389648438,150.10000610351562,152.58999633789062,150.5517120361328,73695900,93.83000183105469,95.06999969482422,92.70999908447266,94.87999725341797,94.87999725341797,60912700,256.75,261.07000732421875,255.86000061035156,260.7900085449219,255.3383331298828,33620300,358.8800048828125,361.510009765625,355.6300048828125,359.9599914550781,345.41455078125,4798800,390.5,393.45001220703125,387.04998779296875,391.7300109863281,376.5564270019531,149752400
2023-03-15,151.19000244140625,153.25,149.9199981689453,152.99000549316406,150.9463653564453,77167900,93.22000122070312,96.66999816894531,93.06999969482422,96.19999694824219,96.19999694824219,70731800,259.9800109863281,266.4800109863281,259.2099914550781,265.44000244140625,259.8911437988281,46028000,354.4599914550781,357.8800048828125,352.57000732421875,357.739990234375,343.2843017578125,6610400,385.8900146484375,389.489990234375,383.7099914550781,389.2799987792969,374.2013854980469,172996900
2023-03-16,152.16000366210938,156.4600067138672,151.63999938964844,155.85000610351562,153.76817321777344,76161100,95.75,100.98999786376953,95.61000061035156,100.04000091552734,100.04000091552734,84446900,265.2099914550781,276.55999755859375,263.2799987792969,276.20001220703125,270.42620849609375,54768800,355.5400085449219,364.260009765625,354.989990234375,363.8599853515625,349.1570129394531,5016700,386.82000732421875,396.4700012207031,386.2900085449219,396.1099853515625,380.766845703125,143254200
2023-03-17,156.0800018310547,156.74000549316406,154.27999877929688,155.0,152.9295196533203,98944600,99.79000091552734,100.66000366210938,97.45999908447266,98.94999694824219,98.94999694824219,87300200,278.260009765625,283.3299865722656,276.32000732421875,279.42999267578125,273.5886535644531,69527400,362.760009765625,363.7900085449219,358.4200134277344,359.8800048828125,345.3377990722656,5189900,393.2200012207031,394.3999938964844,388.54998779296875,389.989990234375,376.3146057128906,140553400
2023-03-20,155.07000732421875,157.82000732421875,154.14999389648438,157.39999389648438,155.2974395751953,73641400,98.41000366210938,98.4800033569336,95.69999694824219,97.70999908447266,97.70999908447266,62388900,276.9800109863281,277.4800109863281,269.8500061035156,272.2300109863281,266.5391845703125,43466600,360.4700012207031,363.5799865722656,359.82000732421875,363.1300048828125,348.45648193359375,3099800,390.79998779296875,394.1700134277344,390.07000732421875,393.739990234375,379.93310546875,93055800
2023-03-21,157.32000732421875,159.39999389648438,156.5399932861328,159.27999877929688,157.15235900878906,73938300,98.13999938964844,100.8499984741211,98.0,100.61000061035156,100.61000061035156,58597300,274.8800048828125,275.0,269.5199890136719,273.7799987792969,268.0567932128906,34558700,366.4200134277344,368.4100036621094,364.8800048828125,367.8800048828125,353.01458740234375,4117600,397.239990234375,399.4100036621094,395.5799865722656,398.9100036621094,384.9218444824219,91524200
2023-03-22,159.3000030517578,162.13999938964844,157.80999755859375,157.8300018310547,155.7217559814453,75701800,100.44999694824219,102.0999984741211,98.61000061035156,98.69999694824219,98.69999694824219,57475400,273.3999938964844,281.0400085449219,272.17999267578125,272.2900085449219,266.59796142578125,34873300,367.7799987792969,371.2200012207031,361.6600036621094,361.7799987792969,347.16107177734375,4094800,398.7300109863281,402.489990234375,392.07000732421875,392.1099853515625,378.36029052734375,111746600
2023-03-23,158.8300018310547,161.5500030517578,157.67999267578125,158.92999267578125,156.8070068359375,67622100,100.43000030517578,101.05999755859375,97.62000274658203,98.70999908447266,98.70999908447266,57559300,277.94000244140625,281.05999755859375,275.20001220703125,277.6600036621094,271.855712890625,36610900,364.4800109863281,368.2900085449219,360.1199951171875,362.6400146484375,347.98626708984375,4787200,395.0899963378906,399.2900085449219,390.3500061035156,393.1700134277344,379.38311767578125,119351300
2023-03-24,158.86000061035156,160.33999633789062,157.85000610351562,160.25,158.10940551757812,59196500,98.06999969482422,98.30000305175781,96.4000015258789,98.12999725341797,98.12999725341797,56095400,277.239990234375,280.6300048828125,275.2799987792969,280.57000732421875,274.7048034667969,28172000,359.9800109863281,363.6300048828125,357.7200012207031,363.55999755859375,350.3055725097656,3740400,391.8399963378906,395.8399963378906,389.3999938964844,395.75,381.8725891113281,107682400
2023-03-27,159.94000244140625,160.77000427246094,157.8699951171875,158.27999877929688,156.1657257080078,52390300,99.06999969482422,99.33999633789062,97.08000183105469,98.04000091552734,98.04000091552734,46721300,280.5,281.4599914550781,275.5199890136719,276.3800048828125,270.60247802734375,26840200,365.7300109863281,366.42999267578125,363.3999938964844,364.1600036621094,350.8836669921875,4144800,398.1199951171875,398.9200134277344,395.55999755859375,396.489990234375,382.586669921875,74010400
2023-03-28,157.97000122070312,158.49000549316406,155.97999572753906,157.64999389648438,155.5441131591797,45992200,98.11000061035156,98.44000244140625,96.29000091552734,97.23999786376953,97.23999786376953,38720100,275.7900085449219,276.1400146484375,272.04998779296875,275.2300109863281,269.47650146484375,21878600,363.5400085449219,364.20001220703125,361.67999267578125,363.5199890136719,350.26702880859375,2413700,395.7699890136719,396.489990234375,393.69000244140625,395.6000061035156,381.7279357910156,62871700
2023-03-29,159.3699951171875,161.0500030517578,159.35000610351562,160.77000427246094,158.62245178222656,51305700,98.69000244140625,100.41999816894531,98.55999755859375,100.25,100.25,49783300,278.9599914550781,281.1400146484375,278.4100036621094,280.510009765625,274.6460876464844,25087000,367.3999938964844,368.94000244140625,366.2900085449219,368.69000244140625,355.2485046386719,3636100,399.92999267578125,401.6000061035156,398.67999267578125,401.3500061035156,387.2762756347656,77497900
2023-03-30,161.52999877929688,162.47000122070312,161.27000427246094,162.36000061035156,160.1912384033203,49501700,101.55000305175781,103.04000091552734,101.01000213623047,102.0,102.0,53633400,284.2300109863281,284.4599914550781,281.4800109863281,284.04998779296875,278.1120910644531,25053400,371.2300109863281,371.4800109863281,369.1000061035156,370.8900146484375,357.3683166503906,3316700,404.0899963378906,404.3500061035156,401.760009765625,403.70001220703125,389.54388427734375,69840000
2023-03-31,162.44000244140625,165.0,161.91000366210938,164.89999389648438,162.69728088378906,68749800,102.16000366210938,103.48999786376953,101.94999694824219,103.29000091552734,103.29000091552734,56750300,283.7300109863281,289.2699890136719,283.0,288.29998779296875,282.2732238769531,32766000,371.7799987792969,376.3399963378906,371.6499938964844,376.07000732421875,362.3594055175781,4159800,404.6600036621094,409.70001220703125,404.54998779296875,409.3900146484375,395.0343322753906,112062600
2023-04-03,164.27000427246094,166.2899932861328,164.22000122070312,166.1699981689453,163.95030212402344,56976200,102.30000305175781,103.29000091552734,101.43000030517578,102.41000366210938,102.41000366210938,41135700,286.5199890136719,288.2699890136719,283.95001220703125,287.2300109863281,281.2255859375,24883300,375.6000061035156,377.9100036621094,375.2200012207031,377.55999755859375,363.7951354980469,3525300,408.8500061035156,411.3699951171875,408.44000244140625,410.95001220703125,396.5396423339844,67391100
2023-04-04,166.60000610351562,166.83999633789062,165.11000061035156,165.6300048828125,163.4175567626953,46278300,102.75,104.19999694824219,102.11000061035156,103.94999694824219,103.94999694824219,48662500,287.2300109863281,290.45001220703125,285.6700134277344,287.17999267578125,281.1766357421875,25824300,378.19000244140625,378.3999938964844,374.1300048828125,375.42999267578125,361.7427978515625,2713300,411.6199951171875,411.9200134277344,407.239990234375,408.6700134277344,394.3395690917969,66601500
2023-04-05,164.74000549316406,165.0500030517578,161.8000030517578,163.75999450683594,161.57252502441406,51511700,103.91000366210938,103.91000366210938,100.75,101.0999984741211,101.0999984741211,45175400,285.8500061035156,287.1499938964844,282.9200134277344,284.3399963378906,278.39599609375,22064800,374.7099914550781,375.4200134277344,372.8900146484375,374.5199890136719,360.865966796875,3227700,407.9100036621094,408.70001220703125,405.8800048828125,407.6000061035156,393.3070983886719,65200200
2023-04-06,162.42999267578125,164.9600067138672,162.0,164.66000366210938,162.46047973632812,45390100,100.75,102.37999725341797,99.80000305175781,102.05999755859375,102.05999755859375,43808000,283.2099914550781,292.0799865722656,282.0299987792969,291.6000061035156,285.5042419433594,29770300,373.6700134277344,376.19000244140625,372.7200012207031,375.95001220703125,362.24383544921875,3076200,406.7699890136719,409.4800109863281,405.67999267578125,409.19000244140625,394.84136962890625,63743300
2023-04-10,161.4199981689453,162.02999877929688,160.0800018310547,162.02999877929688,159.86563110351562,47716900,100.95999908447266,102.19999694824219,99.56999969482422,102.16999816894531,102.16999816894531,37261200,289.2099914550781,289.6000061035156,284.7099914550781,289.3900146484375,283.3404846191406,23103000,373.54998779296875,376.3900146484375,372.9599914550781,376.3599853515625,362.63885498046875,2671100,406.6099853515625,409.69000244140625,405.9700012207031,409.6099853515625,395.2466125488281,63681000
2023-04-11,162.35000610351562,162.36000061035156,160.50999450683594,160.8000030517578,158.6520233154297,47644200,100.80000305175781,101.0,99.01000213623047,99.91999816894531,99.91999816894531,60417800,285.75,285.9800109863281,281.6400146484375,282.8299865722656,276.9176330566406,27276600,376.8999938964844,377.760009765625,375.69000244140625,376.4100036621094,362.6871032714844,3069000,410.260009765625,411.17999267578125,408.9200134277344,409.7200012207031,395.3528137207031,59297900
2023-04-12,161.22000122070312,162.05999755859375,159.77999877929688,160.10000610351562,157.96139526367188,50133100,100.4000015258789,100.51000213623047,97.70999908447266,97.83000183105469,97.83000183105469,56735000,284.7900085449219,287.010009765625,281.9599914550781,283.489990234375,277.5638427734375,27403400,378.3999938964844,378.6199951171875,374.32000732421875,374.9100036621094,361.24176025390625,3624200,411.8699951171875,412.1700134277344,407.44000244140625,408.04998779296875,393.7413635253906,86420400
2023-04-13,161.6300048828125,165.8000030517578,161.4199981689453,165.55999755859375,163.34848022460938,68445600,98.94999694824219,102.56999969482422,98.70999908447266,102.4000015258789,102.4000015258789,67925100,283.5899963378906,289.8999938964844,283.1700134277344,289.8399963378906,283.7810363769531,24222700,375.9100036621094,380.1700134277344,375.44000244140625,379.7699890136719,365.924560546875,2680900,409.17999267578125,413.8399963378906,407.989990234375,413.4700012207031,398.97125244140625,85814800
2023-04-14,164.58999633789062,166.32000732421875,163.82000732421875,165.2100067138672,163.003173828125,49386500,102.06999969482422,103.19999694824219,101.11000061035156,102.51000213623047,102.51000213623047,51450500,287.0,288.4800109863281,283.69000244140625,286.1400146484375,280.15838623046875,20987900,379.2699890136719,381.3299865722656,376.7200012207031,378.989990234375,365.1729431152344,2981700,412.80999755859375,415.0899963378906,410.05999755859375,412.4599914550781,397.9967041015625,78161500
2023-04-17,165.08999633789062,165.38999938964844,164.02999877929688,165.22999572753906,163.02285766601562,41516200,103.16000366210938,103.7300033569336,101.58999633789062,102.73999786376953,102.73999786376953,39919500,289.92999267578125,291.6000061035156,286.1600036621094,288.79998779296875,282.7627868652344,23836200,378.8399963378906,380.32000732421875,377.67999267578125,380.2799987792969,366.4159851074219,2721000,412.3699951171875,413.9599914550781,411.0899963378906,413.94000244140625,399.4247741699219,66436400
2023-04-18,166.10000610351562,167.41000366210938,165.64999389648438,166.47000122070312,164.24630737304688,49923000,103.94999694824219,104.19999694824219,101.5199966430664,102.30000305175781,102.30000305175781,39790500,291.57000732421875,291.760009765625,287.010009765625,288.3699951171875,282.34173583984375,20161800,381.8399963378906,381.9200134277344,379.239990234375,380.5400085449219,366.6665344238281,3019300,415.5799865722656,415.7200012207031,412.7799987792969,414.2099914550781,399.685302734375,63560000
2023-04-19,165.8000030517578,168.16000366210938,165.5399932861328,167.6300048828125,165.3908233642578,47720200,101.58000183105469,105.12000274658203,101.38999938964844,104.30000305175781,104.30000305175781,58398900,285.989990234375,289.04998779296875,284.5400085449219,288.45001220703125,282.4201354980469,17150300,378.7300109863281,381.3299865722656,378.6700134277344,380.5199890136719,366.647216796875,2671300,412.2200012207031,415.0799865722656,412.1600036621094,414.1400146484375,399.6178283691406,55227300
2023-04-20,166.08999633789062,167.8699951171875,165.55999755859375,166.64999389648438,164.4239044189453,52456400,103.52999877929688,105.25,103.20999908447266,103.80999755859375,103.80999755859375,57696900,285.25,289.0299987792969,285.0799865722656,286.1099853515625,280.1289978027344,23244400,377.7799987792969,380.07000732421875,376.94000244140625,378.3699951171875,364.5756530761719,2953200,411.2099914550781,413.70001220703125,410.2699890136719,411.8800048828125,397.43701171875,75840400
2023-04-21,165.0500030517578,166.4499969482422,164.49000549316406,165.02000427246094,162.81568908691406,58337300,106.0999984741211,108.1500015258789,105.08000183105469,106.95999908447266,106.95999908447266,86774200,285.010009765625,286.2699890136719,283.05999755859375,285.760009765625,279.786376953125,21676400,378.67999267578125,379.1000061035156,376.82000732421875,378.5899963378906,364.78759765625,2762300,412.19000244140625,412.67999267578125,410.1700134277344,412.20001220703125,397.745849609375,73457400
2023-04-24,165.0,165.60000610351562,163.88999938964844,165.3300018310547,163.12152099609375,41949600,107.66000366210938,109.2300033569336,105.06999969482422,106.20999908447266,106.20999908447266,69575600,282.0899963378906,284.95001220703125,278.7200012207031,281.7699890136719,275.8797607421875,26611000,378.4800109863281,379.4700012207031,377.2300109863281,379.0899963378906,365.26934814453125,2310400,411.989990234375,413.07000732421875,410.6000061035156,412.6300048828125,398.1607666015625,64332100
2023-04-25,165.19000244140625,166.30999755859375,163.72999572753906,163.77000427246094,161.58238220214844,48714100,104.91000366210938,105.44999694824219,102.44999694824219,102.56999969482422,102.56999969482422,65026800,279.510009765625,281.6000061035156,275.3699951171875,275.4200134277344,269.6624755859375,45772200,377.17999267578125,377.70001220703125,373.0199890136719,373.1000061035156,359.49774169921875,3795400,410.5799865722656,411.1600036621094,406.0199890136719,406.0799865722656,391.84039306640625,97766700
2023-04-26,163.05999755859375,165.27999877929688,162.8000030517578,163.75999450683594,161.57252502441406,45498800,105.04000091552734,106.62000274658203,104.0999984741211,104.9800033569336,104.9800033569336,73803800,296.70001220703125,299.57000732421875,292.7300109863281,295.3699951171875,289.1955261230469,64599200,373.6600036621094,374.67999267578125,370.9800109863281,371.44000244140625,357.89825439453125,3766900,406.7200012207031,407.8399963378906,403.7799987792969,404.3599853515625,390.1806945800781,80447000
2023-04-27,165.19000244140625,168.55999755859375,165.19000244140625,168.41000366210938,166.160400390625,64902300,108.16000366210938,110.86000061035156,106.80000305175781,109.81999969482422,109.81999969482422,149961200,295.9700012207031,305.20001220703125,295.25,304.8299865722656,298.4576721191406,46462600,373.8900146484375,379.1300048828125,373.6700134277344,378.80999755859375,364.9995422363281,4302400,407.0,412.69000244140625,406.739990234375,412.4100036621094,397.94842529296875,92968400
2023-04-28,168.49000549316406,169.85000610351562,167.8800048828125,169.67999267578125,167.41342163085938,55275900,107.7300033569336,109.4800033569336,104.33000183105469,105.44999694824219,105.44999694824219,130715900,304.010009765625,308.92999267578125,303.30999755859375,307.260009765625,300.8369140625,36469600,378.0400085449219,382.1199951171875,378.0,382.04998779296875,368.12139892578125,3386900,411.489990234375,415.94000244140625,411.42999267578125,415.92999267578125,401.3450012207031,89433100
2023-05-01,169.27999877929688,170.4499969482422,168.63999938964844,169.58999633789062,167.3246307373047,52472900,104.94999694824219,105.2300033569336,101.81999969482422,102.05000305175781,102.05000305175781,74728100,306.9700012207031,308.6000061035156,305.1499938964844,305.55999755859375,299.17242431640625,21294100,381.7300109863281,383.6400146484375,381.5199890136719,381.7900085449219,367.8709411621094,3069300,415.4700012207031,417.6199951171875,415.2699890136719,415.510009765625,400.9397888183594,62122300
2023-05-02,170.08999633789062,170.35000610351562,167.5399932861328,168.5399932861328,166.28868103027344,48425700,101.47000122070312,103.9000015258789,101.1500015258789,103.62999725341797,103.62999725341797,73469400,307.760009765625,309.17999267578125,303.9100036621094,305.4100036621094,299.02557373046875,26404400,381.05999755859375,381.1099853515625,374.6700134277344,377.510009765625,363.7469787597656,4311600,414.7699890136719,414.82000732421875,407.82000732421875,410.8399963378906,396.4335632324219,103998500
2023-05-03,169.5,170.9199981689453,167.16000366210938,167.4499969482422,165.2132110595703,65136000,103.73999786376953,105.95999908447266,103.27999877929688,103.6500015258789,103.6500015258789,65051900,306.6199951171875,308.6099853515625,304.0899963378906,304.3999938964844,298.0366516113281,22360800,377.9100036621094,380.20001220703125,374.6000061035156,374.8800048828125,361.21282958984375,5513000,411.3599853515625,413.8699951171875,407.7699890136719,408.0199890136719,393.7123718261719,91531800
2023-05-04,164.88999938964844,167.0399932861328,164.30999755859375,165.7899932861328,163.5753631591797,81235400,104.04000091552734,105.38999938964844,103.30999755859375,104.0,104.0,45345500,306.239990234375,307.760009765625,303.3999938964844,305.4100036621094,299.02557373046875,22519900,373.8399963378906,374.1099853515625,370.9200134277344,372.1400146484375,358.57269287109375,4421500,406.92999267578125,407.2699890136719,403.739990234375,405.1300048828125,390.9236755371094,94901900
2023-05-05,170.97999572753906,174.3000030517578,170.75999450683594,173.57000732421875,171.25146484375,113453200,104.2699966430664,105.76000213623047,103.55000305175781,105.66000366210938,105.66000366210938,56951700,305.7200012207031,311.9700012207031,304.2699890136719,310.6499938964844,304.156005859375,28197100,375.739990234375,380.0899963378906,375.42999267578125,378.9700012207031,365.15374755859375,3139400,408.9100036621094,413.7200012207031,408.6400146484375,412.6300048828125,398.1607666015625,87891800
2023-05-08,172.47999572753906,173.85000610351562,172.11000061035156,173.5,171.18240356445312,55962800,105.04000091552734,106.0999984741211,104.69999694824219,105.83000183105469,105.83000183105469,49430900,310.1300048828125,310.20001220703125,306.0899963378906,308.6499938964844,302.1978454589844,21318600,379.4100036621094,379.6199951171875,377.8800048828125,379.17999267578125,365.3560791015625,2957600,412.9700012207031,413.239990234375,411.2799987792969,412.739990234375,398.2668151855469,50046800
2023-05-09,173.0500030517578,173.5399932861328,171.60000610351562,171.77000427246094,169.47552490234375,45326900,105.4800033569336,106.79000091552734,105.16000366210938,106.62000274658203,106.62000274658203,44089400,308.0,310.0400085449219,306.30999755859375,307.0,300.5823974609375,21340800,377.7099914550781,378.5799865722656,377.3299865722656,377.5400085449219,363.7759094238281,2271000,411.1300048828125,412.0899963378906,410.69000244140625,410.92999267578125,396.52032470703125,49220100
2023-05-10,173.02000427246094,174.02999877929688,171.89999389648438,173.55999755859375,171.24160766601562,53724500,108.0999984741211,110.66999816894531,108.05000305175781,110.19000244140625,110.19000244140625,78627600,308.6199951171875,313.0,307.6700134277344,312.30999755859375,305.7812805175781,30078000,380.2799987792969,380.8299865722656,375.6400146484375,379.19000244140625,365.3656921386719,3512900,413.8800048828125,414.5400085449219,408.8699951171875,412.8500061035156,398.3730163574219,96142900
2023-05-11,173.85000610351562,174.58999633789062,172.1699981689453,173.75,171.42906188964844,49514700,111.02999877929688,113.27999877929688,110.48999786376953,112.18000030517578,112.18000030517578,74924800,310.1000061035156,311.1199951171875,306.260009765625,310.1099853515625,303.6272888183594,31680200,378.4700012207031,378.8800048828125,376.6700134277344,378.6600036621094,364.8550720214844,2676600,411.95001220703125,412.42999267578125,409.9700012207031,412.1300048828125,397.6783447265625,70157100
2023-05-12,173.6199951171875,174.05999755859375,171.0,172.57000732421875,170.5003204345703,45533100,112.16000366210938,112.63999938964844,109.31999969482422,110.26000213623047,110.26000213623047,49852700,310.54998779296875,310.6499938964844,306.6000061035156,308.9700012207031,302.5111389160156,19774700,379.8500061035156,380.010009765625,375.8399963378906,378.1499938964844,364.3636474609375,2531000,413.4200134277344,413.6400146484375,409.07000732421875,411.5899963378906,397.1571350097656,70481500
2023-05-15,173.16000366210938,173.2100067138672,171.47000122070312,172.07000732421875,170.00631713867188,37266700,111.1500015258789,112.29000091552734,109.25,111.19999694824219,111.19999694824219,53011100,309.1000061035156,309.8999938964844,307.5899963378906,309.4599914550781,302.9909362792969,16336500,378.739990234375,379.8399963378906,376.9100036621094,379.4599914550781,365.62591552734375,3882600,412.2200012207031,413.42999267578125,410.2300109863281,413.010009765625,398.52740478515625,54289400
2023-05-16,171.99000549316406,173.13999938964844,171.8000030517578,172.07000732421875,170.00631713867188,42110300,111.05000305175781,114.79000091552734,111.05000305175781,113.4000015258789,113.4000015258789,71472900,309.8299865722656,313.7099914550781,309.8299865722656,311.739990234375,305.22320556640625,26730300,378.3900146484375,379.2799987792969,376.9100036621094,376.95001220703125,363.2073669433594,2275300,411.8599853515625,412.82000732421875,410.239990234375,410.25,395.86419677734375,57705500
2023-05-17,171.7100067138672,172.92999267578125,170.4199981689453,172.69000244140625,170.618896484375,57951600,114.88999938964844,115.83000183105469,114.22000122070312,115.5,115.5,65655200,312.2900085449219,314.42999267578125,310.739990234375,314.0,308.1080627441406,24315000,378.8500061035156,382.0899963378906,377.2799987792969,381.45001220703125,367.5433349609375,3222600,412.3500061035156,415.8599853515625,410.6400146484375,415.2300109863281,400.6695251464844,87287000
2023-05-18,173.0,175.24000549316406,172.5800018310547,175.0500030517578,172.95059204101562,65496700,116.69000244140625,118.5999984741211,116.33999633789062,118.1500015258789,118.1500015258789,73174100,314.5299987792969,319.0400085449219,313.7200012207031,318.5199890136719,312.5432434082031,27276000,381.260009765625,385.57000732421875,381.0,385.17999267578125,371.1372985839844,3340600,414.8999938964844,419.6700134277344,414.6700134277344,419.2300109863281,404.529296875,97177200
2023-05-19,176.38999938964844,176.38999938964844,174.94000244140625,175.16000366210938,173.05931091308594,55809500,118.16000366210938,118.30999755859375,115.69999694824219,116.25,116.25,55056300,316.739990234375,318.75,316.3699951171875,318.3399963378906,312.36663818359375,27546700,386.0199890136719,386.5400085449219,383.44000244140625,384.57000732421875,370.5495910644531,3649000,420.1700134277344,420.7200012207031,417.3500061035156,418.6199951171875,403.940673828125,103793300
2023-05-22,173.97999572753906,174.7100067138672,173.4499969482422,174.1999969482422,172.1107635498047,43570900,116.7699966430664,116.7699966430664,114.25,115.01000213623047,115.01000213623047,70741100,318.6000061035156,322.5899963378906,318.010009765625,321.17999267578125,315.1532897949219,24115700,384.6600036621094,386.2300109863281,383.4700012207031,384.7799987792969,370.751953125,2784000,418.6400146484375,420.3900146484375,417.3500061035156,418.7900085449219,404.1047058105469,60745400
2023-05-23,173.1300048828125,173.3800048828125,171.27999877929688,171.55999755859375,169.50244140625,50747300,114.2699966430664,117.13999938964844,113.77999877929688,114.98999786376953,114.98999786376953,67576300,320.0299987792969,322.7200012207031,315.25,315.260009765625,309.3444519042969,30797200,383.19000244140625,384.1099853515625,380.0799865722656,380.4800109863281,366.60870361328125,2887300,417.0799865722656,418.7200012207031,413.67999267578125,414.0899963378906,399.5694885253906,86383500
2023-05-24,171.08999633789062,172.4199981689453,170.52000427246094,171.83999633789062,169.7790985107422,45143500,115.3499984741211,117.33999633789062,115.0199966430664,116.75,116.75,63487900,314.7300109863281,316.5,312.6099853515625,313.8500061035156,307.96087646484375,23384900,378.9100036621094,379.25,376.57000732421875,377.6300048828125,363.8625793457031,3611600,412.4200134277344,412.82000732421875,409.8800048828125,411.0899963378906,396.67474365234375,89213700
2023-05-25,172.41000366210938,173.89999389648438,171.69000244140625,172.99000549316406,170.91531372070312,56058300,116.62999725341797,116.87000274658203,114.30999755859375,115.0,115.0,66496700,323.239990234375,326.8999938964844,320.0,325.9200134277344,319.80438232421875,43301700,380.989990234375,382.2799987792969,378.9200134277344,380.9200134277344,367.03265380859375,3315900,414.739990234375,416.1600036621094,412.4100036621094,414.6499938964844,400.10986328125,90961600
2023-05-26,173.32000732421875,175.77000427246094,173.11000061035156,175.42999267578125,173.32603454589844,54835000,116.04000091552734,121.5,116.0199966430664,120.11000061035156,120.11000061035156,96779900,324.0199890136719,333.3999938964844,323.8800048828125,332.8900146484375,326.64361572265625,36630600,381.6400146484375,386.57000732421875,381.5400085449219,385.8699951171875,371.80218505859375,3042800,415.3299865722656,420.7699890136719,415.25,420.0199890136719,405.2916259765625,93830000
2023-05-30,176.9600067138672,178.99000549316406,176.57000732421875,177.3000030517578,175.17364501953125,55964400,122.37000274658203,122.91999816894531,119.86000061035156,121.66000366210938,121.66000366210938,64314800,335.2300109863281,335.739990234375,330.5199890136719,331.2099914550781,324.9951477050781,29503100,387.760009765625,388.260009765625,384.760009765625,385.989990234375,371.91778564453125,3968500,422.0299987792969,422.5799865722656,418.739990234375,420.17999267578125,405.44598388671875,72216000
2023-05-31,177.3300018310547,179.35000610351562,176.75999450683594,177.25,175.1242218017578,99625300,121.44999694824219,122.04000091552734,119.16999816894531,120.58000183105469,120.58000183105469,72800800,332.2900085449219,335.94000244140625,327.3299865722656,328.3900146484375,322.2280578613281,45950600,384.30999755859375,385.1600036621094,382.4200134277344,383.8900146484375,369.89434814453125,4205300,418.2799987792969,419.2200012207031,416.2200012207031,417.8500061035156,403.19769287109375,110811800
2023-06-01,177.6999969482422,180.1199951171875,176.92999267578125,180.08999633789062,177.93014526367188,68901800,120.69000244140625,123.48999786376953,119.93000030517578,122.7699966430664,122.7699966430664,54375100,325.92999267578125,333.5299987792969,324.7200012207031,332.5799865722656,326.3393859863281,26773900,384.20001220703125,388.57000732421875,382.9700012207031,387.57000732421875,373.4402160644531,3563600,418.0899963378906,422.9200134277344,416.7900085449219,421.82000732421875,407.02850341796875,88865000
2023-06-02,181.02999877929688,181.77999877929688,179.25999450683594,180.9499969482422,178.77981567382812,61996900,124.91999816894531,126.38999938964844,124.0199966430664,124.25,124.25,61264400,334.25,337.5,332.54998779296875,335.3999938964844,329.1065368652344,25873800,390.0799865722656,393.9599914550781,389.5400085449219,393.260009765625,378.9228210449219,7368900,424.5,428.739990234375,423.95001220703125,427.9200134277344,412.91461181640625,91426200
2023-06-05,182.6300048828125,184.9499969482422,178.0399932861328,179.5800018310547,177.42625427246094,121946500,123.36000061035156,125.80000305175781,123.02999877929688,125.30000305175781,125.30000305175781,47950100,335.2200012207031,338.55999755859375,334.6600036621094,335.94000244140625,329.6363830566406,21307100,393.5400085449219,394.7699890136719,391.7900085449219,392.5,378.19049072265625,3481200,428.2799987792969,429.6199951171875,426.3699951171875,427.1000061035156,412.1233215332031,65460200
2023-06-06,179.97000122070312,180.1199951171875,177.42999267578125,179.2100067138672,177.0607147216797,64848400,125.06999969482422,127.4000015258789,125.0,126.61000061035156,126.61000061035156,45695200,335.3299865722656,335.3699951171875,332.1700134277344,333.67999267578125,327.4188232421875,20396200,392.04998779296875,393.7900085449219,391.4100036621094,393.30999755859375,378.970947265625,2894700,426.6700134277344,428.5799865722656,425.989990234375,428.0299987792969,413.020751953125,64022200
2023-06-07,178.44000244140625,181.2100067138672,177.32000732421875,177.82000732421875,175.68739318847656,61944600,127.01000213623047,127.37000274658203,120.62999725341797,121.2300033569336,121.2300033569336,95663300,331.6499938964844,334.489990234375,322.5,323.3800048828125,317.3120422363281,40717100,393.6700134277344,394.760009765625,391.5400085449219,392.0199890136719,377.7279052734375,3942900,428.44000244140625,429.6199951171875,426.1099853515625,426.54998779296875,411.5926208496094,85373300
2023-06-08,177.89999389648438,180.83999633789062,177.4600067138672,180.57000732421875,178.4044189453125,50214900,123.01000213623047,125.62999725341797,122.26000213623047,124.25,124.25,62159300,323.94000244140625,326.6400146484375,323.3500061035156,325.260009765625,319.15679931640625,23277700,391.9599914550781,394.7300109863281,391.2900085449219,394.3699951171875,379.9922180175781,3455400,426.6199951171875,429.6000061035156,425.82000732421875,429.1300048828125,414.0821533203125,61952800
2023-06-09,181.5,182.22999572753906,180.6300048828125,180.9600067138672,178.78970336914062,48900000,124.08000183105469,125.80000305175781,123.19000244140625,123.43000030517578,123.43000030517578,51396000,324.989990234375,329.989990234375,324.4100036621094,326.7900085449219,320.6581115722656,22529000,395.04998779296875,396.92999267578125,394.0799865722656,395.0299987792969,380.6282653808594,3060100,429.9599914550781,431.989990234375,428.8699951171875,429.8999938964844,414.82513427734375,85742800
2023-06-12,181.27000427246094,183.88999938964844,180.97000122070312,183.7899932861328,181.58575439453125,54274900,124.0199966430664,126.77999877929688,123.52999877929688,126.56999969482422,126.56999969482422,51338000,328.5799865722656,332.1000061035156,325.1600036621094,331.8500061035156,325.6231384277344,24260300,395.9800109863281,398.69000244140625,395.29998779296875,398.6600036621094,384.1258544921875,3792700,430.9200134277344,433.8800048828125,430.1700134277344,433.79998779296875,418.5884094238281,76104300
2023-06-13,182.8000030517578,184.14999389648438,182.44000244140625,183.30999755859375,181.1115264892578,54929100,128.1199951171875,128.41000366210938,125.18000030517578,126.66000366210938,126.66000366210938,50564800,334.4700012207031,336.9800109863281,330.3900146484375,334.2900085449219,328.0173645019531,22951300,400.0199890136719,401.8500061035156,399.3999938964844,401.2900085449219,386.6600036621094,3913100,435.32000732421875,437.3299865722656,434.6300048828125,436.6600036621094,421.3481140136719,95899700
2023-06-14,183.3699951171875,184.38999938964844,182.02000427246094,183.9499969482422,181.74386596679688,57462900,126.69999694824219,126.94999694824219,124.12000274658203,126.41999816894531,126.41999816894531,52422500,334.3399963378906,339.0400085449219,332.80999755859375,337.3399963378906,331.0101318359375,26003800,401.6099853515625,403.44000244140625,398.4599914550781,401.6000061035156,386.95880126953125,5161300,437.010009765625,439.05999755859375,433.5899963378906,437.17999267578125,421.849853515625,100612100
2023-06-15,183.9600067138672,186.52000427246094,183.77999877929688,186.00999450683594,183.77915954589844,65433200,125.20999908447266,127.69000244140625,124.31999969482422,127.11000061035156,127.11000061035156,60458500,337.4800109863281,349.8399963378906,337.20001220703125,348.1000061035156,341.5682373046875,38899100,401.0,407.92999267578125,400.8900146484375,406.75,391.9209289550781,5285000,436.3299865722656,443.8999938964844,436.2300109863281,442.6000061035156,427.0798034667969,110303100
2023-06-16,186.72999572753906,186.99000549316406,184.27000427246094,184.9199981689453,182.70220947265625,101256200,127.70999908447266,127.9000015258789,125.30000305175781,125.48999786376953,125.48999786376953,84247100,351.32000732421875,351.4700012207031,341.95001220703125,342.3299865722656,335.906494140625,46552000,408.69000244140625,408.760009765625,404.8900146484375,405.25,390.47564697265625,5141900,443.0199890136719,443.6099853515625,438.9700012207031,439.4599914550781,425.6250305175781,114165800
2023-06-20,184.41000366210938,186.10000610351562,184.41000366210938,185.00999450683594,182.79115295410156,49799100,124.97000122070312,127.25,124.5,125.77999877929688,125.77999877929688,56930100,339.30999755859375,342.0799865722656,335.8599853515625,338.04998779296875,331.706787109375,26375400,403.489990234375,404.32000732421875,401.260009765625,403.3800048828125,388.67376708984375,4242900,437.45001220703125,438.3699951171875,435.0299987792969,437.17999267578125,423.4168395996094,76160400
2023-06-21,184.89999389648438,185.41000366210938,182.58999633789062,183.9600067138672,181.7537384033203,49515700,125.63999938964844,126.7300033569336,123.8499984741211,124.83000183105469,124.83000183105469,52137700,336.3699951171875,337.7300109863281,332.07000732421875,333.55999755859375,327.301025390625,25117800,402.30999755859375,403.05999755859375,400.6700134277344,401.1700134277344,386.54437255859375,3423500,436.1600036621094,436.989990234375,434.3299865722656,434.94000244140625,421.24737548828125,76982300
2023-06-22,183.74000549316406,187.0500030517578,183.6699981689453,187.0,184.75726318359375,51245300,125.30999755859375,130.3300018310547,125.13999938964844,130.14999389648438,130.14999389648438,90354600,334.1199951171875,340.1199951171875,333.3399963378906,339.7099914550781,333.33563232421875,23556800,400.2799987792969,402.7200012207031,399.95001220703125,402.6300048828125,387.95111083984375,3141000,433.95001220703125,436.6199951171875,433.6000061035156,436.510009765625,422.76800537109375,70637200
2023-06-23,185.5500030517578,187.55999755859375,185.00999450683594,186.67999267578125,184.44113159179688,53117000,129.11000061035156,130.83999633789062,128.27999877929688,129.3300018310547,129.3300018310547,71927800,334.3599853515625,337.9599914550781,333.45001220703125,335.0199890136719,328.7336730957031,23146900,399.3299865722656,401.2799987792969,398.92999267578125,399.6099853515625,385.041259765625,4215300,432.92999267578125,435.05999755859375,432.4700012207031,433.2099914550781,419.57183837890625,92074500
2023-06-26,186.8300018310547,188.0500030517578,185.22999572753906,185.27000427246094,183.0480194091797,48088700,129.3300018310547,131.49000549316406,127.0999984741211,127.33000183105469,127.33000183105469,59989300,333.7200012207031,336.1099853515625,328.489990234375,328.6000061035156,322.4341125488281,21520600,399.0400085449219,400.8599853515625,397.7300109863281,397.9599914550781,383.4513854980469,3250700,432.6199951171875,434.6099853515625,431.19000244140625,431.44000244140625,417.8575744628906,72823600
2023-06-27,185.88999938964844,188.38999938964844,185.6699981689453,188.05999755859375,185.8045654296875,50730800,128.6300048828125,130.08999633789062,127.55000305175781,129.17999267578125,129.17999267578125,46801000,331.8599853515625,336.1499938964844,329.29998779296875,334.57000732421875,328.2921447753906,24354100,398.79998779296875,402.92999267578125,398.3900146484375,402.3699951171875,387.70062255859375,4302400,432.3500061035156,436.80999755859375,431.8800048828125,436.1700134277344,422.4386901855469,72813700
2023-06-28,187.92999267578125,189.89999389648438,187.60000610351562,189.25,186.9803009033203,51216800,128.94000244140625,131.47999572753906,128.44000244140625,129.0399932861328,129.0399932861328,52149500,334.6600036621094,337.9800109863281,333.80999755859375,335.8500061035156,329.548095703125,20259500,401.3500061035156,403.489990234375,400.7099914550781,402.54998779296875,387.87408447265625,4320700,435.04998779296875,437.44000244140625,434.4100036621094,436.3900146484375,422.6517333984375,75636000
2023-06-29,189.0800018310547,190.07000732421875,188.94000244140625,189.58999633789062,187.3162078857422,46347300,128.77000427246094,129.25999450683594,127.26000213623047,127.9000015258789,127.9000015258789,40761000,334.7099914550781,336.1099853515625,332.6199951171875,335.04998779296875,328.7630920410156,16997000,400.6000061035156,402.6700134277344,400.19000244140625,402.510009765625,389.35992431640625,3914800,435.9599914550781,438.2799987792969,435.5400085449219,438.1099853515625,424.317626953125,67882300
2023-06-30,191.6300048828125,194.47999572753906,191.25999450683594,193.97000122070312,191.64369201660156,85213200,129.47000122070312,131.25,128.9499969482422,130.36000061035156,130.36000061035156,54350700,337.75,342.7300109863281,337.20001220703125,340.5400085449219,334.1500549316406,26832800,405.3999938964844,408.2200012207031,405.2900085449219,407.2799987792969,393.9740295410156,5173700,441.44000244140625,444.29998779296875,441.1099853515625,443.2799987792969,429.3248291015625,104964000
2023-07-03,193.77999877929688,193.8800048828125,191.75999450683594,192.4600067138672,190.15179443359375,31458200,130.82000732421875,131.85000610351562,130.07000732421875,130.22000122070312,130.22000122070312,28264800,339.19000244140625,340.8999938964844,336.57000732421875,337.989990234375,331.64788818359375,12508700,406.9200134277344,408.05999755859375,406.67999267578125,408.05999755859375,394.72857666015625,2372000,442.9200134277344,444.0799865722656,442.6300048828125,443.7900085449219,429.8187561035156,32793400
2023-07-05,191.57000732421875,192.97999572753906,190.6199951171875,191.3300018310547,189.03533935546875,46920300,130.24000549316406,131.39999389648438,129.63999938964844,130.3800048828125,130.3800048828125,35895400,335.0899963378906,341.6499938964844,334.7300109863281,338.1499938964844,331.8049011230469,18172400,406.010009765625,407.8399963378906,406.010009765625,407.1499938964844,393.8482666015625,4230100,441.9100036621094,443.8900146484375,441.8999938964844,443.1300048828125,429.17962646484375,58418400
2023-07-06,189.83999633789062,192.02000427246094,189.1999969482422,191.80999755859375,189.50958251953125,45094300,128.25,128.72999572753906,127.37000274658203,128.36000061035156,128.36000061035156,40639900,337.29998779296875,342.989990234375,335.5,341.2699890136719,334.8663330078125,28161200,403.7799987792969,404.3500061035156,401.55999755859375,403.8299865722656,390.63671875,6040300,439.4200134277344,440.1000061035156,437.05999755859375,439.6600036621094,425.81878662109375,80658300
2023-07-07,191.41000366210938,192.6699981689453,190.24000549316406,190.67999267578125,188.39312744140625,46815000,128.58999633789062,130.97000122070312,128.1300048828125,129.77999877929688,129.77999877929688,41992300,339.32000732421875,341.7900085449219,337.0,337.2200012207031,330.892333984375,21214800,403.0299987792969,406.67999267578125,402.7099914550781,402.8900146484375,389.72747802734375,3673200,438.6300048828125,442.6400146484375,438.29998779296875,438.54998779296875,424.7437438964844,86134200
2023-07-10,189.25999450683594,189.99000549316406,187.0399932861328,188.61000061035156,186.3479766845703,59922200,129.07000732421875,129.27999877929688,125.91999816894531,127.12999725341797,127.12999725341797,61889300,334.6000061035156,335.2300109863281,327.5899963378906,331.8299865722656,325.603515625,32791400,402.6300048828125,404.1099853515625,402.05999755859375,403.9700012207031,390.772216796875,3362300,438.17999267578125,439.8399963378906,437.5899963378906,439.6600036621094,425.81878662109375,62443500
2023-07-11,189.16000366210938,189.3000030517578,186.60000610351562,188.0800018310547,185.8243408203125,46638100,127.75,129.77000427246094,127.3499984741211,128.77999877929688,128.77999877929688,49951500,331.05999755859375,332.8599853515625,327.0,332.4700012207031,326.2315368652344,26698200,404.7699890136719,407.0,403.7699890136719,406.55999755859375,393.277587890625,3177800,440.45001220703125,442.9700012207031,439.44000244140625,442.4599914550781,428.5306091308594,64463800
2023-07-12,189.67999267578125,191.6999969482422,188.47000122070312,189.77000427246094,187.4940643310547,60750200,130.30999755859375,131.25999450683594,128.8300018310547,130.8000030517578,130.8000030517578,54022800,336.6000061035156,341.6499938964844,335.6700134277344,337.20001220703125,330.8727722167969,29995300,410.19000244140625,411.1300048828125,408.7900085449219,409.760009765625,396.373046875,4246400,446.3900146484375,447.4800109863281,444.9100036621094,446.0199890136719,431.9785461425781,91924500
2023-07-13,190.5,191.19000244140625,189.77999877929688,190.5399932861328,188.2548065185547,41342300,134.0399932861328,134.6699981689453,132.7100067138672,134.3000030517578,134.3000030517578,61170900,339.55999755859375,343.739990234375,339.0199890136719,342.6600036621094,336.2303466796875,20567200,411.5400085449219,413.80999755859375,411.1300048828125,413.1000061035156,399.60394287109375,3273400,447.8999938964844,450.3800048828125,447.45001220703125,449.55999755859375,435.4070739746094,72425200
2023-07-14,190.22999572753906,191.17999267578125,189.6300048828125,190.69000244140625,188.40306091308594,41616200,134.05999755859375,136.64999389648438,134.05999755859375,134.67999267578125,134.67999267578125,54487100,347.5899963378906,351.42999267578125,344.30999755859375,345.239990234375,338.7618713378906,28352700,413.94000244140625,414.7099914550781,412.0799865722656,412.7699890136719,399.28472900390625,3680900,450.4800109863281,451.3599853515625,448.489990234375,449.2799987792969,435.13592529296875,69815800
2023-07-17,191.89999389648438,194.32000732421875,191.80999755859375,193.99000549316406,191.6634521484375,50520200,134.55999755859375,135.6199951171875,133.2100067138672,133.55999755859375,133.55999755859375,48450200,345.67999267578125,346.989990234375,342.20001220703125,345.7300109863281,339.2427062988281,20363900,412.6499938964844,415.25,412.6300048828125,414.2099914550781,400.6776123046875,2963700,449.1300048828125,451.92999267578125,449.0799865722656,450.8399963378906,436.6468505859375,52680200
2023-07-18,193.35000610351562,194.3300018310547,192.4199981689453,193.72999572753906,191.40655517578125,48288200,132.7100067138672,133.86000061035156,131.35000610351562,132.8300018310547,132.8300018310547,54882900,345.8299865722656,366.7799987792969,342.1700134277344,359.489990234375,352.7444763183594,64738600,413.9100036621094,417.92999267578125,413.5400085449219,417.3500061035156,403.71502685546875,3594000,450.5,454.8599853515625,450.04998779296875,454.19000244140625,439.8913879394531,80668200
2023-07-19,193.10000610351562,198.22999572753906,192.64999389648438,195.10000610351562,192.7601318359375,80507300,133.38999938964844,135.99000549316406,132.52999877929688,135.36000061035156,135.36000061035156,54531000,361.75,362.4599914550781,352.44000244140625,355.0799865722656,348.417236328125,39732900,418.07000732421875,419.3699951171875,417.489990234375,418.25,404.5856018066406,3494900,455.010009765625,456.42999267578125,454.1099853515625,455.20001220703125,440.8695373535156,65891700
2023-07-20,195.08999633789062,196.47000122070312,192.5,193.1300048828125,190.81373596191406,59581200,134.07000732421875,134.7899932861328,129.3300018310547,129.9600067138672,129.9600067138672,59820600,353.57000732421875,357.9700012207031,345.3699951171875,346.8699951171875,340.3612976074219,33778400,417.29998779296875,418.1600036621094,414.82000732421875,415.5199890136719,401.94488525390625,4085000,454.1700134277344,455.1000061035156,451.44000244140625,452.17999267578125,437.9446105957031,70591600
2023-07-21,194.10000610351562,194.97000122070312,191.22999572753906,191.94000244140625,189.63803100585938,71951700,131.33999633789062,131.3699951171875,128.4199981689453,130.0,130.0,133307300,349.1499938964844,350.29998779296875,339.8299865722656,343.7699890136719,337.3194580078125,69405400,417.1099853515625,417.29998779296875,415.4800109863281,415.57000732421875,401.99322509765625,3176700,453.9599914550781,454.1700134277344,452.1700134277344,452.17999267578125,437.9446105957031,71275600
2023-07-24,193.41000366210938,194.91000366210938,192.25,192.75,190.4383544921875,45377800,130.30999755859375,131.66000366210938,128.35000610351562,128.8000030517578,128.8000030517578,45591100,345.8500061035156,346.9200134277344,342.30999755859375,345.1099853515625,338.6343078613281,26678100,416.5799865722656,418.1000061035156,416.0199890136719,417.3299865722656,403.6956787109375,3471100,453.3699951171875,455.0400085449219,452.29998779296875,454.20001220703125,439.9010925292969,54023400
2023-07-25,193.3300018310547,194.44000244140625,192.9199981689453,193.6199951171875,191.29788208007812,37283200,129.30999755859375,129.5800018310547,128.52999877929688,129.1300048828125,129.1300048828125,39236700,347.1099853515625,351.8900146484375,345.07000732421875,350.9800109863281,344.3941955566406,41637700,417.0799865722656,419.6499938964844,417.07000732421875,418.55999755859375,404.8855285644531,3949300,453.9200134277344,456.739990234375,453.8699951171875,455.44000244140625,441.1020202636719,55191200
2023-07-26,193.6699981689453,195.63999938964844,193.32000732421875,194.5,192.16732788085938,47471900,126.51000213623047,129.0800018310547,126.11000061035156,128.14999389648438,128.14999389648438,53910100,341.44000244140625,344.6700134277344,333.1099853515625,337.7699890136719,331.4320068359375,58383700,417.6199951171875,419.8900146484375,416.5799865722656,418.6600036621094,404.98223876953125,6138800,454.4700012207031,456.989990234375,453.3800048828125,455.510009765625,441.1698303222656,71052900
2023-07-27,196.02000427246094,197.1999969482422,192.5500030517578,193.22000122070312,190.90269470214844,47460200,131.0,132.6300048828125,127.79000091552734,128.25,128.25,52610700,340.4800109863281,341.3299865722656,329.04998779296875,330.7200012207031,324.51434326171875,39635300,421.7900085449219,422.1499938964844,414.9200134277344,415.82000732421875,402.235107421875,4149400,459.0199890136719,459.44000244140625,451.54998779296875,452.489990234375,438.244873046875,92194400
2023-07-28,194.6699981689453,196.6300048828125,194.13999938964844,195.8300018310547,193.4813690185547,48291400,129.69000244140625,133.00999450683594,129.3300018310547,132.2100067138672,132.2100067138672,46317400,333.6700134277344,340.010009765625,333.1700134277344,338.3699951171875,332.02081298828125,28484900,418.92999267578125,420.6199951171875,418.1600036621094,419.8699951171875,406.15277099609375,2701200,455.8800048828125,457.7799987792969,452.489990234375,456.9200134277344,442.5354309082031,80011800
2023-07-31,196.05999755859375,196.49000549316406,195.25999450683594,196.4499969482422,194.09393310546875,38824100,133.1999969482422,133.8699951171875,132.3800048828125,133.67999267578125,133.67999267578125,41901500,336.9200134277344,337.70001220703125,333.3599853515625,335.9200134277344,329.6167297363281,25446000,420.32000732421875,420.9700012207031,419.04998779296875,420.67999267578125,406.936279296875,3452100,457.4100036621094,458.1600036621094,456.04998779296875,457.7900085449219,443.3780517578125,62040400
2023-08-01,196.24000549316406,196.72999572753906,195.27999877929688,195.61000061035156,193.26400756835938,35175100,133.5500030517578,133.69000244140625,131.6199951171875,131.69000244140625,131.69000244140625,42098500,335.19000244140625,338.5400085449219,333.70001220703125,336.3399963378906,330.0288391113281,18311900,419.260009765625,420.0799865722656,418.54998779296875,419.3800048828125,405.6787414550781,3118000,456.2699890136719,457.25,455.489990234375,456.4800109863281,442.1092834472656,55291500
2023-08-02,195.0399932861328,195.17999267578125,191.85000610351562,192.5800018310547,190.27035522460938,50389300,130.14999389648438,130.22999572753906,126.81999969482422,128.2100067138672,128.2100067138672,51027600,333.6300048828125,333.6300048828125,326.3599853515625,327.5,321.3547058105469,27761300,416.4599914550781,416.70001220703125,412.8800048828125,413.57000732421875,400.0585632324219,4973700,453.25,453.5199890136719,449.3500061035156,450.1300048828125,435.95916748046875,93933400
2023-08-03,191.57000732421875,192.3699951171875,190.69000244140625,191.1699981689453,188.87725830078125,61235200,127.4800033569336,129.83999633789062,126.41000366210938,128.91000366210938,128.91000366210938,88585200,326.0,329.8800048828125,325.95001220703125,326.6600036621094,320.5305480957031,18253700,411.67999267578125,414.19000244140625,411.0899963378906,412.3999938964844,398.92681884765625,3022300,448.0400085449219,450.7900085449219,447.3699951171875,448.8399963378906,434.70977783203125,64276100
2023-08-04,185.52000427246094,187.3800048828125,181.9199981689453,181.99000549316406,179.80735778808594,115956800,141.05999755859375,143.6300048828125,139.32000732421875,139.57000732421875,139.57000732421875,153128500,331.8800048828125,335.1400146484375,327.239990234375,327.7799987792969,321.6294860839844,23741500,414.1499938964844,416.1300048828125,410.0299987792969,410.3800048828125,396.9728088378906,5717300,450.7200012207031,452.8999938964844,446.2699890136719,446.80999755859375,432.7436828613281,100128900
2023-08-07,182.1300048828125,183.1300048828125,177.35000610351562,178.85000610351562,176.70504760742188,97576100,140.99000549316406,142.5399932861328,138.9499969482422,142.22000122070312,142.22000122070312,71213100,328.3699951171875,331.1099853515625,327.5199890136719,330.1099853515625,323.915771484375,17741500,412.2900085449219,414.239990234375,411.6400146484375,414.0799865722656,400.5518798828125,2598000,448.7099914550781,450.8699951171875,447.989990234375,450.7099914550781,436.5209045410156,58357500
2023-08-08,179.69000244140625,180.27000427246094,177.5800018310547,179.8000030517578,177.64364624023438,67823000,140.6199951171875,140.83999633789062,138.4199981689453,139.94000244140625,139.94000244140625,51710500,326.9599914550781,328.75,323.0,326.04998779296875,319.9319763183594,22327600,411.760009765625,412.739990234375,409.1300048828125,412.2900085449219,398.8204040527344,3780100,448.0799865722656,450.70001220703125,445.2699890136719,448.75,434.62261962890625,71361300
2023-08-09,180.8699951171875,180.92999267578125,177.00999450683594,178.19000244140625,176.05291748046875,60378500,139.97000122070312,140.32000732421875,137.10000610351562,137.85000610351562,137.85000610351562,50017300,326.4700012207031,327.1099853515625,321.04998779296875,322.2300109863281,316.18365478515625,22373300,412.6600036621094,412.7300109863281,408.8500061035156,409.54998779296875,396.169921875,3145900,449.0299987792969,449.20001220703125,444.9599914550781,445.75,431.717041015625,78789600
2023-08-10,179.47999572753906,180.75,177.60000610351562,177.97000122070312,175.83555603027344,54686900,139.07000732421875,140.41000366210938,137.49000549316406,138.55999755859375,138.55999755859375,58928400,326.0199890136719,328.260009765625,321.17999267578125,322.92999267578125,316.8704833984375,20113700,411.79998779296875,415.04998779296875,408.6199951171875,409.7900085449219,396.40203857421875,4588300,448.19000244140625,451.70001220703125,444.70001220703125,445.9100036621094,431.8720703125,93005500
2023-08-11,177.32000732421875,178.6199951171875,176.5500030517578,177.7899932861328,175.89492797851562,52036700,137.39999389648438,139.3300018310547,137.0,138.41000366210938,138.41000366210938,42905800,320.260009765625,322.4100036621094,319.2099914550781,321.010009765625,314.98651123046875,24355500,407.95001220703125,410.4100036621094,407.3399963378906,409.4100036621094,396.0344543457031,2918900,443.9700012207031,446.70001220703125,443.3500061035156,445.6499938964844,431.6202392578125,68690900
2023-08-14,177.97000122070312,179.69000244140625,177.30999755859375,179.4600067138672,177.54713439941406,43675600,138.3000030517578,140.58999633789062,137.75,140.57000732421875,140.57000732421875,47148700,321.3900146484375,324.05999755859375,320.0799865722656,324.0400085449219,317.9596862792969,18836100,408.55999755859375,411.739990234375,408.30999755859375,411.7200012207031,398.2690124511719,2772900,444.70001220703125,448.1099853515625,444.3800048828125,448.1099853515625,434.0027770996094,47867400
2023-08-15,178.8800048828125,179.47999572753906,177.0500030517578,177.4499969482422,175.5585479736328,43622600,140.0500030517578,141.27999877929688,137.22999572753906,137.6699981689453,137.6699981689453,42781500,323.0,325.0899963378906,320.8999938964844,321.8599853515625,315.8205871582031,16966300,410.0899963378906,411.7099914550781,406.4100036621094,407.0,393.70318603515625,4686100,446.2699890136719,446.6400146484375,442.29998779296875,442.8900146484375,428.9471130371094,75707500
2023-08-16,177.1300048828125,178.5399932861328,176.5,176.57000732421875,174.68795776367188,46964900,137.19000244140625,137.27000427246094,135.00999450683594,135.07000732421875,135.07000732421875,41675900,320.79998779296875,324.4200134277344,319.79998779296875,320.3999938964844,315.0535888671875,20698900,406.5899963378906,408.1099853515625,403.8699951171875,403.989990234375,390.79156494140625,3353700,442.4599914550781,444.17999267578125,439.5299987792969,439.6400146484375,425.7994689941406,80107200
2023-08-17,177.13999938964844,177.50999450683594,173.47999572753906,174.0,172.14532470703125,66062900,135.4600067138672,136.08999633789062,133.52999877929688,133.97999572753906,133.97999572753906,48354100,320.5400085449219,321.8699951171875,316.2099914550781,316.8800048828125,311.5923767089844,21257200,405.3299865722656,405.5799865722656,400.3699951171875,400.7200012207031,387.62835693359375,7102500,441.1600036621094,441.42999267578125,435.75,436.2900085449219,422.55487060546875,95711300
2023-08-18,172.3000030517578,175.10000610351562,171.9600067138672,174.49000549316406,172.630126953125,61172200,131.6199951171875,134.07000732421875,131.14999389648438,133.22000122070312,133.22000122070312,48497700,314.489990234375,318.3800048828125,311.54998779296875,316.4800109863281,311.198974609375,24755000,398.1700134277344,402.0199890136719,397.8500061035156,401.0899963378906,387.9862976074219,4157700,433.3699951171875,437.57000732421875,433.010009765625,436.5,422.75830078125,98852000
2023-08-21,175.07000732421875,176.1300048828125,173.74000549316406,175.83999633789062,173.96572875976562,46311900,133.74000549316406,135.19000244140625,132.7100067138672,134.67999267578125,134.67999267578125,41442500,317.92999267578125,322.7699890136719,317.0400085449219,321.8800048828125,316.5089416503906,24040000,402.1400146484375,404.3900146484375,399.989990234375,403.739990234375,390.5497131347656,3292400,437.54998779296875,440.1099853515625,435.32000732421875,439.3399963378906,425.5087890625,68719000
2023-08-22,177.05999755859375,177.67999267578125,176.25,177.22999572753906,175.34092712402344,42038900,135.0800018310547,135.64999389648438,133.72999572753906,134.25,134.25,32905400,325.5,326.0799865722656,321.4599914550781,322.4599914550781,317.0792236328125,16084600,405.3500061035156,405.3999938964844,402.05999755859375,402.6099853515625,389.4565734863281,2646100,441.17999267578125,441.17999267578125,437.57000732421875,438.1499938964844,424.3563537597656,64994200
2023-08-23,178.52000427246094,181.5500030517578,178.3300018310547,181.1199951171875,179.18943786621094,52722800,134.5,135.9499969482422,133.22000122070312,135.52000427246094,135.52000427246094,42801000,323.82000732421875,329.20001220703125,323.4599914550781,327.0,321.5434875488281,21166400,403.55999755859375,407.6700134277344,403.4700012207031,406.95001220703125,393.6548767089844,3250000,439.25,443.6700134277344,439.1000061035156,443.0299987792969,429.0826416015625,68441000
2023-08-24,180.6699981689453,181.10000610351562,176.00999450683594,176.3800048828125,174.49996948242188,54945800,136.39999389648438,136.77999877929688,131.8300018310547,131.83999633789062,131.83999633789062,43646300,332.8500061035156,332.9800109863281,319.9599914550781,319.9700012207031,314.63079833984375,23281400,408.6000061035156,409.0799865722656,401.3999938964844,401.5400085449219,388.421630859375,3458800,444.69000244140625,445.2200012207031,436.8599853515625,436.8900146484375,423.1360168457031,88517300
2023-08-25,177.3800048828125,179.14999389648438,175.82000732421875,178.61000061035156,176.70620727539062,51449600,132.47000122070312,133.8699951171875,130.5800018310547,133.25999450683594,133.25999450683594,44147500,321.4700012207031,325.3599853515625,318.79998779296875,322.9800109863281,317.590576171875,21684100,403.0799865722656,405.79998779296875,399.7099914550781,404.20001220703125,390.99468994140625,4417800,438.67999267578125,441.29998779296875,435.0,439.9700012207031,426.1190185546875,102325100
2023-08-28,180.08999633789062,180.58999633789062,178.5500030517578,180.19000244140625,178.2693634033203,43820700,133.77999877929688,133.9499969482422,131.85000610351562,133.13999938964844,133.13999938964844,34108400,325.6600036621094,326.1499938964844,321.7200012207031,323.70001220703125,318.2985534667969,14808500,406.3599853515625,407.44000244140625,405.1000061035156,406.8599853515625,393.5677490234375,3236700,442.239990234375,443.3999938964844,439.9700012207031,442.760009765625,428.8211669921875,61595400
2023-08-29,179.6999969482422,184.89999389648438,179.5,184.1199951171875,182.15745544433594,53003900,133.3800048828125,135.13999938964844,133.25,134.91000366210938,134.91000366210938,38646100,321.8800048828125,328.9800109863281,321.8800048828125,328.4100036621094,322.9299621582031,19284600,406.7799987792969,412.9800109863281,406.57000732421875,412.6400146484375,399.158935546875,3482700,442.6499938964844,449.45001220703125,442.4599914550781,449.1600036621094,435.01971435546875,83081900
2023-08-30,184.94000244140625,187.85000610351562,184.74000549316406,187.64999389648438,185.6498260498047,60813900,134.92999267578125,135.67999267578125,133.9199981689453,135.07000732421875,135.07000732421875,36137000,328.6700134277344,329.80999755859375,326.45001220703125,328.7900085449219,323.3036193847656,15222100,413.0299987792969,415.0299987792969,412.3999938964844,414.3599853515625,400.82275390625,3004500,449.510009765625,451.6700134277344,448.7799987792969,451.010009765625,436.8114929199219,69053900
2023-08-31,187.83999633789062,189.1199951171875,187.47999572753906,187.8699951171875,185.86749267578125,60794500,135.05999755859375,138.7899932861328,135.0,138.00999450683594,138.00999450683594,58781300,329.20001220703125,330.9100036621094,326.7799987792969,327.760009765625,322.29083251953125,26411000,414.9800109863281,416.1199951171875,413.6600036621094,413.8299865722656,400.31005859375,4751100,451.6499938964844,452.8299865722656,450.1600036621094,450.3500061035156,436.1722412109375,66084600
2023-09-01,189.49000549316406,189.9199981689453,188.27999877929688,189.4600067138672,187.4405517578125,45766500,139.4600067138672,139.9600067138672,136.8800048828125,138.1199951171875,138.1199951171875,40991500,331.30999755859375,331.989990234375,326.7799987792969,328.6600036621094,323.17578125,14942000,416.4599914550781,416.8800048828125,413.2099914550781,414.7099914550781,401.16131591796875,3588000,453.1700134277344,453.6700134277344,449.67999267578125,451.19000244140625,436.98577880859375,58944100
2023-09-05,188.27999877929688,189.97999572753906,187.61000061035156,189.6999969482422,187.67796325683594,45280000,137.72999572753906,137.8000030517578,135.82000732421875,137.27000427246094,137.27000427246094,40636700,329.0,334.8500061035156,328.6600036621094,333.54998779296875,327.9841613769531,18553900,414.20001220703125,414.4700012207031,412.7699890136719,412.8999938964844,399.4104309082031,4426700,450.7300109863281,451.05999755859375,449.1700134277344,449.239990234375,435.0971984863281,55166200
2023-09-06,188.39999389648438,188.85000610351562,181.47000122070312,182.91000366210938,180.96035766601562,81755800,136.32000732421875,137.4499969482422,134.61000061035156,135.36000061035156,135.36000061035156,41785500,333.3800048828125,334.4599914550781,330.17999267578125,332.8800048828125,327.32537841796875,17535800,412.1000061035156,412.1300048828125,407.8299865722656,410.04998779296875,396.653564453125,3744100,448.3999938964844,448.510009765625,443.80999755859375,446.2200012207031,432.1722717285156,70758500
2023-09-07,175.17999267578125,178.2100067138672,173.5399932861328,177.55999755859375,175.66737365722656,112488800,133.89999389648438,138.02999877929688,133.16000366210938,137.85000610351562,137.85000610351562,48498900,331.2900085449219,333.0799865722656,329.0299987792969,329.9100036621094,324.4049072265625,18381000,407.1700134277344,409.42999267578125,406.8599853515625,408.8299865722656,395.4734191894531,2245800,443.1099853515625,445.54998779296875,442.75,444.8500061035156,430.84539794921875,70355400
2023-09-08,178.35000610351562,180.24000549316406,177.7899932861328,178.17999267578125,176.28079223632812,65551300,136.86000061035156,138.85000610351562,136.75,138.22999572753906,138.22999572753906,38348200,330.0899963378906,336.1600036621094,329.4599914550781,334.2699890136719,328.692138671875,19530100,408.82000732421875,410.8399963378906,408.489990234375,409.3900146484375,396.01513671875,4124400,444.8999938964844,447.1099853515625,444.5299987792969,445.5199890136719,431.49432373046875,61659700
2023-09-11,180.07000732421875,180.3000030517578,177.33999633789062,179.36000061035156,177.44821166992188,58953100,138.75,143.6199951171875,138.63999938964844,143.10000610351562,143.10000610351562,56764500,337.239990234375,338.4200134277344,335.42999267578125,337.94000244140625,332.3009338378906,16583300,411.8800048828125,412.3800048828125,410.2900085449219,412.0799865722656,398.6171875,3346600,448.239990234375,448.7699890136719,446.4700012207031,448.45001220703125,434.33203125,60180100
2023-09-12,179.49000549316406,180.1300048828125,174.82000732421875,176.3000030517578,174.4208526611328,90370200,142.32000732421875,143.0,140.61000061035156,141.22999572753906,141.22999572753906,42668500,335.82000732421875,336.7900085449219,331.4800109863281,331.7699890136719,326.2339172363281,17565500,410.70001220703125,412.1499938964844,409.2900085449219,409.8699951171875,396.4794006347656,7595300,446.95001220703125,448.5299987792969,445.3900146484375,445.989990234375,431.949462890625,67565400
2023-09-13,176.50999450683594,177.3000030517578,173.97999572753906,174.2100067138672,172.35311889648438,84267900,140.9499969482422,144.97999572753906,140.8699951171875,144.85000610351562,144.85000610351562,60465200,331.30999755859375,336.8500061035156,331.1700134277344,336.05999755859375,330.4523010253906,16544400,410.0299987792969,411.3999938964844,408.989990234375,410.3500061035156,396.9437561035156,2529700,446.2200012207031,447.7099914550781,445.0799865722656,446.510009765625,432.4530944824219,60199300
2023-09-14,174.0,176.10000610351562,173.5800018310547,175.74000549316406,173.86679077148438,60895800,145.0800018310547,145.86000061035156,142.9499969482422,144.72000122070312,144.72000122070312,64033600,339.1499938964844,340.8599853515625,336.57000732421875,338.70001220703125,333.0481872558594,20267000,412.6700134277344,414.510009765625,411.4200134277344,413.8999938964844,400.3777770996094,3660900,449.07000732421875,451.0799865722656,447.7200012207031,450.3599853515625,436.18194580078125,83430800
2023-09-15,176.47999572753906,176.5,173.82000732421875,175.00999450683594,173.14454650878906,109259500,142.69000244140625,143.57000732421875,140.08999633789062,140.38999938964844,140.38999938964844,102909300,336.9200134277344,337.3999938964844,329.6499938964844,330.2200012207031,324.70977783203125,37679800,412.3399963378906,412.6700134277344,408.4800109863281,408.739990234375,395.3863220214844,4004000,447.1400146484375,447.4800109863281,442.9200134277344,443.3699951171875,430.92669677734375,111848900
2023-09-18,176.47999572753906,179.3800048828125,176.1699981689453,177.97000122070312,176.07302856445312,67257600,140.47999572753906,141.75,139.22000122070312,139.97999572753906,139.97999572753906,42823500,327.79998779296875,330.3999938964844,326.3599853515625,329.05999755859375,323.569091796875,16834200,408.5799865722656,410.3399963378906,408.1600036621094,409.19000244140625,395.8217468261719,3014600,443.04998779296875,444.9700012207031,442.55999755859375,443.6300048828125,431.1794128417969,55752200
2023-09-19,177.52000427246094,179.6300048828125,177.1300048828125,179.07000732421875,177.16128540039062,51826900,138.6999969482422,138.83999633789062,135.55999755859375,137.6300048828125,137.6300048828125,61482500,326.1700134277344,329.3900146484375,324.510009765625,328.6499938964844,323.16595458984375,16505900,408.2200012207031,408.80999755859375,405.7099914550781,408.3699951171875,395.0284423828125,3623300,442.67999267578125,443.2900085449219,439.94000244140625,442.7099914550781,430.28515625,66514600
2023-09-20,179.25999450683594,179.6999969482422,175.39999389648438,175.49000549316406,173.61949157714844,58436200,138.5500030517578,139.3699951171875,135.1999969482422,135.2899932861328,135.2899932861328,46263700,329.510009765625,329.5899963378906,320.510009765625,320.7699890136719,315.4174499511719,21436500,409.4599914550781,409.8399963378906,404.3299865722656,404.54998779296875,391.333251953125,4009400,444.010009765625,444.44000244140625,438.42999267578125,438.6400146484375,426.3294982910156,82562600
2023-09-21,174.5500030517578,176.3000030517578,173.86000061035156,173.92999267578125,172.07606506347656,63149100,131.94000244140625,132.24000549316406,129.30999755859375,129.3300018310547,129.3300018310547,70343300,319.260009765625,325.3500061035156,315.0,319.5299987792969,314.1980895996094,35560400,401.79998779296875,402.04998779296875,397.69000244140625,397.9200134277344,384.9198913574219,4633100,435.70001220703125,435.9700012207031,431.2300109863281,431.3900146484375,419.2828369140625,104095800
2023-09-22,174.6699981689453,177.0800018310547,174.0500030517578,174.7899932861328,172.92691040039062,56725400,131.11000061035156,132.02999877929688,128.52000427246094,129.1199951171875,129.1199951171875,59904300,321.32000732421875,321.45001220703125,316.1499938964844,317.010009765625,311.7201843261719,21447900,398.79998779296875,400.3299865722656,396.55999755859375,396.9599914550781,383.9912109375,7204200,432.45001220703125,434.1000061035156,429.989990234375,430.4200134277344,418.3401184082031,100829700
2023-09-25,174.1999969482422,176.97000122070312,174.14999389648438,176.0800018310547,174.20314025878906,46172700,129.36000061035156,131.77999877929688,128.77000427246094,131.27000427246094,131.27000427246094,46017800,316.5899963378906,317.6700134277344,315.0,317.5400085449219,312.2413635253906,17836000,395.760009765625,398.6400146484375,395.3699951171875,398.6099853515625,385.5872802734375,3227900,429.1700134277344,432.2699890136719,428.7200012207031,432.2300109863281,420.0993347167969,70874500
2023-09-26,174.82000732421875,175.1999969482422,171.66000366210938,171.9600067138672,170.12709045410156,64588900,130.1199951171875,130.38999938964844,125.27999877929688,125.9800033569336,125.9800033569336,73048200,315.1300048828125,315.8800048828125,310.0199890136719,312.1400146484375,306.9314880371094,26297600,395.7200012207031,396.3599853515625,391.9599914550781,392.760009765625,379.9284973144531,5734700,429.0899963378906,429.82000732421875,425.0199890136719,425.8800048828125,413.92755126953125,96168400
2023-09-27,172.6199951171875,173.0399932861328,169.0500030517578,170.42999267578125,168.61337280273438,66921800,125.76000213623047,127.4800033569336,124.12999725341797,125.9800033569336,125.9800033569336,66553400,312.29998779296875,314.29998779296875,309.69000244140625,312.7900085449219,307.57061767578125,19410100,393.8399963378906,394.3900146484375,389.45001220703125,392.8500061035156,380.0155944824219,4837700,427.0899963378906,427.6700134277344,422.2900085449219,426.04998779296875,414.0928039550781,104705800
2023-09-28,169.33999633789062,172.02999877929688,167.6199951171875,170.69000244140625,168.87062072753906,56294400,124.04000091552734,126.58000183105469,123.04000091552734,125.9800033569336,125.9800033569336,54555000,310.989990234375,315.4800109863281,309.45001220703125,313.6400146484375,308.40643310546875,19683600,390.8699951171875,395.2699890136719,390.3299865722656,393.6400146484375,382.2323303222656,4065800,425.4800109863281,430.25,424.8699951171875,428.5199890136719,416.4934387207031,92258300
2023-09-29,172.02000427246094,173.07000732421875,170.33999633789062,171.2100067138672,169.3850860595703,51861100,128.1999969482422,129.14999389648438,126.31999969482422,127.12000274658203,127.12000274658203,62411700,317.75,319.4700012207031,314.9800109863281,315.75,310.481201171875,24147300,396.6199951171875,396.739990234375,391.29998779296875,392.70001220703125,381.31964111328125,5766600,431.6700134277344,431.8500061035156,425.9100036621094,427.4800109863281,415.4826354980469,115111300
2023-10-02,171.22000122070312,174.3000030517578,170.92999267578125,173.75,171.8980255126953,52164500,127.27999877929688,130.47000122070312,126.54000091552734,129.4600067138672,129.4600067138672,48029700,316.2799987792969,321.8900146484375,315.17999267578125,321.79998779296875,316.4302673339844,20570000,391.8999938964844,393.760009765625,389.9700012207031,392.6700134277344,381.29046630859375,5886200,426.6199951171875,428.6000061035156,424.4599914550781,427.30999755859375,415.31744384765625,83798600
2023-10-03,172.25999450683594,173.6300048828125,170.82000732421875,172.39999389648438,170.56239318847656,49594600,128.05999755859375,128.52000427246094,124.25,124.72000122070312,124.72000122070312,51565000,320.8299865722656,321.3900146484375,311.2099914550781,313.3900146484375,308.16064453125,21033500,390.5799865722656,391.92999267578125,386.0299987792969,387.3900146484375,376.16351318359375,6886700,425.05999755859375,427.3699951171875,420.17999267578125,421.5899963378906,409.7579650878906,103760600
2023-10-04,171.08999633789062,174.2100067138672,170.97000122070312,173.66000366210938,171.80894470214844,53020300,126.05999755859375,127.36000061035156,125.68000030517578,127.0,127.0,44203900,314.0299987792969,320.0400085449219,314.0,318.9599914550781,313.6376647949219,20720100,387.7300109863281,390.8500061035156,386.3999938964844,390.239990234375,378.9308776855469,4333700,422.07000732421875,425.42999267578125,420.55999755859375,424.6600036621094,412.74176025390625,87453000
2023-10-05,173.7899932861328,175.4499969482422,172.67999267578125,174.91000366210938,173.045654296875,48527900,126.70999908447266,126.7300033569336,124.33000183105469,125.95999908447266,125.95999908447266,39660600,319.0899963378906,319.9800109863281,314.8999938964844,319.3599853515625,314.03094482421875,16965600,389.8900146484375,390.7900085449219,386.95001220703125,389.9100036621094,378.6104431152344,3329100,424.3599853515625,425.3699951171875,421.1700134277344,424.5,412.5862731933594,70142700
2023-10-06,173.8000030517578,177.99000549316406,173.17999267578125,177.49000549316406,175.59812927246094,57266700,124.16000366210938,128.4499969482422,124.12999725341797,127.95999908447266,127.95999908447266,46836700,316.54998779296875,329.19000244140625,316.29998779296875,327.260009765625,321.79913330078125,25673600,387.69000244140625,396.0899963378906,386.4100036621094,394.55999755859375,383.1257019042969,4897200,421.9700012207031,431.1300048828125,420.6000061035156,429.5400085449219,417.4847717285156,113273300
2023-10-09,176.80999755859375,179.0500030517578,175.8000030517578,178.99000549316406,177.08216857910156,42390800,126.22000122070312,128.7899932861328,124.76000213623047,128.25999450683594,128.25999450683594,38773700,324.75,330.29998779296875,323.17999267578125,329.82000732421875,324.31640625,19891200,392.7699890136719,397.69000244140625,392.30999755859375,397.19000244140625,385.6794738769531,2959500,427.5799865722656,432.8800048828125,427.010009765625,432.2900085449219,420.1575927734375,80374400
2023-10-10,178.10000610351562,179.72000122070312,177.9499969482422,178.38999938964844,176.48854064941406,43698000,128.82000732421875,130.74000549316406,128.0500030517578,129.47999572753906,129.47999572753906,42178600,330.9599914550781,331.1000061035156,327.6700134277344,328.3900146484375,322.9102783203125,20557100,397.7699890136719,401.67999267578125,397.3900146484375,399.239990234375,387.6700744628906,3289600,432.94000244140625,437.2200012207031,432.5299987792969,434.5400085449219,422.3445129394531,78607300
2023-10-11,178.1999969482422,179.85000610351562,177.60000610351562,179.8000030517578,177.88351440429688,47551100,129.74000549316406,132.0500030517578,129.61000061035156,131.8300018310547,131.8300018310547,40741800,331.2099914550781,332.82000732421875,329.1400146484375,332.4200134277344,326.873046875,20063200,400.2699890136719,401.0899963378906,397.989990234375,400.92999267578125,389.3110656738281,4181800,435.6400146484375,436.5799865722656,433.17999267578125,436.32000732421875,424.07452392578125,62451700
2023-10-12,180.07000732421875,182.33999633789062,179.0399932861328,180.7100067138672,178.78382873535156,56743100,132.1699981689453,134.47999572753906,131.22999572753906,132.3300018310547,132.3300018310547,55528600,330.57000732421875,333.6300048828125,328.7200012207031,331.1600036621094,325.6340637207031,19313100,401.4800109863281,401.79998779296875,396.20001220703125,398.5199890136719,386.9708557128906,3872900,436.95001220703125,437.3399963378906,431.2300109863281,433.6600036621094,421.4892272949219,81154200
2023-10-13,181.4199981689453,181.92999267578125,178.13999938964844,178.85000610351562,176.9436492919922,51427100,132.97999572753906,133.30999755859375,128.9499969482422,129.7899932861328,129.7899932861328,45786600,332.3800048828125,333.8299865722656,326.3599853515625,327.7300109863281,322.2613525390625,21072400,399.80999755859375,400.9599914550781,394.9599914550781,396.4200134277344,384.93182373046875,3769800,435.2099914550781,436.45001220703125,429.8800048828125,431.5,419.3898010253906,95143100
2023-10-16,176.75,179.0800018310547,176.50999450683594,178.72000122070312,176.8150177001953,52517000,130.69000244140625,133.07000732421875,130.42999267578125,132.5500030517578,132.5500030517578,42832900,331.04998779296875,336.1400146484375,330.6000061035156,332.6400146484375,327.08935546875,22158000,398.57000732421875,401.6000061035156,398.3399963378906,400.57000732421875,388.9615478515625,5150900,433.82000732421875,437.1400146484375,433.57000732421875,436.0400085449219,423.8023986816406,75433200
2023-10-17,176.64999389648438,178.4199981689453,174.8000030517578,177.14999389648438,175.26174926757812,57549400,130.38999938964844,132.5800018310547,128.7100067138672,131.47000122070312,131.47000122070312,49344600,329.5899963378906,333.4599914550781,327.4100036621094,332.05999755859375,326.51904296875,18338500,397.6300048828125,402.5,397.30999755859375,400.5799865722656,388.97119140625,4214600,432.80999755859375,438.1400146484375,432.45001220703125,436.0199890136719,423.782958984375,75324700
2023-10-18,175.5800018310547,177.5800018310547,175.11000061035156,175.83999633789062,173.96572875976562,54764400,129.89999389648438,130.6699981689453,127.51000213623047,128.1300048828125,128.1300048828125,42699500,332.489990234375,335.5899963378906,328.29998779296875,330.1099853515625,324.6015319824219,23153600,398.8900146484375,399.80999755859375,394.2200012207031,395.2200012207031,383.7666015625,7329300,434.19000244140625,435.17999267578125,429.0899963378906,430.2099914550781,418.135986328125,93559800
2023-10-19,176.0399932861328,177.83999633789062,175.19000244140625,175.4600067138672,173.5897674560547,59302900,130.57000732421875,132.24000549316406,127.47000122070312,128.39999389648438,128.39999389648438,60961400,332.1499938964844,336.8800048828125,330.9100036621094,331.32000732421875,325.7914123535156,25052100,395.9700012207031,397.6000061035156,391.1400146484375,391.8699951171875,380.5136413574219,6708900,430.95001220703125,432.82000732421875,425.7300109863281,426.42999267578125,414.46209716796875,121323000
2023-10-20,175.30999755859375,175.4199981689453,172.63999938964844,172.8800048828125,171.03726196289062,64244000,128.0500030517578,128.1699981689453,124.97000122070312,125.16999816894531,125.16999816894531,56406400,331.7200012207031,331.9200134277344,325.45001220703125,326.6700134277344,321.2189636230469,25027700,391.3800048828125,391.82000732421875,386.8399963378906,386.989990234375,375.7750244140625,7549600,425.9800109863281,426.5400085449219,421.0799865722656,421.19000244140625,409.36920166015625,123919900
2023-10-23,170.91000366210938,174.00999450683594,169.92999267578125,173.0,171.15599060058594,55980100,124.62999725341797,127.87999725341797,123.9800033569336,126.55999755859375,126.55999755859375,48260000,325.4700012207031,332.7300109863281,324.3900146484375,329.32000732421875,323.8247375488281,24374700,385.4800109863281,389.94000244140625,383.8500061035156,386.30999755859375,375.1147766113281,5537100,419.6099853515625,424.45001220703125,417.79998779296875,420.4599914550781,408.6596374511719,92035100
2023-10-24,173.0500030517578,173.6699981689453,171.4499969482422,173.44000244140625,171.59130859375,43816600,127.73999786376953,128.8000030517578,126.33999633789062,128.55999755859375,128.55999755859375,46477400,331.29998779296875,331.8399963378906,327.6000061035156,330.5299987792969,325.0145568847656,31153600,388.2799987792969,390.260009765625,386.54998779296875,389.20001220703125,377.9209899902344,4451500,422.6499938964844,424.82000732421875,420.739990234375,423.6300048828125,411.7406921386719,78564200
2023-10-25,171.8800048828125,173.05999755859375,170.64999389648438,171.10000610351562,169.27626037597656,57157000,126.04000091552734,126.33999633789062,120.79000091552734,121.38999938964844,121.38999938964844,74577500,345.0199890136719,346.20001220703125,337.6199951171875,340.6700134277344,334.9853820800781,55053800,387.6000061035156,387.67999267578125,383.1199951171875,383.7099914550781,372.590087890625,5471200,421.8900146484375,421.9200134277344,417.0199890136719,417.54998779296875,405.831298828125,94223200
2023-10-26,170.3699951171875,171.3800048828125,165.6699981689453,166.88999938964844,165.1111297607422,70625300,120.62999725341797,121.63999938964844,118.3499984741211,119.56999969482422,119.56999969482422,100419500,340.5400085449219,341.6300048828125,326.94000244140625,327.8900146484375,322.41864013671875,37828500,382.6300048828125,383.3999938964844,378.1499938964844,379.0,368.0166015625,6959400,416.45001220703125,417.3299865722656,411.6000061035156,412.54998779296875,400.97161865234375,115156800
2023-10-27,166.91000366210938,168.9600067138672,166.8300018310547,168.22000122070312,166.4269561767578,58499100,126.19999694824219,130.02000427246094,125.5199966430664,127.73999786376953,127.73999786376953,125309300,330.42999267578125,336.7200012207031,328.3999938964844,329.80999755859375,324.3066101074219,29856500,380.5299987792969,380.8900146484375,375.95001220703125,377.32000732421875,366.3852844238281,5638800,414.19000244140625,414.6000061035156,409.2099914550781,410.67999267578125,399.15411376953125,107367700
2023-10-30,169.02000427246094,171.1699981689453,168.8699951171875,170.2899932861328,168.47486877441406,51131000,129.72000122070312,133.0,128.55999755859375,132.7100067138672,132.7100067138672,72485500,333.4100036621094,339.45001220703125,331.8299865722656,337.30999755859375,331.681396484375,22828100,379.9100036621094,382.79998779296875,378.7099914550781,381.8599853515625,370.7937316894531,5795800,413.55999755859375,416.67999267578125,412.2200012207031,415.5899963378906,403.92633056640625,86562700
2023-10-31,169.35000610351562,170.89999389648438,167.89999389648438,170.77000427246094,168.94976806640625,44846000,132.75,133.57000732421875,131.7100067138672,133.08999633789062,133.08999633789062,51589400,338.8500061035156,339.0,334.69000244140625,338.1099853515625,332.46807861328125,20265300,382.3500061035156,384.4800109863281,380.55999755859375,384.1700134277344,373.0367431640625,4523200,416.17999267578125,418.5299987792969,414.2099914550781,418.20001220703125,406.46307373046875,79665200
2023-11-01,171.0,174.22999572753906,170.1199951171875,173.97000122070312,172.11566162109375,56934900,133.9600067138672,137.35000610351562,133.7100067138672,137.0,137.0,61529400,339.7900085449219,347.4200134277344,339.6499938964844,346.07000732421875,340.2952575683594,28158800,385.0899963378906,389.0799865722656,384.6199951171875,388.3999938964844,377.1441650390625,5549200,419.20001220703125,423.5,418.6499938964844,422.6600036621094,410.79791259765625,98068100
2023-11-02,175.52000427246094,177.77999877929688,175.4600067138672,177.57000732421875,175.6772918701172,77334800,138.72999572753906,138.80999755859375,136.47000122070312,138.07000732421875,138.07000732421875,52236700,347.239990234375,348.8299865722656,344.7699890136719,348.32000732421875,342.5077819824219,24348100,391.92999267578125,395.9100036621094,391.9200134277344,395.7799987792969,384.31036376953125,4752200,426.5799865722656,430.9200134277344,426.55999755859375,430.760009765625,418.6706237792969,94938900
2023-11-03,174.24000549316406,176.82000732421875,173.35000610351562,176.64999389648438,174.76708984375,79829200,138.99000549316406,139.49000549316406,137.4499969482422,138.60000610351562,138.60000610351562,44059800,349.6300048828125,354.3900146484375,347.3299865722656,352.79998779296875,346.9129638671875,23637700,397.9200134277344,400.8500061035156,397.8399963378906,399.44000244140625,387.8642578125,5981400,433.1400146484375,436.2900085449219,433.010009765625,434.69000244140625,422.49029541015625,100167800
2023-11-06,176.3800048828125,179.42999267578125,176.2100067138672,179.22999572753906,177.31959533691406,63841300,138.75999450683594,140.72999572753906,138.36000061035156,139.74000549316406,139.74000549316406,44970400,353.45001220703125,357.5400085449219,353.3500061035156,356.5299987792969,350.58074951171875,23828300,400.1199951171875,400.7300109863281,398.4599914550781,400.2099914550781,388.6119079589844,4007100,435.4700012207031,436.1499938964844,433.67999267578125,435.69000244140625,423.4621887207031,67831700
2023-11-07,179.17999267578125,182.44000244140625,178.97000122070312,181.82000732421875,179.8820037841797,70530000,140.5500030517578,143.3699951171875,140.5,142.7100067138672,142.7100067138672,53553500,359.3999938964844,362.4599914550781,357.6300048828125,360.5299987792969,354.5139465332031,25833900,400.260009765625,402.0400085449219,399.2300109863281,401.3399963378906,389.7091369628906,3358600,435.69000244140625,437.5899963378906,434.510009765625,436.92999267578125,424.6673889160156,64256100
2023-11-08,182.35000610351562,183.4499969482422,181.58999633789062,182.88999938964844,180.94058227539062,49340300,142.97000122070312,143.1199951171875,141.22000122070312,142.0800018310547,142.0800018310547,44521700,361.67999267578125,363.8699951171875,360.54998779296875,363.20001220703125,357.1394348144531,26767800,401.989990234375,402.5,399.55999755859375,401.6700134277344,390.0296325683594,3731900,437.54998779296875,438.0899963378906,434.8699951171875,437.25,424.9784851074219,61746000
2023-11-09,182.9600067138672,184.1199951171875,181.80999755859375,182.41000366210938,180.4656982421875,53763500,142.02000427246094,142.64999389648438,139.83999633789062,140.60000610351562,140.60000610351562,36235400,362.29998779296875,364.7900085449219,360.3599853515625,360.69000244140625,354.67132568359375,24847300,402.80999755859375,402.8800048828125,398.2099914550781,398.6400146484375,387.08746337890625,4145600,438.42999267578125,438.4700012207031,433.3999938964844,433.8399963378906,421.6641845703125,83174400
2023-11-10,183.97000122070312,186.57000732421875,183.52999877929688,186.39999389648438,184.65611267089844,66133400,140.4600067138672,143.64999389648438,139.91000366210938,143.55999755859375,143.55999755859375,49287800,361.489990234375,370.1000061035156,361.07000732421875,369.6700134277344,363.50146484375,28042100,400.5899963378906,405.1099853515625,399.1400146484375,404.8599853515625,393.1271667480469,3992800,435.9800109863281,440.92999267578125,433.8299865722656,440.6099853515625,428.2441101074219,89462200
2023-11-13,185.82000732421875,186.02999877929688,184.2100067138672,184.8000030517578,183.07110595703125,43627500,142.0800018310547,143.22999572753906,140.6699981689453,142.58999633789062,142.58999633789062,35680600,368.2200012207031,368.4700012207031,365.8999938964844,366.67999267578125,360.5613708496094,19986500,403.5899963378906,405.489990234375,402.82000732421875,404.45001220703125,392.7290954589844,2872900,439.2300109863281,441.3299865722656,438.4200134277344,440.19000244140625,427.8359069824219,52236100
2023-11-14,187.6999969482422,188.11000061035156,186.3000030517578,187.44000244140625,185.68638610839844,60108400,145.0,147.25999450683594,144.67999267578125,145.8000030517578,145.8000030517578,56674600,371.010009765625,371.95001220703125,367.3500061035156,370.2699890136719,364.0914611816406,27683900,410.0400085449219,413.510009765625,409.8900146484375,412.2200012207031,400.2738952636719,6973100,446.32000732421875,450.05999755859375,446.0899963378906,448.7300109863281,436.1362609863281,97176900
2023-11-15,187.85000610351562,189.5,187.77999877929688,188.00999450683594,186.25106811523438,53790500,147.05999755859375,147.2899932861328,142.58999633789062,143.1999969482422,143.1999969482422,63875700,371.2799987792969,373.1300048828125,367.1099853515625,369.6700134277344,364.2392578125,26860100,413.5400085449219,414.7200012207031,412.3699951171875,413.1199951171875,401.1478271484375,4414800,450.1099853515625,451.3800048828125,448.79998779296875,449.67999267578125,437.0595703125,77327600
2023-11-16,189.57000732421875,190.9600067138672,188.64999389648438,189.7100067138672,187.93516540527344,54412900,140.91000366210938,143.32000732421875,139.52000427246094,142.8300018310547,142.8300018310547,49653500,370.9599914550781,376.3500061035156,370.17999267578125,376.1700134277344,370.6437683105469,27182300,412.739990234375,413.95001220703125,411.75,413.70001220703125,401.7109680175781,3798900,449.2200012207031,450.55999755859375,448.1199951171875,450.2300109863281,437.5941467285156,66665800
2023-11-17,190.25,190.3800048828125,188.57000732421875,189.69000244140625,187.91534423828125,50922700,142.66000366210938,145.22999572753906,142.5399932861328,145.17999267578125,145.17999267578125,49636700,373.6099853515625,374.3699951171875,367.0,369.8500061035156,364.4165954589844,40157000,413.94000244140625,414.7900085449219,412.8699951171875,414.30999755859375,402.3033447265625,4696200,450.239990234375,451.4200134277344,449.2900085449219,450.7900085449219,438.1383972167969,83133200
2023-11-20,189.88999938964844,191.91000366210938,189.8800048828125,191.4499969482422,189.65887451171875,46505100,145.1300048828125,146.6300048828125,144.72999572753906,146.1300048828125,146.1300048828125,41951200,371.2200012207031,378.8699951171875,371.0,377.44000244140625,371.89508056640625,52465100,413.989990234375,418.20001220703125,413.9800109863281,417.42999267578125,405.3328857421875,3517600,450.5299987792969,455.1300048828125,450.5199890136719,454.260009765625,441.51104736328125,69936200
2023-11-21,191.41000366210938,191.52000427246094,189.74000549316406,190.63999938964844,188.85646057128906,38134500,143.91000366210938,144.0500030517578,141.5,143.89999389648438,143.89999389648438,71226000,375.6700134277344,376.2200012207031,371.1199951171875,373.07000732421875,367.58935546875,28423100,416.3999938964844,416.8399963378906,415.29998779296875,416.3399963378906,404.2744445800781,5248200,453.17999267578125,454.1300048828125,451.9599914550781,453.2699890136719,440.5487976074219,49244600
2023-11-22,191.49000549316406,192.92999267578125,190.8300018310547,191.30999755859375,189.52017211914062,39617700,144.57000732421875,147.74000549316406,144.57000732421875,146.7100067138672,146.7100067138672,45669100,378.0,379.7900085449219,374.9700012207031,377.8500061035156,372.2991027832031,23345300,418.07000732421875,419.30999755859375,417.05999755859375,418.1400146484375,406.0223693847656,3692800,454.9800109863281,456.3800048828125,453.8900146484375,455.0199890136719,442.24969482421875,59394900
2023-11-24,190.8699951171875,190.89999389648438,189.25,189.97000122070312,188.19273376464844,24048300,146.6999969482422,147.1999969482422,145.32000732421875,146.74000549316406,146.74000549316406,22378400,377.3299865722656,377.9700012207031,375.1400146484375,377.42999267578125,371.8852233886719,10176600,418.19000244140625,418.489990234375,417.8399963378906,418.3699951171875,406.24566650390625,1351300,455.07000732421875,455.5,454.7300109863281,455.29998779296875,442.5218200683594,29737400
2023-11-27,189.9199981689453,190.6699981689453,188.89999389648438,189.7899932861328,188.01438903808594,40552600,147.52999877929688,149.25999450683594,146.8800048828125,147.72999572753906,147.72999572753906,53762400,376.7799987792969,380.6400146484375,376.20001220703125,378.6099853515625,373.04791259765625,22179200,417.7900085449219,418.5299987792969,417.2300109863281,417.6400146484375,405.5368347167969,3632600,454.6499938964844,455.489990234375,454.0799865722656,454.4800109863281,441.724853515625,50506000
2023-11-28,189.77999877929688,191.0800018310547,189.39999389648438,190.39999389648438,188.61866760253906,38415400,146.97999572753906,147.60000610351562,145.52999877929688,147.02999877929688,147.02999877929688,42711700,378.3500061035156,383.0,378.1600036621094,382.70001220703125,377.0777893066406,20453100,417.25,419.25,416.7099914550781,418.04998779296875,405.9349060058594,3382400,454.0799865722656,456.2699890136719,453.5,454.92999267578125,442.1622009277344,62115000
2023-11-29,190.89999389648438,192.08999633789062,188.97000122070312,189.3699951171875,187.5983428955078,43014200,147.85000610351562,148.5399932861328,145.97000122070312,146.32000732421875,146.32000732421875,40610900,383.760009765625,384.29998779296875,377.44000244140625,378.8500061035156,373.28436279296875,28963400,420.05999755859375,421.1199951171875,417.3699951171875,417.7799987792969,405.6726989746094,4092600,457.1499938964844,458.32000732421875,454.20001220703125,454.6099853515625,441.8511962890625,63146000
2023-11-30,189.83999633789062,190.32000732421875,188.19000244140625,189.9499969482422,188.1728973388672,48794400,144.75999450683594,146.92999267578125,144.3300018310547,146.08999633789062,146.08999633789062,65814000,378.489990234375,380.0899963378906,375.4700012207031,378.9100036621094,373.3435363769531,30554400,418.5400085449219,419.70001220703125,416.57000732421875,419.3999938964844,407.2457580566406,4405700,455.4800109863281,456.760009765625,453.3399963378906,456.3999938964844,443.5909423828125,79752700
2023-12-01,190.3300018310547,191.55999755859375,189.22999572753906,191.24000549316406,189.4508514404297,45704800,146.0,147.25,145.5500030517578,147.02999877929688,147.02999877929688,39951800,376.760009765625,378.1600036621094,371.30999755859375,374.510009765625,369.0081481933594,33040500,418.8299865722656,422.3699951171875,418.25,421.8599853515625,409.634521484375,4973600,455.7699890136719,459.6499938964844,455.1600036621094,459.1000061035156,446.2152099609375,89183400
2023-12-04,189.97999572753906,190.0500030517578,187.4499969482422,189.42999267578125,187.65774536132812,43389500,145.25,145.35000610351562,142.80999755859375,144.83999633789062,144.83999633789062,48294200,369.1000061035156,369.5199890136719,362.8999938964844,369.1400146484375,363.7170104980469,32063300,418.6499938964844,419.8699951171875,417.5,419.739990234375,407.5759582519531,5806100,455.6000061035156,459.1199951171875,454.3399963378906,456.69000244140625,443.8728942871094,72430900
2023-12-05,190.2100067138672,194.39999389648438,190.17999267578125,193.4199981689453,191.61044311523438,66628400,143.5500030517578,148.57000732421875,143.1300048828125,146.8800048828125,146.8800048828125,46822400,366.45001220703125,373.0799865722656,365.6199951171875,372.5199890136719,367.0473327636719,23065000,418.3399963378906,420.4700012207031,418.0,419.6099853515625,407.4497375488281,3419300,455.260009765625,457.5899963378906,454.8699951171875,456.6000061035156,443.785400390625,69793500
2023-12-06,194.4499969482422,194.75999450683594,192.11000061035156,192.32000732421875,190.52073669433594,41089700,147.5800018310547,147.85000610351562,144.27999877929688,144.52000427246094,144.52000427246094,39679000,373.5400085449219,374.17999267578125,368.0299987792969,368.79998779296875,363.3820495605469,21182100,421.6099853515625,421.6700134277344,417.4599914550781,417.8599853515625,405.7504577636719,4201800,458.80999755859375,458.8399963378906,454.30999755859375,454.760009765625,441.9970703125,69124700
2023-12-07,193.6300048828125,195.0,193.58999633789062,194.27000427246094,192.45248413085938,47477700,146.14999389648438,147.9199981689453,145.33999633789062,146.8800048828125,146.8800048828125,52352800,368.2300109863281,371.45001220703125,366.32000732421875,370.95001220703125,365.50048828125,23118900,419.80999755859375,421.6700134277344,419.2799987792969,421.1300048828125,408.9256896972656,3248300,456.9100036621094,458.8999938964844,456.2900085449219,458.2300109863281,445.36962890625,66995400
2023-12-08,194.1999969482422,195.99000549316406,193.6699981689453,195.7100067138672,193.8790283203125,53406400,145.47999572753906,147.83999633789062,145.39999389648438,147.4199981689453,147.4199981689453,41906000,369.20001220703125,374.4599914550781,368.2300109863281,374.2300109863281,368.7322692871094,20154400,420.3699951171875,423.3699951171875,420.1499938964844,422.9200134277344,410.663818359375,5125300,457.4599914550781,460.75,457.2099914550781,460.20001220703125,447.2843322753906,83194400
2023-12-11,193.11000061035156,193.49000549316406,191.4199981689453,193.17999267578125,191.37269592285156,60943700,145.66000366210938,146.19000244140625,143.63999938964844,145.88999938964844,145.88999938964844,50907300,368.4800109863281,371.6000061035156,366.1000061035156,371.29998779296875,365.8452453613281,27708800,422.4100036621094,424.7099914550781,422.2200012207031,424.55999755859375,412.25628662109375,5247100,459.69000244140625,462.1700134277344,459.4700012207031,461.989990234375,449.0240783691406,65002200
2023-12-12,193.0800018310547,194.72000122070312,191.72000122070312,194.7100067138672,192.8883819580078,52696900,145.52000427246094,147.5,145.3000030517578,147.47999572753906,147.47999572753906,44944300,370.8500061035156,374.4200134277344,370.4599914550781,374.3800048828125,368.8800354003906,24838300,424.2200012207031,426.6700134277344,423.2699890136719,426.6700134277344,414.30511474609375,5982600,461.6300048828125,464.20001220703125,460.6000061035156,464.1000061035156,451.0748291015625,68327600
2023-12-13,195.08999633789062,198.0,194.85000610351562,197.9600067138672,196.1079864501953,70404200,148.1199951171875,149.4600067138672,146.82000732421875,148.83999633789062,148.83999633789062,52766200,376.0199890136719,377.6400146484375,370.7699890136719,374.3699951171875,368.8702087402344,30955500,426.8800048828125,432.6099853515625,426.510009765625,432.4800109863281,419.94677734375,8659100,464.489990234375,470.760009765625,464.1199951171875,470.5,457.2952575683594,93278000
2023-12-14,198.02000427246094,199.6199951171875,196.16000366210938,198.11000061035156,196.25656127929688,66831600,149.92999267578125,150.5399932861328,145.52000427246094,147.4199981689453,147.4199981689453,58400800,373.30999755859375,373.760009765625,364.1300048828125,365.92999267578125,360.55419921875,43277500,434.2200012207031,435.3599853515625,431.239990234375,433.75,421.1799621582031,8349100,472.5,473.7300109863281,469.25,472.010009765625,458.7629089355469,119026000
2023-12-15,197.52999877929688,198.39999389648438,197.0,197.57000732421875,195.7216339111328,128538400,148.3800048828125,150.57000732421875,147.8800048828125,149.97000122070312,149.97000122070312,110089300,366.8500061035156,372.3999938964844,366.2799987792969,370.7300109863281,365.28369140625,78502300,433.19000244140625,434.25,432.239990234375,433.0899963378906,420.5390319824219,5326000,469.489990234375,470.70001220703125,467.42999267578125,469.3299865722656,458.0075378417969,141553700
2023-12-18,196.08999633789062,196.6300048828125,194.38999938964844,195.88999938964844,194.05735778808594,55751900,150.55999755859375,154.85000610351562,150.0500030517578,154.07000732421875,154.07000732421875,62512800,369.45001220703125,373.0,368.67999267578125,372.6499938964844,367.1754455566406,21802900,434.6400146484375,436.3999938964844,434.45001220703125,435.5400085449219,422.9181213378906,4280500,470.9800109863281,472.9800109863281,469.8900146484375,471.9700012207031,460.5838623046875,70375300
2023-12-19,196.16000366210938,196.9499969482422,195.88999938964844,196.94000244140625,195.09751892089844,40714100,154.39999389648438,155.1199951171875,152.69000244140625,153.7899932861328,153.7899932861328,43171300,371.489990234375,373.260009765625,369.8399963378906,373.260009765625,367.7764892578125,20603700,436.0400085449219,438.2200012207031,435.95001220703125,438.19000244140625,425.4913024902344,4061500,472.5299987792969,474.9200134277344,472.45001220703125,474.8399963378906,463.3846130371094,55761800
2023-12-20,196.89999389648438,197.67999267578125,194.8300018310547,194.8300018310547,193.0072784423828,52242800,152.89999389648438,155.6300048828125,151.55999755859375,152.1199951171875,152.1199951171875,50322100,375.0,376.0299987792969,370.5299987792969,370.6199951171875,365.17529296875,26316700,435.510009765625,437.30999755859375,429.8999938964844,430.0899963378906,419.349609375,5783200,473.9599914550781,475.8999938964844,467.82000732421875,468.260009765625,456.9633483886719,102921000
2023-12-21,196.10000610351562,197.0800018310547,193.5,194.67999267578125,192.85862731933594,46482500,153.3000030517578,153.97000122070312,152.10000610351562,153.83999633789062,153.83999633789062,36305700,372.55999755859375,374.4100036621094,370.0400085449219,373.5400085449219,368.0523681640625,17708000,433.1300048828125,434.6400146484375,430.8599853515625,434.2799987792969,423.4349670410156,4621600,471.3299865722656,472.9800109863281,468.8399963378906,472.70001220703125,461.2962951660156,86667500
2023-12-22,195.17999267578125,195.41000366210938,192.97000122070312,193.60000610351562,191.78875732421875,37149600,153.77000427246094,154.35000610351562,152.7100067138672,153.4199981689453,153.4199981689453,29514100,373.67999267578125,375.17999267578125,372.7099914550781,374.5799865722656,369.0771179199219,17107500,435.4599914550781,436.8399963378906,433.4800109863281,435.2900085449219,424.41973876953125,4037800,473.8599853515625,475.3800048828125,471.70001220703125,473.6499938964844,462.2232971191406,67160400
2023-12-26,193.61000061035156,193.88999938964844,192.8300018310547,193.0500030517578,191.243896484375,28919300,153.55999755859375,153.97999572753906,153.02999877929688,153.41000366210938,153.41000366210938,25067200,375.0,376.94000244140625,373.5,374.6600036621094,369.1559753417969,12673100,435.6700134277344,437.9200134277344,435.5799865722656,437.1000061035156,426.1845397949219,3835800,474.07000732421875,476.5799865722656,473.989990234375,475.6499938964844,464.1750793457031,55387000
2023-12-27,192.49000549316406,193.5,191.08999633789062,193.14999389648438,191.3429718017578,48087700,153.55999755859375,154.77999877929688,153.1199951171875,153.33999633789062,153.33999633789062,31434700,373.69000244140625,375.05999755859375,372.80999755859375,374.07000732421875,368.5746154785156,14905400,436.8999938964844,438.0199890136719,436.4200134277344,437.8999938964844,426.9645690917969,4271000,475.44000244140625,476.6600036621094,474.8900146484375,476.510009765625,465.0143127441406,68000300
2023-12-28,194.13999938964844,194.66000366210938,193.1699981689453,193.5800018310547,191.76895141601562,34049900,153.72000122070312,154.0800018310547,152.9499969482422,153.3800048828125,153.3800048828125,27057000,375.3699951171875,376.4599914550781,374.1600036621094,375.2799987792969,369.76678466796875,14327000,438.25,438.8399963378906,437.6600036621094,437.9700012207031,427.03277587890625,4703700,476.8800048828125,477.54998779296875,476.260009765625,476.69000244140625,465.18994140625,77158100
2023-12-29,193.89999389648438,194.39999389648438,191.72999572753906,192.52999877929688,190.72877502441406,42672100,153.10000610351562,153.88999938964844,151.02999877929688,151.94000244140625,151.94000244140625,39823200,376.0,377.1600036621094,373.4800109863281,376.0400085449219,370.5156555175781,18730800,437.8699951171875,438.3399963378906,434.94000244140625,436.79998779296875,425.89202880859375,4376900,476.489990234375,477.0299987792969,473.29998779296875,475.30999755859375,463.84326171875,122283100
2024-01-02,187.14999389648438,188.44000244140625,183.88999938964844,185.63999938964844,183.90322875976562,82488700,151.5399932861328,152.3800048828125,148.38999938964844,149.92999267578125,149.92999267578125,47339400,373.8599853515625,375.8999938964844,366.7699890136719,370.8699951171875,365.421630859375,25258600,433.9100036621094,435.2699890136719,432.3599853515625,434.010009765625,423.1717224121094,9076000,472.1600036621094,473.6700134277344,470.489990234375,472.6499938964844,461.2474365234375,123623700
2024-01-03,184.22000122070312,185.8800048828125,183.42999267578125,184.25,182.52621459960938,58414500,149.1999969482422,151.0500030517578,148.3300018310547,148.47000122070312,148.47000122070312,49425500,369.010009765625,373.260009765625,368.510009765625,370.6000061035156,365.15557861328125,23083500,432.32000732421875,433.0,430.25,430.7900085449219,420.0321350097656,4805000,470.42999267578125,471.19000244140625,468.1700134277344,468.7900085449219,457.4805908203125,103585900
2024-01-04,182.14999389648438,183.08999633789062,180.8800048828125,181.91000366210938,180.20816040039062,71983600,145.58999633789062,147.3800048828125,144.0500030517578,144.57000732421875,144.57000732421875,56039800,370.6700134277344,373.1000061035156,367.1700134277344,367.94000244140625,362.5346374511719,20901500,430.3299865722656,432.7799987792969,429.2099914550781,429.42999267578125,418.7060546875,3945300,468.29998779296875,470.9599914550781,467.04998779296875,467.2799987792969,456.0069885253906,84232200
2024-01-05,181.99000549316406,182.75999450683594,180.1699981689453,181.17999267578125,179.4849395751953,62379700,144.69000244140625,146.58999633789062,144.52999877929688,145.24000549316406,145.24000549316406,45153100,368.9700012207031,372.05999755859375,366.5,367.75,362.3474426269531,21004600,429.5899963378906,432.29998779296875,428.6400146484375,429.9800109863281,419.24237060546875,5724600,467.489990234375,470.44000244140625,466.42999267578125,467.9200134277344,456.631591796875,86118900
2024-01-08,182.08999633789062,185.60000610351562,181.5,185.55999755859375,183.823974609375,59144500,146.74000549316406,149.39999389648438,146.14999389648438,149.10000610351562,149.10000610351562,46757100,369.29998779296875,375.20001220703125,369.010009765625,374.69000244140625,369.1855163574219,23134000,430.45001220703125,436.2699890136719,430.3699951171875,436.1300048828125,425.23876953125,7222400,468.42999267578125,474.75,468.29998779296875,474.6000061035156,463.15045166015625,74879100
2024-01-09,183.9199981689453,185.14999389648438,182.72999572753906,185.13999938964844,183.4078826904297,42841800,148.3300018310547,151.7100067138672,148.2100067138672,151.3699951171875,151.3699951171875,43812600,372.010009765625,375.989990234375,371.19000244140625,375.7900085449219,370.26934814453125,20830000,433.6199951171875,436.42999267578125,433.1600036621094,435.07000732421875,424.2052307128906,7939600,471.8699951171875,474.92999267578125,471.3500061035156,473.8800048828125,462.4477844238281,65931400
2024-01-10,184.35000610351562,186.39999389648438,183.9199981689453,186.19000244140625,184.44810485839844,46792900,152.05999755859375,154.4199981689453,151.8800048828125,153.72999572753906,153.72999572753906,44421800,376.3699951171875,384.1700134277344,376.32000732421875,382.7699890136719,377.14678955078125,25514200,435.7699890136719,438.739990234375,435.4800109863281,437.94000244140625,427.0035400390625,4278800,474.1600036621094,477.45001220703125,473.8699951171875,476.55999755859375,465.0631408691406,67310600
2024-01-11,186.5399932861328,187.0500030517578,183.6199951171875,185.58999633789062,183.85369873046875,49128400,155.0399932861328,157.1699981689453,153.1199951171875,155.17999267578125,155.17999267578125,49072700,386.0,390.67999267578125,380.3800048828125,384.6300048828125,378.9794921875,27850800,438.94000244140625,439.3599853515625,434.0,437.7900085449219,426.8573303222656,4796600,477.5899963378906,478.1199951171875,472.260009765625,476.3500061035156,464.8582458496094,77940700
2024-01-12,186.05999755859375,186.74000549316406,185.19000244140625,185.9199981689453,184.1806182861328,40477800,155.38999938964844,156.1999969482422,154.00999450683594,154.6199951171875,154.6199951171875,40484200,385.489990234375,388.67999267578125,384.6499938964844,388.4700012207031,382.7630615234375,21661200,439.1099853515625,439.79998779296875,436.7300109863281,437.989990234375,427.05224609375,5182700,477.8399963378906,478.6000061035156,475.2300109863281,476.67999267578125,465.18017578125,58026400
2024-01-16,182.16000366210938,184.25999450683594,180.92999267578125,183.6300048828125,181.9120330810547,65603000,153.52999877929688,154.99000549316406,152.14999389648438,153.16000366210938,153.16000366210938,41384600,393.6600036621094,394.0299987792969,387.6199951171875,390.2699890136719,384.53656005859375,27202300,436.7900085449219,437.9800109863281,434.739990234375,436.5,425.5994873046875,5730800,475.260009765625,476.6099853515625,473.05999755859375,474.92999267578125,463.472412109375,85014900
2024-01-17,181.27000427246094,182.92999267578125,180.3000030517578,182.67999267578125,180.97091674804688,47317400,151.49000549316406,152.14999389648438,149.91000366210938,151.7100067138672,151.7100067138672,34953400,387.9800109863281,390.1099853515625,384.80999755859375,389.4700012207031,383.7483825683594,22234100,433.6000061035156,434.4800109863281,431.80999755859375,434.07000732421875,423.23016357421875,6044600,471.82000732421875,472.7900085449219,469.8699951171875,472.2900085449219,460.8961486816406,68843900
2024-01-18,186.08999633789062,189.13999938964844,185.8300018310547,188.6300048828125,186.86526489257812,78005800,152.77000427246094,153.77999877929688,151.82000732421875,153.5,153.5,37850200,391.7200012207031,393.989990234375,390.1199951171875,393.8699951171875,388.0837097167969,23392100,435.5799865722656,438.3900146484375,434.1600036621094,437.92999267578125,426.9938049316406,4331300,474.010009765625,477.05999755859375,472.4200134277344,476.489990234375,464.9947814941406,91856200
2024-01-19,189.3300018310547,191.9499969482422,188.82000732421875,191.55999755859375,189.76783752441406,68903000,153.8300018310547,155.75999450683594,152.74000549316406,155.33999633789062,155.33999633789062,51651600,395.760009765625,398.6700134277344,393.5,398.6700134277344,392.81317138671875,29331100,439.0,443.6099853515625,438.30999755859375,443.2900085449219,432.21990966796875,4836800,477.6499938964844,482.7200012207031,476.5400085449219,482.42999267578125,470.7914733886719,110834500
2024-01-22,192.3000030517578,195.3300018310547,192.25999450683594,193.88999938964844,192.0760498046875,60133900,156.88999938964844,157.0500030517578,153.89999389648438,154.77999877929688,154.77999877929688,43687500,400.0199890136719,400.6199951171875,393.5899963378906,396.510009765625,390.6849670410156,27016900,444.7699890136719,445.9200134277344,443.67999267578125,444.29998779296875,433.2046813964844,5870400,484.010009765625,485.2200012207031,482.7799987792969,483.45001220703125,471.7868957519531,75844900
2024-01-23,195.02000427246094,195.75,193.8300018310547,195.17999267578125,193.35400390625,42355600,154.85000610351562,156.2100067138672,153.92999267578125,156.02000427246094,156.02000427246094,37986000,395.75,399.3800048828125,393.92999267578125,398.8999938964844,393.03985595703125,20525900,444.8299865722656,445.82000732421875,443.7799987792969,445.6199951171875,434.4917907714844,3251600,484.010009765625,485.1099853515625,482.8900146484375,484.8599853515625,473.16290283203125,49945300
2024-01-24,195.4199981689453,196.3800048828125,194.33999633789062,194.5,192.68035888671875,53631300,157.8000030517578,158.50999450683594,156.47999572753906,156.8699951171875,156.8699951171875,48547300,401.5400085449219,405.6300048828125,400.45001220703125,402.55999755859375,396.64605712890625,24867000,448.32000732421875,449.19000244140625,445.75,445.989990234375,434.8525085449219,4568200,487.80999755859375,488.7699890136719,484.8800048828125,485.3900146484375,473.6800842285156,81765000
2024-01-25,195.22000122070312,196.27000427246094,193.11000061035156,194.1699981689453,192.35342407226562,54822100,156.9499969482422,158.50999450683594,154.5500030517578,157.75,157.75,43638600,404.32000732421875,407.010009765625,402.5299987792969,404.8699951171875,398.9221496582031,21021200,448.1400146484375,448.760009765625,446.1099853515625,448.5,437.2998352050781,4167100,487.5799865722656,488.30999755859375,485.3900146484375,488.0299987792969,476.2564697265625,72525000
2024-01-26,194.27000427246094,194.75999450683594,191.94000244140625,192.4199981689453,190.6197967529297,44594000,158.4199981689453,160.72000122070312,157.91000366210938,159.1199951171875,159.1199951171875,51047400,404.3699951171875,406.1700134277344,402.42999267578125,403.92999267578125,397.9959411621094,17803300,448.1000061035156,449.510009765625,447.1600036621094,448.2300109863281,437.03656005859375,6404000,487.5899963378906,489.1199951171875,486.5400085449219,487.4100036621094,475.6513671875,76641600
2024-01-29,192.00999450683594,192.1999969482422,189.5800018310547,191.72999572753906,189.93626403808594,47145600,159.33999633789062,161.2899932861328,158.89999389648438,161.25999450683594,161.25999450683594,45270400,406.05999755859375,409.9800109863281,404.3299865722656,409.7200012207031,403.7008361816406,24510200,448.2300109863281,451.6099853515625,447.7099914550781,451.489990234375,440.21514892578125,4543300,487.7300109863281,491.4200134277344,487.1700134277344,491.2699890136719,479.4182434082031,61322800
2024-01-30,190.94000244140625,191.8000030517578,187.47000122070312,188.0399932861328,186.28076171875,55859400,160.6999969482422,161.72999572753906,158.49000549316406,159.0,159.0,45207400,412.260009765625,413.04998779296875,406.45001220703125,408.5899963378906,402.58746337890625,33477600,450.8399963378906,451.80999755859375,450.44000244140625,451.1700134277344,439.90313720703125,3410000,490.55999755859375,491.6199951171875,490.1099853515625,490.8900146484375,479.0474548339844,58618400
2024-01-31,187.0399932861328,187.10000610351562,184.35000610351562,184.39999389648438,182.67483520507812,55467800,157.0,159.00999450683594,154.80999755859375,155.1999969482422,155.1999969482422,50284400,406.9599914550781,415.32000732421875,397.2099914550781,397.5799865722656,391.7392272949219,47871100,449.0400085449219,449.4700012207031,443.75,443.82000732421875,432.7366943359375,7108000,488.6199951171875,489.0799865722656,482.8599853515625,482.8800048828125,471.23065185546875,126011100
2024-02-01,183.99000549316406,186.9499969482422,183.82000732421875,186.86000061035156,185.11180114746094,64885400,155.8699951171875,159.75999450683594,155.6199951171875,159.27999877929688,159.27999877929688,76542400,401.8299865722656,408.0,401.79998779296875,403.7799987792969,397.84814453125,30657700,445.3500061035156,449.6600036621094,444.6499938964844,449.6600036621094,438.430908203125,6138400,484.6300048828125,489.2300109863281,483.79998779296875,489.20001220703125,477.398193359375,91891600
2024-02-02,179.86000061035156,187.3300018310547,179.25,185.85000610351562,184.11126708984375,102551700,169.19000244140625,172.5,167.3300018310547,171.80999755859375,171.80999755859375,117218300,403.80999755859375,412.6499938964844,403.55999755859375,411.2200012207031,405.1788330078125,28256700,450.010009765625,455.8800048828125,449.69000244140625,454.2799987792969,442.9355163574219,6253500,489.6499938964844,496.04998779296875,489.29998779296875,494.3500061035156,482.42401123046875,99228200
2024-02-05,188.14999389648438,189.25,185.83999633789062,187.67999267578125,185.9241180419922,69668800,170.1999969482422,170.5500030517578,167.6999969482422,170.30999755859375,170.30999755859375,55081300,409.8999938964844,411.1600036621094,403.989990234375,405.6499938964844,399.690673828125,25352300,453.7300109863281,454.1499938964844,450.5400085449219,452.6199951171875,441.3169250488281,7101900,493.70001220703125,494.3800048828125,490.2300109863281,492.54998779296875,480.6673583984375,75757100
2024-02-06,186.86000061035156,189.30999755859375,186.77000427246094,189.3000030517578,187.5290069580078,43490800,169.38999938964844,170.7100067138672,167.64999389648438,169.14999389648438,169.14999389648438,42505500,405.8800048828125,407.9700012207031,402.9100036621094,405.489990234375,399.5329895019531,18382600,453.5799865722656,454.2900085449219,452.2099914550781,454.0299987792969,442.6917419433594,4383600,493.5199890136719,494.32000732421875,492.04998779296875,493.9800109863281,482.0628662109375,55918600
2024-02-07,190.63999938964844,191.0500030517578,188.61000061035156,189.41000366210938,187.63796997070312,53439000,169.47999572753906,170.8800048828125,168.94000244140625,170.52999877929688,170.52999877929688,47174100,407.44000244140625,414.29998779296875,407.3999938964844,414.04998779296875,407.96728515625,22340500,456.1499938964844,458.17999267578125,455.2699890136719,457.760009765625,446.3285827636719,6763400,496.2900085449219,498.5299987792969,495.3599853515625,498.1000061035156,486.08349609375,70556500
2024-02-08,189.38999938964844,189.5399932861328,187.35000610351562,188.32000732421875,186.5581512451172,40962000,169.64999389648438,171.42999267578125,168.8800048828125,169.83999633789062,169.83999633789062,42316500,414.04998779296875,415.55999755859375,412.5299987792969,414.1099853515625,408.0263671875,21225300,457.80999755859375,458.3299865722656,457.0299987792969,458.07000732421875,446.6308898925781,4184600,498.1000061035156,498.7099914550781,497.260009765625,498.32000732421875,486.29815673828125,52343600
2024-02-09,188.64999389648438,189.99000549316406,188.0,188.85000610351562,187.3219451904297,45155200,170.89999389648438,175.0,170.5800018310547,174.4499969482422,174.4499969482422,56986000,415.25,420.82000732421875,415.0899963378906,420.54998779296875,414.3717956542969,22032800,458.5400085449219,461.0299987792969,458.1700134277344,460.6700134277344,449.1659240722656,4002600,498.8399963378906,501.6499938964844,498.489990234375,501.20001220703125,489.10870361328125,63979400
2024-02-12,188.4199981689453,188.6699981689453,186.7899932861328,187.14999389648438,185.6356658935547,41781900,174.8000030517578,175.38999938964844,171.5399932861328,172.33999633789062,172.33999633789062,51050400,420.55999755859375,420.739990234375,414.75,415.260009765625,409.1594543457031,21202900,460.6099853515625,462.739990234375,459.75,460.4599914550781,448.9612121582031,4564200,501.1700134277344,503.5,500.239990234375,500.9800109863281,488.89404296875,56502300
2024-02-13,185.77000427246094,186.2100067138672,183.50999450683594,185.0399932861328,183.54273986816406,56529500,167.72999572753906,170.9499969482422,165.75,168.63999938964844,168.63999938964844,56345100,404.94000244140625,410.07000732421875,403.3900146484375,406.32000732421875,400.350830078125,27824900,454.4800109863281,455.70001220703125,451.0,453.9700012207031,442.6332092285156,8152200,494.5299987792969,497.0899963378906,490.7200012207031,494.0799865722656,482.16046142578125,113099200
2024-02-14,185.32000732421875,185.52999877929688,182.44000244140625,184.14999389648438,182.6599578857422,54630500,169.2100067138672,171.2100067138672,168.27999877929688,170.97999572753906,170.97999572753906,42815500,408.07000732421875,409.8399963378906,404.57000732421875,409.489990234375,404.2203674316406,20401200,456.5799865722656,458.6700134277344,454.3999938964844,458.2900085449219,446.8453369140625,5624000,496.7900085449219,499.07000732421875,494.3999938964844,498.57000732421875,486.54217529296875,68387800
2024-02-15,183.5500030517578,184.49000549316406,181.35000610351562,183.86000061035156,182.37228393554688,65434500,170.5800018310547,171.1699981689453,167.58999633789062,169.8000030517578,169.8000030517578,49855200,408.1400146484375,409.1300048828125,404.2900085449219,406.55999755859375,401.328125,21825500,458.8999938964844,461.5400085449219,458.42999267578125,461.3900146484375,449.8679504394531,5695700,499.2900085449219,502.20001220703125,498.79998779296875,502.010009765625,489.8992004394531,61683000
2024-02-16,183.4199981689453,184.85000610351562,181.6699981689453,182.30999755859375,180.8348388671875,49752500,168.74000549316406,170.4199981689453,167.1699981689453,169.50999450683594,169.50999450683594,48107700,407.9599914550781,408.2900085449219,403.44000244140625,404.05999755859375,398.86029052734375,22296500,461.0799865722656,462.1499938964844,458.3999938964844,459.0299987792969,447.5668640136719,5527900,501.70001220703125,502.8699951171875,498.75,499.510009765625,487.45947265625,75532900
2024-02-20,181.7899932861328,182.42999267578125,180.0,181.55999755859375,180.09091186523438,53665600,167.8300018310547,168.7100067138672,165.74000549316406,167.0800018310547,167.0800018310547,41980300,403.239990234375,404.489990234375,398.010009765625,402.7900085449219,397.6065979003906,24307900,457.44000244140625,458.05999755859375,454.42999267578125,456.510009765625,445.1098327636719,5306800,497.7200012207031,498.4100036621094,494.45001220703125,496.760009765625,484.77581787109375,71736700
2024-02-21,181.94000244140625,182.88999938964844,180.66000366210938,182.32000732421875,180.84475708007812,41371400,168.94000244140625,170.22999572753906,167.13999938964844,168.58999633789062,168.58999633789062,44420100,400.1700134277344,402.2900085449219,397.2200012207031,402.17999267578125,397.00439453125,18518900,455.32000732421875,457.1199951171875,453.6000061035156,456.9700012207031,445.558349609375,4208600,495.4200134277344,497.3699951171875,493.55999755859375,497.2099914550781,485.2149658203125,59293400
2024-02-22,183.47999572753906,184.9600067138672,182.4600067138672,184.3699951171875,182.878173828125,52292200,173.10000610351562,174.8000030517578,171.77000427246094,174.5800018310547,174.5800018310547,55392400,410.19000244140625,412.8299865722656,408.57000732421875,411.6499938964844,406.3525695800781,27009900,463.2200012207031,467.3299865722656,462.32000732421875,466.57000732421875,454.9186096191406,4328500,504.010009765625,508.489990234375,503.0199890136719,507.5,495.2566833496094,76402500
2024-02-23,185.00999450683594,185.0399932861328,182.22999572753906,182.52000427246094,181.0431671142578,45119700,174.27999877929688,175.75,173.6999969482422,174.99000549316406,174.99000549316406,59715200,415.6700134277344,415.8599853515625,408.9700012207031,410.3399963378906,405.0594482421875,16295900,468.0899963378906,468.8699951171875,466.0899963378906,466.7799987792969,455.12335205078125,4050600,509.2699890136719,510.1300048828125,507.1000061035156,507.8500061035156,495.5982666015625,61321800
2024-02-26,182.24000549316406,182.75999450683594,180.64999389648438,181.16000366210938,179.69415283203125,40867400,175.6999969482422,176.3699951171875,174.25999450683594,174.72999572753906,174.72999572753906,44368600,411.4599914550781,412.1600036621094,407.3599853515625,407.5400085449219,402.29547119140625,16193500,467.19000244140625,467.5899963378906,464.94000244140625,465.07000732421875,453.4560546875,3450800,508.29998779296875,508.75,505.8599853515625,505.989990234375,493.78314208984375,50386700
2024-02-27,181.10000610351562,183.9199981689453,179.55999755859375,182.6300048828125,181.15225219726562,54318900,174.0800018310547,174.6199951171875,172.86000061035156,173.5399932861328,173.5399932861328,31141700,407.989990234375,408.32000732421875,403.8500061035156,407.4800109863281,402.2362365722656,14835800,465.7099914550781,466.1199951171875,463.9100036621094,465.92999267578125,454.2945556640625,3586900,506.70001220703125,507.1600036621094,504.75,506.92999267578125,494.700439453125,48854500
2024-02-28,182.50999450683594,183.1199951171875,180.1300048828125,181.4199981689453,179.95204162597656,48953900,172.44000244140625,174.0500030517578,172.27000427246094,173.16000366210938,173.16000366210938,28180500,408.17999267578125,409.29998779296875,405.32000732421875,407.7200012207031,402.4731750488281,13183100,464.489990234375,465.8299865722656,464.1099853515625,465.2099914550781,453.592529296875,2800600,505.3299865722656,506.8599853515625,504.9599914550781,506.260009765625,494.0466003417969,56506600
2024-02-29,181.27000427246094,182.57000732421875,179.52999877929688,180.75,179.28746032714844,136682600,173.00999450683594,177.22000122070312,172.85000610351562,176.75999450683594,176.75999450683594,53805400,408.6400146484375,414.20001220703125,405.9200134277344,413.6400146484375,408.3169860839844,31947300,466.9700012207031,468.489990234375,464.4700012207031,466.92999267578125,455.26959228515625,7332900,508.07000732421875,509.739990234375,505.3500061035156,508.0799865722656,495.8227233886719,83924800
2024-03-01,179.5500030517578,180.52999877929688,177.3800048828125,179.66000366210938,178.206298828125,73563100,176.75,178.72999572753906,176.07000732421875,178.22000122070312,178.22000122070312,31981200,411.2699890136719,415.8699951171875,410.8800048828125,415.5,410.15301513671875,17823400,467.8299865722656,471.7699890136719,467.42999267578125,471.42999267578125,459.6572265625,4839400,508.9800109863281,513.2899780273438,508.55999755859375,512.8499755859375,500.47760009765625,76844800
2024-03-04,176.14999389648438,176.89999389648438,173.7899932861328,175.10000610351562,173.6831817626953,81510100,177.52999877929688,180.13999938964844,177.49000549316406,177.5800018310547,177.5800018310547,37381500,413.44000244140625,417.3500061035156,412.32000732421875,414.9200134277344,409.5805358886719,17596000,470.6099853515625,472.6000061035156,470.6000061035156,470.8699951171875,459.1111755371094,3970200,512.030029296875,514.2000122070312,512.0,512.2999877929688,499.94091796875,49799300
2024-03-05,170.75999450683594,172.0399932861328,169.6199951171875,170.1199951171875,168.74346923828125,95132400,176.92999267578125,176.92999267578125,173.3000030517578,174.1199951171875,174.1199951171875,37228300,413.9599914550781,414.25,400.6400146484375,402.6499938964844,397.4683837890625,26919200,468.95001220703125,469.3800048828125,464.05999755859375,466.1499938964844,454.509033203125,4616500,510.239990234375,510.70001220703125,504.9100036621094,507.17999267578125,494.9444274902344,72855600
2024-03-06,171.05999755859375,171.24000549316406,168.67999267578125,169.1199951171875,167.75155639648438,68587700,175.5399932861328,176.4600067138672,173.25999450683594,173.50999450683594,173.50999450683594,32090900,402.9700012207031,405.1600036621094,398.3900146484375,402.0899963378906,396.9156188964844,22344100,469.25,470.6600036621094,467.32000732421875,468.6199951171875,456.91741943359375,5325100,510.54998779296875,512.0700073242188,508.4200134277344,509.75,497.4524230957031,68382400
2024-03-07,169.14999389648438,170.72999572753906,168.49000549316406,169.0,167.63255310058594,71765100,174.8300018310547,177.99000549316406,173.72000122070312,176.82000732421875,176.82000732421875,34063300,406.1199951171875,409.7799987792969,402.239990234375,409.1400146484375,403.8749084472656,18718500,471.6300048828125,474.19000244140625,470.7799987792969,473.260009765625,461.4415588378906,7149800,513.1400146484375,515.8900146484375,509.80999755859375,514.8099975585938,502.3903503417969,58652100
2024-03-08,169.0,173.6999969482422,168.94000244140625,170.72999572753906,169.34854125976562,76267000,176.44000244140625,178.7899932861328,174.3300018310547,175.35000610351562,175.35000610351562,37893200,407.9599914550781,410.4200134277344,404.3299865722656,406.2200012207031,400.9924621582031,18002200,473.7699890136719,476.29998779296875,469.82000732421875,470.3900146484375,458.6432189941406,6285600,515.4600219726562,518.219970703125,511.1300048828125,511.7200012207031,499.3749084472656,86532500
2024-03-11,172.94000244140625,174.3800048828125,172.0500030517578,172.75,171.35220336914062,60139500,174.30999755859375,174.47000122070312,171.47000122070312,171.9600067138672,171.9600067138672,28484800,403.760009765625,405.67999267578125,401.260009765625,404.5199890136719,399.3143310546875,16120800,469.20001220703125,470.4599914550781,467.3900146484375,470.0,458.2629699707031,5323900,510.4800109863281,511.8800048828125,508.5,511.2799987792969,498.9455261230469,62557200
2024-03-12,173.14999389648438,174.02999877929688,171.00999450683594,173.22999572753906,171.82830810546875,59825400,173.5,176.75999450683594,171.97999572753906,175.38999938964844,175.38999938964844,36610600,407.6199951171875,415.57000732421875,406.7900085449219,415.2799987792969,409.93585205078125,22457000,471.9200134277344,475.54998779296875,469.57000732421875,475.0299987792969,463.1673278808594,4811000,513.4500122070312,517.3800048828125,510.8599853515625,516.780029296875,504.3128662109375,73114400
2024-03-13,172.77000427246094,173.19000244140625,170.75999450683594,171.1300048828125,169.7453155517578,52488700,175.89999389648438,177.6199951171875,175.5500030517578,176.55999755859375,176.55999755859375,30772600,418.1000061035156,418.17999267578125,411.45001220703125,415.1000061035156,409.7582092285156,17115900,475.30999755859375,475.4700012207031,472.8999938964844,474.30999755859375,462.4653015136719,3544500,517.1099853515625,517.2899780273438,514.489990234375,515.969970703125,503.5223388671875,55104100
2024-03-14,172.91000366210938,174.30999755859375,172.0500030517578,173.0,171.60015869140625,72913500,177.69000244140625,179.52999877929688,176.47000122070312,178.75,178.75,43705800,420.239990234375,427.82000732421875,417.989990234375,425.2200012207031,419.74798583984375,34157300,475.1600036621094,475.3299865722656,470.45001220703125,473.2699890136719,461.4512634277344,5153000,516.969970703125,517.1300048828125,511.82000732421875,514.9500122070312,502.5270080566406,110171800
2024-03-15,171.1699981689453,172.6199951171875,170.2899932861328,172.6199951171875,171.2232208251953,121752700,176.63999938964844,177.92999267578125,173.89999389648438,174.4199981689453,174.4199981689453,72147400,419.2900085449219,422.6000061035156,412.7900085449219,416.4200134277344,411.06121826171875,45079900,470.4100036621094,471.7799987792969,468.7200012207031,470.010009765625,458.2727355957031,6807100,510.2099914550781,511.70001220703125,508.1199951171875,509.8299865722656,499.07635498046875,107646300
2024-03-18,175.57000732421875,177.7100067138672,173.52000427246094,173.72000122070312,172.31434631347656,75604200,175.8000030517578,176.69000244140625,174.27999877929688,174.47999572753906,174.47999572753906,31250700,414.25,420.7300109863281,413.7799987792969,417.32000732421875,411.9495849609375,20106000,473.95001220703125,475.2799987792969,472.5,472.95001220703125,461.1392517089844,3939100,514.0,515.47998046875,512.4400024414062,512.8599853515625,502.0423889160156,88893300
2024-03-19,174.33999633789062,176.61000061035156,173.02999877929688,176.0800018310547,174.6552276611328,55215200,174.22000122070312,176.08999633789062,173.52000427246094,175.89999389648438,175.89999389648438,26880900,417.8299865722656,421.6700134277344,415.54998779296875,421.4100036621094,415.98699951171875,19837900,472.20001220703125,475.739990234375,471.2900085449219,475.6000061035156,463.7231140136719,4550200,512.1500244140625,516.0,511.1199951171875,515.7100219726562,504.8323974609375,60755300
2024-03-20,175.72000122070312,178.6699981689453,175.08999633789062,178.6699981689453,177.2242889404297,53423100,176.13999938964844,178.52999877929688,174.63999938964844,178.14999389648438,178.14999389648438,29947200,422.0,425.9599914550781,420.6600036621094,425.2300109863281,419.7578430175781,17860100,475.5400085449219,480.0199890136719,474.92999267578125,479.75,467.7694091796875,6179400,515.77001953125,520.6199951171875,515.0800170898438,520.47998046875,509.5016784667969,69594600
2024-03-21,177.0500030517578,177.49000549316406,170.83999633789062,171.3699951171875,169.9833526611328,106181300,179.99000549316406,181.4199981689453,178.14999389648438,178.14999389648438,178.14999389648438,32824300,429.8299865722656,430.82000732421875,427.1600036621094,429.3699951171875,423.84454345703125,21296200,482.6199951171875,483.239990234375,481.2099914550781,481.3500061035156,469.3294677734375,5044700,523.3900146484375,524.1099853515625,521.9099731445312,522.2000122070312,511.1854553222656,60256100
2024-03-22,171.75999450683594,173.0500030517578,170.05999755859375,172.27999877929688,170.88601684570312,71160100,177.75,179.25999450683594,176.75,178.8699951171875,178.8699951171875,27995400,429.70001220703125,429.8599853515625,426.07000732421875,428.739990234375,423.22265625,17648500,479.8699951171875,480.32000732421875,478.82000732421875,479.17999267578125,468.7161560058594,5881500,522.1099853515625,522.6099853515625,520.969970703125,521.2100219726562,510.21630859375,79070800
2024-03-25,170.57000732421875,171.94000244140625,169.4499969482422,170.85000610351562,169.46759033203125,54288300,178.00999450683594,180.99000549316406,177.24000549316406,179.7100067138672,179.7100067138672,29815500,425.239990234375,427.4100036621094,421.6099853515625,422.8599853515625,417.4183349609375,18060500,477.7300109863281,478.7900085449219,477.54998779296875,477.94000244140625,467.5032653808594,6081300,519.7999877929688,520.9500122070312,519.6099853515625,519.77001953125,508.80670166015625,48512100
2024-03-26,170.0,171.4199981689453,169.5800018310547,169.7100067138672,168.3367919921875,57388400,180.14999389648438,180.4499969482422,177.9499969482422,178.3000030517578,178.3000030517578,29659000,425.6099853515625,425.989990234375,421.3500061035156,421.6499938964844,416.223876953125,16725600,479.05999755859375,479.3699951171875,476.42999267578125,476.6000061035156,466.1925354003906,8073500,521.22998046875,521.5800170898438,518.4000244140625,518.8099975585938,507.8669128417969,65463700
2024-03-27,170.41000366210938,173.60000610351562,170.11000061035156,173.30999755859375,171.90765380859375,60273300,179.8800048828125,180.0,177.30999755859375,179.8300018310547,179.8300018310547,33272600,424.44000244140625,424.45001220703125,419.010009765625,421.42999267578125,416.0067138671875,16705000,479.510009765625,480.8699951171875,477.45001220703125,480.760009765625,470.26165771484375,4951400,521.7100219726562,523.2100219726562,519.489990234375,523.1699829101562,512.1349487304688,82999800
2024-03-28,171.75,172.22999572753906,170.50999450683594,171.47999572753906,170.0924530029297,65672700,180.1699981689453,181.6999969482422,179.25999450683594,180.3800048828125,180.3800048828125,38051600,420.9599914550781,421.8699951171875,419.1199951171875,420.7200012207031,415.30584716796875,21871200,480.8699951171875,482.1600036621094,480.5,480.70001220703125,470.2029724121094,4065000,523.2100219726562,524.6099853515625,522.780029296875,523.0700073242188,512.0370483398438,96294900
2024-04-01,171.19000244140625,171.25,169.47999572753906,170.02999877929688,168.65420532226562,46240500,180.7899932861328,183.0,179.9499969482422,180.97000122070312,180.97000122070312,29174500,423.95001220703125,427.8900146484375,422.2200012207031,424.57000732421875,419.1063232421875,16316000,481.44000244140625,481.9599914550781,478.8299865722656,480.07000732421875,469.5867614746094,5734000,523.8300170898438,524.3800048828125,520.969970703125,522.1599731445312,511.1462097167969,62477500
2024-04-02,169.0800018310547,169.33999633789062,168.22999572753906,168.83999633789062,167.4738311767578,49329500,179.07000732421875,180.7899932861328,178.3800048828125,180.69000244140625,180.69000244140625,32611500,420.1099853515625,422.3800048828125,417.8399963378906,421.44000244140625,416.0165710449219,17912000,476.3299865722656,476.989990234375,474.7099914550781,476.92999267578125,466.5152893066406,4817800,518.239990234375,518.97998046875,516.47998046875,518.8400268554688,507.8963317871094,74230300
2024-04-03,168.7899932861328,170.67999267578125,168.5800018310547,169.64999389648438,168.27728271484375,47691700,179.89999389648438,182.8699951171875,179.8000030517578,182.41000366210938,182.41000366210938,31046600,419.7300109863281,423.260009765625,419.0899963378906,420.45001220703125,415.03936767578125,16502300,475.8399963378906,478.79998779296875,475.7900085449219,477.3599853515625,466.9359436035156,6224800,517.719970703125,520.9500122070312,517.6699829101562,519.4099731445312,508.45428466796875,59155800
2024-04-04,170.2899932861328,171.9199981689453,168.82000732421875,168.82000732421875,167.45401000976562,53704400,184.0,185.10000610351562,180.0,180.0,180.0,41624300,424.989990234375,428.6700134277344,417.57000732421875,417.8800048828125,412.5024108886719,19370900,481.20001220703125,481.4800109863281,471.2699890136719,471.4800109863281,461.1842956542969,6871200,523.52001953125,523.8699951171875,512.760009765625,513.0700073242188,502.24798583984375,96858100
2024-04-05,169.58999633789062,170.38999938964844,168.9499969482422,169.5800018310547,168.2078399658203,42104800,182.3800048828125,186.27000427246094,181.97000122070312,185.07000732421875,185.07000732421875,42374000,420.010009765625,426.510009765625,418.32000732421875,425.5199890136719,420.0440673828125,16554800,472.8500061035156,478.3299865722656,472.4200134277344,476.489990234375,466.08489990234375,5588200,514.4600219726562,520.4400024414062,514.010009765625,518.4299926757812,507.4949645996094,74546500
2024-04-08,169.02999877929688,169.1999969482422,168.24000549316406,168.4499969482422,167.08700561523438,37425500,186.89999389648438,187.2899932861328,184.80999755859375,185.19000244140625,185.19000244140625,39221300,425.1700134277344,427.2799987792969,423.29998779296875,424.5899963378906,419.1260681152344,14272400,477.1499938964844,478.07000732421875,475.9700012207031,476.67999267578125,466.2707824707031,4736800,519.1500244140625,520.1799926757812,517.8900146484375,518.719970703125,507.77886962890625,48401800
2024-04-09,168.6999969482422,170.0800018310547,168.35000610351562,169.6699981689453,168.29710388183594,42373800,187.24000549316406,187.33999633789062,184.1999969482422,185.6699981689453,185.6699981689453,36520100,426.44000244140625,427.739990234375,421.6199951171875,426.2799987792969,420.7943115234375,12496900,478.3800048828125,478.6000061035156,472.739990234375,477.2699890136719,466.847900390625,5250400,520.5,520.75,514.3499755859375,519.3200073242188,508.3662109375,68049200
2024-04-10,168.8000030517578,169.08999633789062,167.11000061035156,167.77999877929688,166.4224090576172,49709300,182.77000427246094,186.27000427246094,182.6699981689453,185.9499969482422,185.9499969482422,35879200,422.19000244140625,424.0299987792969,419.70001220703125,423.260009765625,417.8132019042969,16216600,471.9100036621094,474.3900146484375,470.6700134277344,472.6499938964844,462.32879638671875,6933400,513.47998046875,516.1599731445312,512.0900268554688,514.1199951171875,503.2758483886719,82652800
2024-04-11,168.33999633789062,175.4600067138672,168.16000366210938,175.0399932861328,173.62364196777344,91070300,186.74000549316406,189.77000427246094,185.50999450683594,189.0500030517578,189.0500030517578,40020700,425.82000732421875,429.3699951171875,422.3599853515625,427.92999267578125,422.423095703125,17966400,473.9800109863281,477.42999267578125,470.6700134277344,476.05999755859375,465.664306640625,5109900,515.6799926757812,519.47998046875,512.0800170898438,518.0,507.073974609375,70099000
2024-04-12,174.25999450683594,178.36000061035156,174.2100067138672,176.5500030517578,175.1214599609375,101670900,187.72000122070312,188.3800048828125,185.0800018310547,186.1300048828125,186.1300048828125,38608800,424.04998779296875,425.17999267578125,419.7699890136719,421.8999938964844,416.47064208984375,19253800,472.7699890136719,474.04998779296875,467.9100036621094,469.57000732421875,459.3160095214844,6959700,514.3699951171875,515.8200073242188,509.0799865722656,510.8500061035156,500.0748291015625,92561100
2024-04-15,175.36000061035156,176.6300048828125,172.5,172.69000244140625,171.29266357421875,73531800,187.42999267578125,188.69000244140625,183.0,183.6199951171875,183.6199951171875,48052400,426.6000061035156,426.82000732421875,413.42999267578125,413.6400146484375,408.3169860839844,20273500,473.4700012207031,473.5899963378906,462.8500061035156,463.6099853515625,453.48614501953125,9530000,515.1300048828125,515.2999877929688,503.5799865722656,504.45001220703125,493.809814453125,92101400
2024-04-16,171.75,173.75999450683594,168.27000427246094,169.3800048828125,168.0094757080078,73711200,183.27000427246094,184.8300018310547,182.25999450683594,183.32000732421875,183.32000732421875,32891300,414.57000732421875,418.3999938964844,413.7300109863281,414.5799865722656,409.244873046875,16765600,464.04998779296875,465.510009765625,461.5899963378906,462.7799987792969,452.67425537109375,6761400,504.94000244140625,506.5,502.2099914550781,503.5299987792969,492.9091796875,73484000
2024-04-17,169.61000061035156,170.64999389648438,168.0,168.0,166.64064025878906,50901200,184.30999755859375,184.57000732421875,179.82000732421875,181.27999877929688,181.27999877929688,31359700,417.25,418.8800048828125,410.3299865722656,411.8399963378906,406.54010009765625,15855500,465.1099853515625,465.239990234375,458.7300109863281,459.989990234375,449.9451904296875,7156200,506.04998779296875,506.2200012207031,499.1199951171875,500.54998779296875,489.9920959472656,75910300
2024-04-18,168.02999877929688,168.63999938964844,166.5500030517578,167.0399932861328,165.68836975097656,43122900,181.47000122070312,182.38999938964844,178.64999389648438,179.22000122070312,179.22000122070312,30723800,410.6300048828125,411.8900146484375,403.95001220703125,404.2699890136719,399.0675354003906,21029900,461.3599853515625,463.29998779296875,458.2099914550781,458.94000244140625,448.91815185546875,5637300,501.9800109863281,504.1300048828125,498.55999755859375,499.5199890136719,488.9837951660156,74548100
2024-04-19,166.2100067138672,166.39999389648438,164.0800018310547,165.0,163.66490173339844,68149400,178.74000549316406,179.0,173.44000244140625,174.6300048828125,174.6300048828125,56000700,404.0299987792969,405.4800109863281,397.7699890136719,399.1199951171875,393.9838562011719,30565800,458.989990234375,459.94000244140625,453.8999938964844,455.1000061035156,445.1619873046875,9787500,499.44000244140625,500.4599914550781,493.8599853515625,495.1600036621094,484.71575927734375,102212600
2024-04-22,165.52000427246094,167.25999450683594,164.77000427246094,165.83999633789062,164.49807739257812,48116400,176.94000244140625,178.8699951171875,174.55999755859375,177.22999572753906,177.22999572753906,37924900,400.0799865722656,402.8500061035156,395.75,400.9599914550781,395.80010986328125,20286900,457.54998779296875,461.7300109863281,455.3500061035156,459.04998779296875,449.0257568359375,5818100,497.8299865722656,502.3800048828125,495.42999267578125,499.7200012207031,489.1795959472656,67961000
2024-04-23,165.35000610351562,167.0500030517578,164.9199981689453,166.89999389648438,165.5495147705078,49537800,178.0800018310547,179.92999267578125,175.97999572753906,179.5399932861328,179.5399932861328,37046500,404.239990234375,408.20001220703125,403.05999755859375,407.57000732421875,402.3251037597656,15734500,461.17999267578125,465.1300048828125,460.6700134277344,464.8399963378906,454.6893310546875,4257400,501.7799987792969,506.0899963378906,499.5299987792969,505.6499938964844,494.9844970703125,64633600
2024-04-24,166.5399932861328,169.3000030517578,166.2100067138672,169.02000427246094,167.65237426757812,48251800,179.94000244140625,180.32000732421875,176.17999267578125,176.58999633789062,176.58999633789062,34185100,409.55999755859375,412.4700012207031,406.7799987792969,409.05999755859375,403.7959289550781,15065300,465.57000732421875,466.30999755859375,462.44000244140625,464.5,454.35675048828125,7687800,506.55999755859375,507.3699951171875,503.1300048828125,505.4100036621094,494.7496032714844,55928100
2024-04-25,169.52999877929688,170.61000061035156,168.14999389648438,169.88999938964844,168.51535034179688,50558300,169.67999267578125,173.9199981689453,166.32000732421875,173.6699981689453,173.6699981689453,49249400,394.0299987792969,399.8900146484375,388.0299987792969,399.0400085449219,393.90484619140625,40586500,458.7699890136719,463.4599914550781,457.260009765625,462.5799865722656,452.4786376953125,4876200,499.17999267578125,504.2699890136719,497.489990234375,503.489990234375,492.87005615234375,69122400
2024-04-26,169.8800048828125,171.33999633789062,169.17999267578125,169.3000030517578,167.93011474609375,44838400,177.8000030517578,180.82000732421875,176.1300048828125,179.6199951171875,179.6199951171875,43919800,412.1700134277344,413.0,405.760009765625,406.32000732421875,401.0911865234375,29694700,465.3299865722656,468.6300048828125,464.80999755859375,467.2099914550781,457.0075378417969,4907100,506.3500061035156,509.8800048828125,505.70001220703125,508.260009765625,497.53948974609375,64306100
2024-04-29,173.3699951171875,176.02999877929688,173.10000610351562,173.5,172.0961151123047,68169400,182.75,183.52999877929688,179.38999938964844,180.9600067138672,180.9600067138672,54063900,405.25,406.32000732421875,399.19000244140625,402.25,397.0735168457031,19582100,468.8399963378906,469.4200134277344,466.2099914550781,468.8399963378906,458.6020202636719,3253200,510.0899963378906,510.75,507.25,510.05999755859375,499.301513671875,46415400
2024-04-30,173.3300018310547,174.99000549316406,170.0,170.3300018310547,168.95176696777344,65934800,181.08999633789062,182.99000549316406,174.8000030517578,175.0,175.0,94639800,401.489990234375,402.1600036621094,389.1700134277344,389.3299865722656,384.3197937011719,28781400,467.4200134277344,468.3399963378906,461.3599853515625,461.42999267578125,451.3537902832031,4364800,508.55999755859375,509.55999755859375,501.9800109863281,501.9800109863281,491.3919677734375,77483600
2024-05-01,169.5800018310547,172.7100067138672,169.11000061035156,169.3000030517578,167.93011474609375,50383100,181.63999938964844,185.14999389648438,176.55999755859375,179.0,179.0,94645100,392.6099853515625,401.7200012207031,390.30999755859375,394.94000244140625,389.85760498046875,23562500,460.7699890136719,467.07000732421875,459.44000244140625,459.92999267578125,449.8865051269531,6115400,501.3800048828125,508.19000244140625,499.8699951171875,500.3500061035156,489.7962951660156,80242800
2024-05-02,172.50999450683594,173.4199981689453,170.88999938964844,173.02999877929688,171.6299285888672,94214900,180.85000610351562,185.10000610351562,179.91000366210938,184.72000122070312,184.72000122070312,54303500,397.6600036621094,399.92999267578125,394.6499938964844,397.8399963378906,392.7203063964844,17709400,463.3599853515625,464.95001220703125,459.1600036621094,464.2200012207031,454.0828552246094,3972400,504.1499938964844,505.8900146484375,499.54998779296875,505.0299987792969,494.37762451171875,62550200
2024-05-03,186.64999389648438,187.0,182.66000366210938,183.3800048828125,181.89620971679688,163224100,186.99000549316406,187.8699951171875,185.4199981689453,186.2100067138672,186.2100067138672,39172000,402.2799987792969,407.1499938964844,401.8599853515625,406.6600036621094,401.4267578125,17446700,469.760009765625,471.0,467.44000244140625,469.9800109863281,459.7171325683594,4586900,511.1600036621094,512.5499877929688,508.55999755859375,511.2900085449219,500.50555419921875,72756700
2024-05-06,182.35000610351562,184.1999969482422,180.4199981689453,181.7100067138672,180.2397003173828,78569700,186.27999877929688,188.75,184.8000030517578,188.6999969482422,188.6999969482422,34725300,408.760009765625,413.92999267578125,406.3699951171875,413.5400085449219,408.21826171875,16996600,472.2200012207031,474.80999755859375,471.82000732421875,474.7200012207031,464.3536071777344,4782500,513.75,516.6099853515625,513.2999877929688,516.5700073242188,505.67413330078125,47264700
2024-05-07,183.4499969482422,184.89999389648438,181.32000732421875,182.39999389648438,180.92408752441406,77305800,188.9199981689453,189.94000244140625,187.30999755859375,188.75999450683594,188.75999450683594,34048900,414.6600036621094,414.6700134277344,409.0899963378906,409.3399963378906,404.07232666015625,20018200,475.70001220703125,476.6400146484375,474.7099914550781,475.3999938964844,465.01873779296875,3451300,517.5599975585938,518.5700073242188,516.4500122070312,517.1400146484375,506.2321472167969,52561300
2024-05-08,182.85000610351562,183.07000732421875,181.4499969482422,182.74000549316406,181.26136779785156,45057100,187.44000244140625,188.42999267578125,186.38999938964844,188.0,188.0,26136400,408.1700134277344,412.2300109863281,406.7099914550781,410.5400085449219,405.2568664550781,11792300,473.5899963378906,475.8599853515625,473.5,475.4200134277344,465.038330078125,3214900,515.260009765625,517.739990234375,515.1400146484375,517.1900024414062,506.2811279296875,42047200
2024-05-09,182.55999755859375,184.66000366210938,182.11000061035156,184.57000732421875,183.07656860351562,48983000,188.8800048828125,191.6999969482422,187.44000244140625,189.5,189.5,43368400,410.57000732421875,412.7200012207031,409.1000061035156,412.32000732421875,407.0140075683594,14689700,475.5899963378906,478.1499938964844,474.94000244140625,478.1499938964844,467.7086486816406,3486000,517.3800048828125,520.2100219726562,516.7100219726562,520.1699829101562,509.1982116699219,43643700
2024-05-10,184.89999389648438,185.08999633789062,182.1300048828125,183.0500030517578,181.81512451171875,50759500,189.16000366210938,189.88999938964844,186.92999267578125,187.47999572753906,187.47999572753906,34141800,412.94000244140625,415.3800048828125,411.79998779296875,414.739990234375,409.4028015136719,13402300,479.69000244140625,480.3900146484375,477.5899963378906,478.739990234375,468.2857971191406,3347200,521.8099975585938,522.6400146484375,519.5900268554688,520.8400268554688,509.85418701171875,52233200
2024-05-13,185.44000244140625,187.10000610351562,184.6199951171875,186.27999877929688,185.0233154296875,72044800,188.0,188.30999755859375,185.36000061035156,186.57000732421875,186.57000732421875,24898600,418.010009765625,418.3500061035156,410.82000732421875,413.7200012207031,408.39593505859375,15440200,480.3500061035156,480.4200134277344,477.7300109863281,478.7699890136719,468.31512451171875,3108400,522.5599975585938,522.6699829101562,519.739990234375,520.9099731445312,509.9226379394531,36716400
2024-05-14,187.50999450683594,188.3000030517578,186.2899932861328,187.42999267578125,186.16555786132812,52393600,183.82000732421875,187.72000122070312,183.4499969482422,187.07000732421875,187.07000732421875,38698200,412.0199890136719,417.489990234375,411.54998779296875,416.55999755859375,411.19940185546875,15109300,478.9800109863281,481.4700012207031,478.4800109863281,481.0400085449219,470.53558349609375,3257700,521.1099853515625,523.8300170898438,520.5599975585938,523.2999877929688,512.26220703125,57535900
2024-05-15,187.91000366210938,190.64999389648438,187.3699951171875,189.72000122070312,188.4401397705078,70400000,185.97000122070312,186.72000122070312,182.72999572753906,185.99000549316406,185.99000549316406,75459900,417.8999938964844,423.80999755859375,417.2699890136719,423.0799865722656,418.3887939453125,22239500,483.3399963378906,487.2300109863281,482.739990234375,486.8999938964844,476.2676086425781,4399500,525.8300170898438,530.0800170898438,525.1799926757812,529.780029296875,518.6055908203125,59504900
2024-05-16,190.47000122070312,191.10000610351562,189.66000366210938,189.83999633789062,188.55931091308594,52845200,185.60000610351562,187.30999755859375,183.4600067138672,183.6300048828125,183.6300048828125,38834500,421.79998779296875,425.4200134277344,420.3500061035156,420.989990234375,416.3219299316406,17530100,487.04998779296875,488.57000732421875,485.8299865722656,485.9700012207031,475.35791015625,3347400,529.8800048828125,531.52001953125,528.5399780273438,528.6900024414062,517.5385131835938,50244800
2024-05-17,189.50999450683594,190.80999755859375,189.17999267578125,189.8699951171875,188.589111328125,41282900,183.75999450683594,185.3000030517578,183.35000610351562,184.6999969482422,184.6999969482422,33175700,422.5400085449219,422.9200134277344,418.0299987792969,420.2099914550781,415.55059814453125,15352200,486.0899963378906,486.7300109863281,484.70001220703125,486.69000244140625,476.06219482421875,3274000,528.8099975585938,529.52001953125,527.3200073242188,529.4500122070312,518.2825927734375,59187600
2024-05-20,189.3300018310547,191.9199981689453,189.00999450683594,191.0399932861328,189.751220703125,44361300,184.33999633789062,186.6699981689453,183.27999877929688,183.5399932861328,183.5399932861328,30511800,420.2099914550781,426.7699890136719,419.989990234375,425.3399963378906,420.6237487792969,16272100,486.7799987792969,488.6099853515625,486.45001220703125,487.1700134277344,476.53167724609375,2599600,529.5700073242188,531.5599975585938,529.1699829101562,530.0599975585938,518.879638671875,37764200
2024-05-21,191.08999633789062,192.72999572753906,190.9199981689453,192.35000610351562,191.05239868164062,42309400,182.3000030517578,183.25999450683594,180.75,183.14999389648438,183.14999389648438,50839100,426.8299865722656,432.9700012207031,424.8500061035156,429.0400085449219,424.2827453613281,21453300,486.5299987792969,488.5799865722656,486.3500061035156,488.4800109863281,477.8131103515625,2453600,529.280029296875,531.52001953125,529.0700073242188,531.3599853515625,520.1522216796875,33437000
2024-05-22,192.27000427246094,192.82000732421875,190.27000427246094,190.89999389648438,189.61215209960938,34648500,183.8800048828125,185.22000122070312,181.97000122070312,183.1300048828125,183.1300048828125,28148800,430.0899963378906,432.4100036621094,427.1300048828125,430.5199890136719,425.74627685546875,18073700,487.7900085449219,488.42999267578125,484.94000244140625,487.05999755859375,476.42413330078125,3250600,530.6500244140625,531.3800048828125,527.5999755859375,529.8300170898438,518.654541015625,48390000
2024-05-23,190.97999572753906,191.0,186.6300048828125,186.8800048828125,185.61927795410156,51005900,183.66000366210938,184.75999450683594,180.0800018310547,181.0500030517578,181.0500030517578,33670200,432.9700012207031,433.6000061035156,425.4200134277344,427.0,422.2653503417969,17211700,489.9100036621094,489.989990234375,482.2900085449219,483.44000244140625,472.8831787109375,3811300,532.9600219726562,533.0700073242188,524.719970703125,525.9600219726562,514.8661499023438,57211200
2024-05-24,188.82000732421875,190.5800018310547,188.0399932861328,189.97999572753906,188.6983642578125,36327000,181.64999389648438,182.44000244140625,180.3000030517578,180.75,180.75,27471600,427.19000244140625,431.05999755859375,424.4100036621094,430.1600036621094,425.39031982421875,11855300,485.17999267578125,487.3999938964844,484.3299865722656,486.7300109863281,476.1012878417969,2555200,527.8499755859375,530.27001953125,526.8800048828125,529.4400024414062,518.272705078125,41291100
2024-05-28,191.50999450683594,193.0,189.10000610351562,189.99000549316406,188.7082977294922,52280100,179.92999267578125,182.24000549316406,179.49000549316406,182.14999389648438,182.14999389648438,29927000,429.6300048828125,430.82000732421875,426.6000061035156,430.32000732421875,425.5484924316406,15718000,487.3999938964844,487.6499938964844,484.5299987792969,487.1199951171875,476.4827880859375,4034700,530.27001953125,530.510009765625,527.1099853515625,529.8099975585938,518.6349487304688,36269600
2024-05-29,189.61000061035156,192.25,189.50999450683594,190.2899932861328,189.00628662109375,53068000,181.6999969482422,184.0800018310547,181.5500030517578,182.02000427246094,182.02000427246094,32009300,425.69000244140625,430.94000244140625,425.69000244140625,429.1700134277344,424.41131591796875,15517100,483.19000244140625,484.67999267578125,482.9599914550781,483.69000244140625,473.127685546875,5605000,525.6799926757812,527.3099975585938,525.3699951171875,526.0999755859375,515.0031127929688,45190300
2024-05-30,190.75999450683594,192.17999267578125,190.6300048828125,191.2899932861328,189.99954223632812,49889100,181.30999755859375,181.33999633789062,178.36000061035156,179.32000732421875,179.32000732421875,29184700,424.29998779296875,424.29998779296875,414.239990234375,414.6700134277344,410.072021484375,28394500,482.1199951171875,482.75,479.20001220703125,480.44000244140625,469.94866943359375,3386800,524.52001953125,525.2000122070312,521.3300170898438,522.6099853515625,511.5867919921875,46377600
2024-05-31,191.44000244140625,192.57000732421875,189.91000366210938,192.25,190.9530487060547,75158300,178.3000030517578,179.2100067138672,173.8699951171875,176.44000244140625,176.44000244140625,58903900,416.75,416.75,404.510009765625,415.1300048828125,410.5269775390625,47995300,481.239990234375,484.9100036621094,476.4800109863281,484.6199951171875,474.03741455078125,5334000,523.5900268554688,527.5,518.3599853515625,527.3699951171875,516.2463989257812,90785800
2024-06-03,192.89999389648438,194.99000549316406,192.52000427246094,194.02999877929688,192.72103881835938,50080500,177.6999969482422,178.6999969482422,175.9199981689453,178.33999633789062,178.33999633789062,30786600,415.5299987792969,416.42999267578125,408.9200134277344,413.5199890136719,408.93475341796875,17484700,486.29998779296875,486.4100036621094,480.3999938964844,485.1499938964844,474.5558166503906,4211300,529.02001953125,529.3099975585938,522.5999755859375,527.7999877929688,516.6672973632812,46835700
2024-06-04,194.63999938964844,195.32000732421875,193.02999877929688,194.35000610351562,193.0388946533203,47471400,177.63999938964844,179.82000732421875,176.44000244140625,179.33999633789062,179.33999633789062,27198400,412.42999267578125,416.44000244140625,409.67999267578125,416.07000732421875,411.45654296875,14348900,484.0,486.4100036621094,482.55999755859375,485.739990234375,475.1329345703125,2560300,526.4600219726562,529.1500244140625,524.9600219726562,528.3900146484375,517.2449340820312,34632700
2024-06-05,195.39999389648438,196.89999389648438,194.8699951171875,195.8699951171875,194.5486297607422,54156800,180.10000610351562,181.5,178.75,181.27999877929688,181.27999877929688,32116400,417.80999755859375,424.0799865722656,416.29998779296875,424.010009765625,419.3085021972656,16988000,487.8699951171875,491.54998779296875,486.05999755859375,491.54998779296875,480.8160400390625,3026100,530.77001953125,534.6900024414062,528.72998046875,534.6699829101562,523.392333984375,47610400
2024-06-06,195.69000244140625,196.5,194.1699981689453,194.47999572753906,193.1680145263672,41181800,181.75,185.0,181.49000549316406,185.0,185.0,31371200,424.010009765625,425.30999755859375,420.5799865722656,424.5199890136719,419.8128356933594,14861300,491.8399963378906,492.17999267578125,489.6400146484375,491.44000244140625,480.70843505859375,21344000,534.97998046875,535.4199829101562,532.6799926757812,534.6599731445312,523.3826293945312,30808500
2024-06-07,194.64999389648438,196.94000244140625,194.13999938964844,196.88999938964844,195.56175231933594,53103900,184.89999389648438,186.2899932861328,183.36000061035156,184.3000030517578,184.3000030517578,28021500,426.20001220703125,426.2799987792969,423.0,423.8500061035156,419.1502685546875,13621700,490.54998779296875,493.5299987792969,489.5400085449219,490.79998779296875,480.08245849609375,3063600,533.6599731445312,536.8900146484375,532.5399780273438,534.010009765625,522.746337890625,43224500
2024-06-10,196.89999389648438,197.3000030517578,192.14999389648438,193.1199951171875,191.81716918945312,97010200,184.07000732421875,187.22999572753906,183.7899932861328,187.05999755859375,187.05999755859375,34445600,424.70001220703125,428.0799865722656,423.8900146484375,427.8699951171875,423.12567138671875,13982900,490.1700134277344,492.69000244140625,489.55999755859375,492.4100036621094,481.65728759765625,3461900,533.1799926757812,535.989990234375,532.5700073242188,535.6599731445312,524.3613891601562,35686100
2024-06-11,193.64999389648438,207.16000366210938,193.6300048828125,207.14999389648438,205.75254821777344,172373300,187.05999755859375,187.77000427246094,184.5399932861328,187.22999572753906,187.22999572753906,27265100,425.4800109863281,432.82000732421875,425.25,432.67999267578125,427.88232421875,14551100,490.989990234375,493.6600036621094,489.1099853515625,493.5299987792969,482.7527770996094,4028400,534.0700073242188,537.010009765625,532.0499877929688,536.9500122070312,525.6243896484375,36383400
2024-06-12,207.3699951171875,220.1999969482422,206.89999389648438,213.07000732421875,211.6326141357422,198134300,188.02000427246094,188.35000610351562,185.42999267578125,186.88999938964844,186.88999938964844,33984200,435.32000732421875,443.3999938964844,433.25,441.05999755859375,436.16943359375,22366200,497.92999267578125,500.1499938964844,496.7099914550781,497.6400146484375,486.7730712890625,3698800,541.6300048828125,544.1199951171875,540.2999877929688,541.3599853515625,529.9412231445312,63251300
2024-06-13,214.74000549316406,216.75,211.60000610351562,214.24000549316406,212.79470825195312,97862700,186.08999633789062,187.6699981689453,182.6699981689453,183.8300018310547,183.8300018310547,39721500,440.8500061035156,443.3900146484375,439.3699951171875,441.5799865722656,436.68365478515625,15960600,499.29998779296875,499.45001220703125,496.05999755859375,498.5799865722656,487.6925354003906,8808900,543.1500244140625,543.3300170898438,539.5900268554688,542.4500122070312,531.0082397460938,44760900
2024-06-14,213.85000610351562,215.1699981689453,211.3000030517578,212.49000549316406,211.0565185546875,70122700,183.0800018310547,183.72000122070312,182.22999572753906,183.66000366210938,183.66000366210938,25456400,438.2799987792969,443.1400146484375,436.7200012207031,442.57000732421875,437.6626892089844,13582000,497.260009765625,499.0400085449219,496.2900085449219,498.9800109863281,488.0838317871094,5812000,540.8800048828125,542.8099975585938,539.8499755859375,542.780029296875,531.3314208984375,40089900
2024-06-17,213.3699951171875,218.9499969482422,212.72000122070312,216.6699981689453,215.2083282470703,93728300,182.52000427246094,185.0,181.22000122070312,184.05999755859375,184.05999755859375,35601900,442.5899963378906,450.94000244140625,440.7200012207031,448.3699951171875,443.3983459472656,20790000,498.4800109863281,504.17999267578125,497.9100036621094,502.94000244140625,491.9573059082031,4609500,542.0800170898438,548.530029296875,541.6099853515625,547.0999755859375,535.5601806640625,55839500
2024-06-18,217.58999633789062,218.6300048828125,213.0,214.2899932861328,212.8443603515625,79943300,183.74000549316406,184.2899932861328,181.42999267578125,182.80999755859375,182.80999755859375,36659200,449.7099914550781,450.1400146484375,444.8900146484375,446.3399963378906,441.3908996582031,17112500,503.04998779296875,504.3599853515625,502.6300048828125,504.2799987792969,493.2680969238281,3431700,547.1599731445312,548.6199951171875,546.72998046875,548.489990234375,536.9208984375,41376400
2024-06-20,213.92999267578125,214.24000549316406,208.85000610351562,209.67999267578125,208.26547241210938,86172500,182.91000366210938,186.50999450683594,182.72000122070312,186.10000610351562,186.10000610351562,44726800,446.29998779296875,446.5299987792969,441.2699890136719,445.70001220703125,440.75799560546875,19877400,505.1400146484375,505.739990234375,501.19000244140625,502.8800048828125,491.8986511230469,4810900,549.4400024414062,550.1199951171875,545.1799926757812,547.0,535.4623413085938,70328200
2024-06-21,210.38999938964844,211.88999938964844,207.11000061035156,207.49000549316406,206.0902557373047,241805100,187.8000030517578,189.27999877929688,185.86000061035156,189.0800018310547,189.0800018310547,70792500,447.3800048828125,450.5799865722656,446.510009765625,449.7799987792969,444.7926940917969,34187100,502.1000061035156,503.2200012207031,500.8500061035156,501.7799987792969,490.8226623535156,4338100,544.4000244140625,545.6500244140625,543.02001953125,544.510009765625,534.7445068359375,64338600
2024-06-24,207.72000122070312,212.6999969482422,206.58999633789062,208.13999938964844,206.73587036132812,80727000,189.3300018310547,191.0,185.3300018310547,185.57000732421875,185.57000732421875,50610400,449.79998779296875,452.75,446.4100036621094,447.6700134277344,442.7061767578125,15913700,502.0299987792969,504.44000244140625,500.42999267578125,500.42999267578125,489.50213623046875,7022800,544.3300170898438,546.9500122070312,542.6199951171875,542.739990234375,533.0061645507812,45528700
2024-06-25,209.14999389648438,211.3800048828125,208.61000061035156,209.07000732421875,207.6595916748047,55549700,186.80999755859375,188.83999633789062,185.4199981689453,186.33999633789062,186.33999633789062,45366400,448.25,451.4200134277344,446.75,450.95001220703125,445.94976806640625,16413400,501.7099914550781,502.8299865722656,500.32000732421875,502.510009765625,491.5367126464844,6325200,543.989990234375,545.2000122070312,542.4400024414062,544.8300170898438,535.0587768554688,37936200
2024-06-26,211.5,214.86000061035156,210.63999938964844,213.25,211.8114013671875,66213200,186.9199981689453,194.8000030517578,186.25999450683594,193.61000061035156,193.61000061035156,65103900,449.0,453.6000061035156,448.19000244140625,452.1600036621094,447.1463623046875,16507000,501.4700012207031,503.7699890136719,500.8900146484375,503.07000732421875,492.08447265625,3202700,543.6900024414062,546.239990234375,543.030029296875,545.510009765625,535.7265625,38550600
2024-06-27,214.69000244140625,215.74000549316406,212.35000610351562,214.10000610351562,212.65567016601562,49772700,195.00999450683594,199.83999633789062,194.1999969482422,197.85000610351562,197.85000610351562,74397500,452.17999267578125,456.1700134277344,451.7699890136719,452.8500061035156,447.8287048339844,14806300,503.0,504.4800109863281,502.32000732421875,503.8500061035156,492.84747314453125,3619700,545.3699951171875,546.9600219726562,544.6099853515625,546.3699951171875,536.5711059570312,35041500
2024-06-28,215.77000427246094,216.07000732421875,210.3000030517578,210.6199951171875,209.19912719726562,82542700,197.72999572753906,198.85000610351562,192.5,193.25,193.25,76930200,453.07000732421875,455.3800048828125,446.4100036621094,446.95001220703125,441.994140625,28362300,502.9700012207031,505.7300109863281,499.010009765625,500.1300048828125,490.9469909667969,5598600,547.1599731445312,550.280029296875,542.9500122070312,544.219970703125,534.4595947265625,76144500
2024-07-01,212.08999633789062,217.50999450683594,211.9199981689453,216.75,215.28778076171875,60402900,193.49000549316406,198.3000030517578,192.82000732421875,197.1999969482422,197.1999969482422,41192000,448.6600036621094,457.3699951171875,445.6600036621094,456.7300109863281,451.6656799316406,17662800,501.489990234375,501.67999267578125,498.6000061035156,501.2799987792969,492.0758972167969,4368500,545.6300048828125,545.8800048828125,542.52001953125,545.3400268554688,535.5595703125,40297800
2024-07-02,216.14999389648438,220.3800048828125,215.10000610351562,220.27000427246094,218.78404235839844,58046200,197.27999877929688,200.42999267578125,195.92999267578125,200.0,200.0,45600000,453.20001220703125,459.5899963378906,453.1099853515625,459.2799987792969,454.1874084472656,13979800,499.69000244140625,504.6099853515625,499.6099853515625,504.5299987792969,495.26617431640625,4210100,543.7000122070312,549.010009765625,543.6500244140625,549.010009765625,539.1636962890625,40434800
2024-07-03,220.0,221.5500030517578,219.02999877929688,221.5500030517578,220.05538940429688,37369800,199.94000244140625,200.02999877929688,196.75999450683594,197.58999633789062,197.58999633789062,31597900,458.19000244140625,461.0199890136719,457.8800048828125,460.7699890136719,455.6608581542969,9932800,504.2200012207031,507.1400146484375,504.2200012207031,506.80999755859375,497.50433349609375,2131100,548.6900024414062,551.8300170898438,548.6500244140625,551.4600219726562,541.5698852539062,32789900
2024-07-05,221.64999389648438,226.4499969482422,221.64999389648438,226.33999633789062,224.8130645751953,60412400,198.64999389648438,200.5500030517578,198.1699981689453,200.0,200.0,39858900,459.6099853515625,468.3500061035156,458.9700012207031,467.55999755859375,462.3756408691406,16000300,507.1300048828125,510.1000061035156,506.489990234375,509.8399963378906,500.47869873046875,3156900,551.77001953125,555.0499877929688,551.1199951171875,554.6400146484375,544.6928100585938,41488400
2024-07-08,227.08999633789062,227.85000610351562,223.25,227.82000732421875,226.28309631347656,59085900,200.0399932861328,201.1999969482422,197.9600067138672,199.2899932861328,199.2899932861328,34767300,466.54998779296875,467.70001220703125,464.4599914550781,466.239990234375,461.0702209472656,12962300,510.5,511.2099914550781,509.32000732421875,510.3299865722656,500.959716796875,3143400,555.4400024414062,556.25,554.1900024414062,555.280029296875,545.3212280273438,36110500
2024-07-09,227.92999267578125,229.39999389648438,226.3699951171875,228.67999267578125,227.1372833251953,48076100,199.39999389648438,200.57000732421875,199.0500030517578,199.33999633789062,199.33999633789062,32700100,467.0,467.3299865722656,458.0,459.5400085449219,454.44451904296875,17207200,511.2099914550781,512.010009765625,510.5400085449219,510.8900146484375,501.5094909667969,3140600,556.260009765625,557.1799926757812,555.52001953125,555.8200073242188,545.8515625,27289700
2024-07-10,229.3000030517578,233.0800018310547,229.25,232.97999572753906,231.40829467773438,62627700,200.0,200.11000061035156,197.69000244140625,199.7899932861328,199.7899932861328,32883800,461.2200012207031,466.4599914550781,458.8599853515625,466.25,461.0801086425781,18196100,511.9800109863281,516.1799926757812,511.69000244140625,515.8099975585938,506.3391418457031,3446900,557.0700073242188,561.6699829101562,556.77001953125,561.3200073242188,551.2529296875,38701200
2024-07-11,231.38999938964844,232.38999938964844,225.77000427246094,227.57000732421875,226.03477478027344,64710600,200.08999633789062,200.27000427246094,192.86000061035156,195.0500030517578,195.0500030517578,44565000,462.9800109863281,464.7799987792969,451.54998779296875,454.70001220703125,449.6581726074219,23111200,516.0,516.7899780273438,510.8299865722656,511.3900146484375,502.0002746582031,5537800,561.4400024414062,562.3300170898438,555.8300170898438,556.47998046875,546.4998168945312,53054200
2024-07-12,228.9199981689453,232.63999938964844,228.67999267578125,230.5399932861328,228.9847412109375,53046500,194.8000030517578,196.47000122070312,193.8300018310547,194.49000549316406,194.49000549316406,30598500,454.3299865722656,456.3599853515625,450.6499938964844,453.54998779296875,448.5209045410156,16324300,512.489990234375,518.030029296875,512.1699829101562,514.5499877929688,505.10223388671875,5238200,557.6300048828125,563.6699829101562,557.1500244140625,559.989990234375,549.94677734375,53084400
2024-07-15,236.47999572753906,237.22999572753906,233.08999633789062,234.39999389648438,232.81869506835938,62631300,194.55999755859375,196.19000244140625,190.8300018310547,192.72000122070312,192.72000122070312,40683200,453.29998779296875,457.260009765625,451.42999267578125,453.9599914550781,448.9263916015625,14429400,516.5800170898438,519.1199951171875,514.3400268554688,516.1099853515625,506.6335144042969,7771500,562.030029296875,564.8400268554688,559.6300048828125,561.530029296875,551.4592895507812,40584300
2024-07-16,235.0,236.27000427246094,232.3300018310547,234.82000732421875,233.23587036132812,43234300,195.58999633789062,196.6199951171875,192.24000549316406,193.02000427246094,193.02000427246094,33994700,454.2200012207031,454.29998779296875,446.6600036621094,449.5199890136719,444.5356140136719,17175700,517.3300170898438,519.4000244140625,516.5999755859375,519.0399780273438,509.5097961425781,4164300,562.8699951171875,565.1599731445312,562.0999755859375,564.8599853515625,554.7295532226562,36475300
2024-07-17,229.4499969482422,231.4600067138672,226.63999938964844,228.8800048828125,227.3359375,57345900,191.35000610351562,191.5800018310547,185.99000549316406,187.92999267578125,187.92999267578125,48076100,442.5899963378906,444.8500061035156,439.17999267578125,443.5199890136719,438.6021423339844,21778000,513.5599975585938,515.1099853515625,511.55999755859375,511.7900085449219,502.39288330078125,4984300,558.7999877929688,560.510009765625,556.6099853515625,556.9400024414062,546.9515380859375,57119000
2024-07-18,230.27999877929688,230.44000244140625,222.27000427246094,224.17999267578125,222.66766357421875,66034600,189.58999633789062,189.67999267578125,181.4499969482422,183.75,183.75,51043600,444.3399963378906,444.6499938964844,434.3999938964844,440.3699951171875,435.487060546875,20794800,513.25,514.1900024414062,505.8699951171875,507.94000244140625,498.6136169433594,5055900,558.510009765625,559.52001953125,550.4299926757812,552.6599731445312,542.748291015625,56270400
2024-07-19,224.82000732421875,226.8000030517578,223.27999877929688,224.30999755859375,222.7967987060547,49151500,181.13999938964844,184.92999267578125,180.11000061035156,183.1300048828125,183.1300048828125,43081800,433.1000061035156,441.1400146484375,432.0,437.1099853515625,432.26324462890625,20940400,507.6400146484375,509.20001220703125,503.55999755859375,504.54998779296875,495.28582763671875,4039400,552.4199829101562,554.0800170898438,547.9099731445312,548.989990234375,539.14404296875,65509100
2024-07-22,227.00999450683594,227.77999877929688,223.08999633789062,223.9600067138672,222.44915771484375,48201800,185.0,185.05999755859375,182.47999572753906,182.5500030517578,182.5500030517578,39931900,441.7900085449219,444.6000061035156,438.9100036621094,442.94000244140625,438.0285949707031,15808800,508.2699890136719,510.32000732421875,506.44000244140625,509.7900085449219,500.4296569824219,4342900,553.0,555.27001953125,551.02001953125,554.6500244140625,544.70263671875,43346700
2024-07-23,224.3699951171875,226.94000244140625,222.67999267578125,225.00999450683594,223.4920654296875,39960300,184.10000610351562,189.38999938964844,183.55999755859375,186.41000366210938,186.41000366210938,47537700,443.8999938964844,448.3900146484375,443.1000061035156,444.8500061035156,439.91741943359375,13107100,509.6600036621094,511.6499938964844,508.489990234375,508.94000244140625,499.5952453613281,3116000,554.5399780273438,556.739990234375,553.280029296875,553.780029296875,543.8482666015625,34439600
2024-07-24,224.0,224.8000030517578,217.1300048828125,218.5399932861328,217.06570434570312,61777600,183.1999969482422,185.4499969482422,180.41000366210938,180.8300018310547,180.8300018310547,41532400,440.45001220703125,441.4800109863281,427.5899963378906,428.8999938964844,424.14422607421875,26805800,504.42999267578125,504.70001220703125,496.54998779296875,497.2900085449219,488.1591491699219,6157400,548.8599853515625,549.1699829101562,540.2899780273438,541.22998046875,531.523193359375,74515300
2024-07-25,218.92999267578125,220.85000610351562,214.6199951171875,217.49000549316406,216.0227813720703,51391200,182.91000366210938,183.89999389648438,176.8000030517578,179.85000610351562,179.85000610351562,44464200,428.79998779296875,429.79998779296875,417.510009765625,418.3999938964844,413.7607116699219,29943800,497.54998779296875,503.1400146484375,493.9200134277344,494.7799987792969,485.6952819824219,5646600,541.3499755859375,547.4600219726562,537.4500122070312,538.4099731445312,528.7537841796875,61158300
2024-07-26,218.6999969482422,219.49000549316406,216.00999450683594,217.9600067138672,216.4896240234375,41601300,180.38999938964844,183.19000244140625,180.24000549316406,182.5,182.5,29506000,418.20001220703125,428.9200134277344,417.2699890136719,425.2699890136719,420.5545349121094,23583800,498.3599853515625,502.8900146484375,497.6700134277344,500.3299865722656,491.1433410644531,3636000,542.280029296875,547.1900024414062,541.489990234375,544.4400024414062,534.6756591796875,53763800
2024-07-29,216.9600067138672,219.3000030517578,215.75,218.24000549316406,216.76771545410156,36311800,183.83999633789062,184.75,182.3800048828125,183.1999969482422,183.1999969482422,33270100,431.5799865722656,432.1499938964844,424.70001220703125,426.7300109863281,421.9983215332031,15125800,501.82000732421875,502.7699890136719,498.7699890136719,500.70001220703125,491.5065612792969,3096200,546.02001953125,547.0499877929688,542.719970703125,544.760009765625,534.9899291992188,39515800
2024-07-30,219.19000244140625,220.3300018310547,216.1199951171875,218.8000030517578,217.32394409179688,41643800,184.72000122070312,185.86000061035156,179.3800048828125,181.7100067138672,181.7100067138672,39508600,427.7200012207031,429.04998779296875,417.3599853515625,422.9200134277344,418.2305908203125,32687600,502.04998779296875,503.010009765625,494.9200134277344,498.0799865722656,488.93463134765625,3817800,546.260009765625,547.3400268554688,538.52001953125,542.0,532.2794799804688,46853600
2024-07-31,221.44000244140625,223.82000732421875,220.6300048828125,222.0800018310547,220.58181762695312,50036300,185.0500030517578,187.94000244140625,184.4600067138672,186.97999572753906,186.97999572753906,41667300,420.5,421.7799987792969,412.2099914550781,418.3500061035156,413.7112731933594,42891400,504.4800109863281,508.6499938964844,503.30999755859375,505.92999267578125,496.6405029296875,5367600,548.97998046875,553.5,547.5800170898438,550.8099975585938,540.9314575195312,65663400
2024-08-01,224.3699951171875,224.47999572753906,217.02000427246094,218.36000061035156,216.8869171142578,62501000,189.2899932861328,190.60000610351562,181.8699951171875,184.07000732421875,184.07000732421875,70435600,420.7900085449219,427.4599914550781,413.0899963378906,417.1099853515625,412.4849548339844,30296400,507.8399963378906,509.8999938964844,495.75,499.0299987792969,489.8672180175781,6939200,552.5700073242188,554.8699951171875,539.4299926757812,543.010009765625,533.2713623046875,76428700
2024-08-02,219.14999389648438,225.60000610351562,217.7100067138672,219.86000061035156,218.37680053710938,105568600,166.75,168.77000427246094,160.5500030517578,167.89999389648438,167.89999389648438,141448400,412.489990234375,415.0,404.3399963378906,408.489990234375,403.9605712890625,29437900,492.4100036621094,493.5199890136719,485.79998779296875,489.9100036621094,480.9146728515625,8561200,535.75,536.989990234375,528.5999755859375,532.9000244140625,523.3427734375,82789100
2024-08-05,199.08999633789062,213.5,196.0,209.27000427246094,207.85824584960938,119548600,154.2100067138672,162.9600067138672,151.61000061035156,161.02000427246094,161.02000427246094,83149400,389.1700134277344,401.0400085449219,385.5799865722656,395.1499938964844,390.7684326171875,40709200,470.1700134277344,481.17999267578125,468.8900146484375,475.20001220703125,466.4747619628906,15244300,511.6400146484375,523.5800170898438,510.2699890136719,517.3800048828125,508.1010437011719,146267400
2024-08-06,205.3000030517578,209.99000549316406,201.07000732421875,207.22999572753906,205.83200073242188,69660500,161.7100067138672,165.0800018310547,158.5399932861328,161.92999267578125,161.92999267578125,59950800,400.0,405.6700134277344,398.5,399.6099853515625,395.1789855957031,24946500,477.3900146484375,486.8599853515625,475.94000244140625,479.94000244140625,471.1277160644531,8255000,519.219970703125,529.75,517.8699951171875,522.1500244140625,512.7855224609375,84826300
2024-08-07,206.89999389648438,213.63999938964844,206.38999938964844,209.82000732421875,208.40452575683594,63516400,166.5500030517578,167.5800018310547,161.42999267578125,162.77000427246094,162.77000427246094,48408200,408.6400146484375,410.0799865722656,397.4700012207031,398.42999267578125,394.01214599609375,20650900,485.70001220703125,488.54998779296875,476.1099853515625,476.6099853515625,467.85888671875,5976400,528.469970703125,531.5900268554688,518.0499877929688,518.6599731445312,509.35809326171875,70698300
2024-08-08,213.11000061035156,214.1999969482422,208.8300018310547,213.30999755859375,211.87098693847656,47161100,165.1699981689453,166.69000244140625,162.5500030517578,165.8000030517578,165.8000030517578,44616200,402.44000244140625,405.8599853515625,399.94000244140625,402.69000244140625,398.2248840332031,20203000,481.489990234375,488.2699890136719,479.6400146484375,487.7300109863281,478.77471923828125,4177200,523.9099731445312,531.2899780273438,521.8400268554688,530.6500244140625,521.1331176757812,63276600
2024-08-09,212.10000610351562,216.77999877929688,211.97000122070312,216.24000549316406,214.78123474121094,42201600,166.39999389648438,168.5500030517578,165.85000610351562,166.94000244140625,166.94000244140625,36401000,404.0299987792969,408.04998779296875,402.260009765625,406.0199890136719,401.5179443359375,19276700,486.92999267578125,491.2099914550781,485.82000732421875,489.82000732421875,480.8262939453125,7661300,529.8099975585938,534.510009765625,528.5599975585938,532.989990234375,523.4310913085938,45619600
2024-08-12,216.07000732421875,219.50999450683594,215.60000610351562,217.52999877929688,216.31259155273438,38028100,168.13999938964844,168.5500030517578,166.11000061035156,166.8000030517578,166.8000030517578,30072800,407.05999755859375,408.760009765625,404.239990234375,406.80999755859375,402.2991943359375,16762900,490.94000244140625,492.3500061035156,487.9800109863281,490.07000732421875,481.07171630859375,3578100,534.2100219726562,535.72998046875,530.9500122070312,533.27001953125,523.7060546875,42542100
2024-08-13,219.00999450683594,221.88999938964844,219.00999450683594,221.27000427246094,220.0316925048828,44155300,167.80999755859375,171.0399932861328,167.10000610351562,170.22999572753906,170.22999572753906,39237900,409.5899963378906,414.95001220703125,409.57000732421875,414.010009765625,409.41937255859375,19414300,493.1400146484375,498.3800048828125,492.9200134277344,498.2099914550781,489.0622253417969,3247900,536.530029296875,542.280029296875,536.280029296875,542.0399780273438,532.3187255859375,52333100
2024-08-14,220.57000732421875,223.02999877929688,219.6999969482422,221.72000122070312,220.47915649414062,41960600,172.11000061035156,172.27999877929688,168.86000061035156,170.10000610351562,170.10000610351562,28843800,414.79998779296875,417.7200012207031,412.45001220703125,416.8599853515625,412.2377624511719,18267000,498.9200134277344,500.8500061035156,496.4800109863281,499.79998779296875,490.6230773925781,3700500,542.8499755859375,544.9600219726562,540.1199951171875,543.75,533.9979858398438,42446900
2024-08-15,224.60000610351562,225.35000610351562,222.75999450683594,224.72000122070312,223.4623565673828,46414000,174.86000061035156,177.91000366210938,173.99000549316406,177.58999633789062,177.58999633789062,51698500,419.79998779296875,421.1099853515625,417.6600036621094,421.0299987792969,417.1119689941406,20752100,505.0899963378906,508.5899963378906,504.489990234375,508.3800048828125,499.0455627441406,4279000,549.5,553.3599853515625,548.8800048828125,553.0700073242188,543.1509399414062,60846800
2024-08-16,223.9199981689453,226.8300018310547,223.64999389648438,226.0500030517578,224.78494262695312,44340200,177.0399932861328,178.33999633789062,176.25999450683594,177.05999755859375,177.05999755859375,31489200,420.6000061035156,421.3399963378906,417.29998779296875,418.4700012207031,414.5757751464844,22775600,506.8399963378906,510.1099853515625,506.6499938964844,509.45001220703125,500.0959167480469,3449300,551.4199829101562,555.02001953125,551.260009765625,554.3099975585938,544.3687133789062,44430700
2024-08-19,225.72000122070312,225.99000549316406,223.0399932861328,225.88999938964844,224.6258087158203,40687800,177.63999938964844,178.3000030517578,176.16000366210938,178.22000122070312,178.22000122070312,31129800,418.9599914550781,421.75,416.4599914550781,421.5299987792969,417.6073303222656,15234000,509.8599853515625,514.3499755859375,509.05999755859375,514.3499755859375,504.9058837890625,3804300,554.72998046875,559.6099853515625,553.8599853515625,559.6099853515625,549.5736694335938,39121800
2024-08-20,225.77000427246094,227.1699981689453,225.4499969482422,226.50999450683594,225.24234008789062,30299000,177.9199981689453,179.00999450683594,177.42999267578125,178.8800048828125,178.8800048828125,26255200,421.70001220703125,425.8599853515625,421.6400146484375,424.79998779296875,420.8468933105469,16387600,513.9199829101562,515.47998046875,512.25,513.5,504.0715026855469,3156000,559.1500244140625,560.8400268554688,557.3300170898438,558.7000122070312,548.6798706054688,33732300
2024-08-21,226.52000427246094,227.97999572753906,225.0500030517578,226.39999389648438,225.1329803466797,34765500,179.9199981689453,182.38999938964844,178.88999938964844,180.11000061035156,180.11000061035156,35599100,424.0799865722656,426.3999938964844,421.7200012207031,424.1400146484375,420.19305419921875,16067300,514.469970703125,516.6599731445312,512.8499755859375,515.2999877929688,505.8385009765625,3344100,559.77001953125,562.1099853515625,554.72998046875,560.6199951171875,550.5654907226562,41514600
2024-08-22,227.7899932861328,228.33999633789062,223.89999389648438,224.52999877929688,223.27342224121094,43695300,181.3800048828125,181.47000122070312,175.67999267578125,176.1300048828125,176.1300048828125,32047500,424.3599853515625,426.7900085449219,414.6099853515625,415.54998779296875,411.6829528808594,19361900,517.0499877929688,517.6300048828125,510.1000061035156,511.1300048828125,501.7450866699219,3677100,562.5599975585938,563.1799926757812,554.97998046875,556.219970703125,546.2443237304688,56121500
2024-08-23,225.66000366210938,228.22000122070312,224.3300018310547,226.83999633789062,225.5705108642578,38677300,177.33999633789062,178.97000122070312,175.24000549316406,177.0399932861328,177.0399932861328,29150100,416.9800109863281,419.260009765625,412.0899963378906,416.7900085449219,412.91143798828125,18493800,514.3300170898438,517.5499877929688,512.25,516.6599731445312,507.1734619140625,5102800,559.530029296875,563.0900268554688,557.2899780273438,562.1300048828125,552.0484619140625,50639400
2024-08-26,226.75999450683594,227.27999877929688,223.88999938964844,227.17999267578125,225.90858459472656,30602200,176.6999969482422,177.47000122070312,174.3000030517578,175.5,175.5,22366200,416.3699951171875,417.2799987792969,411.3399963378906,413.489990234375,409.64215087890625,13152800,517.6400146484375,518.2899780273438,513.8800048828125,515.3900146484375,505.9268493652344,3398600,563.1799926757812,563.9099731445312,559.0499877929688,560.7899780273438,550.7325439453125,35788600
2024-08-27,226.0,228.85000610351562,224.88999938964844,228.02999877929688,226.75384521484375,35934600,174.14999389648438,174.88999938964844,172.25,173.1199951171875,173.1199951171875,29842000,412.8599853515625,414.3599853515625,410.25,413.8399963378906,409.9888916015625,13492900,514.260009765625,516.5900268554688,513.1599731445312,516.0800170898438,506.6041564941406,3031800,559.489990234375,562.0599975585938,558.3200073242188,561.5599975585938,551.4885864257812,32693900
2024-08-28,227.9199981689453,229.86000061035156,225.67999267578125,226.49000549316406,225.22247314453125,38052200,173.69000244140625,173.69000244140625,168.9199981689453,170.8000030517578,170.8000030517578,29045000,414.8800048828125,415.0,407.30999755859375,410.6000061035156,406.7790222167969,14882700,515.7999877929688,516.22998046875,510.1600036621094,513.1300048828125,503.7082824707031,3940400,561.2100219726562,561.6500244140625,555.0399780273438,558.2999877929688,548.287109375,41066000
2024-08-29,230.10000610351562,232.9199981689453,228.8800048828125,229.7899932861328,228.50399780273438,51906300,173.22000122070312,174.2899932861328,170.80999755859375,172.1199951171875,172.1199951171875,26407800,414.94000244140625,422.04998779296875,410.6000061035156,413.1199951171875,409.2756042480469,17045200,514.989990234375,518.0900268554688,512.1300048828125,513.2100219726562,503.7868347167969,3487100,560.3099975585938,563.6799926757812,557.1799926757812,558.3499755859375,548.336181640625,38715200
2024-08-30,230.19000244140625,230.39999389648438,227.47999572753906,229.0,227.71841430664062,52990800,172.77999877929688,178.89999389648438,172.60000610351562,178.5,178.5,43429400,415.6000061035156,417.489990234375,412.1300048828125,417.1400146484375,413.2581787109375,24308300,515.4199829101562,518.5800170898438,512.1199951171875,518.0399780273438,508.52813720703125,5637700,560.77001953125,564.2000122070312,557.1400146484375,563.6799926757812,553.5706176757812,62700100
2024-09-03,228.5500030517578,229.0,221.1699981689453,222.77000427246094,221.52330017089844,50190600,177.5500030517578,178.25999450683594,175.25999450683594,176.25,176.25,37817500,417.9100036621094,419.8800048828125,407.0299987792969,409.44000244140625,405.6298522949219,20313600,515.1199951171875,515.4299926757812,505.1000061035156,507.55999755859375,498.2406005859375,5866400,560.469970703125,560.8099975585938,549.510009765625,552.0800170898438,542.1787719726562,60600100
2024-09-04,221.66000366210938,221.77999877929688,217.47999572753906,220.85000610351562,219.614013671875,43840200,174.47999572753906,175.97999572753906,172.5399932861328,173.3300018310547,173.3300018310547,30309200,405.9100036621094,411.239990234375,404.3699951171875,408.8999938964844,405.0948486328125,15135800,505.67999267578125,509.5299987792969,505.0199890136719,506.29998779296875,497.0036926269531,3601400,550.2000122070312,554.4299926757812,549.4600219726562,550.9500122070312,541.0689697265625,47224900
2024-09-05,221.6300048828125,225.47999572753906,221.52000427246094,222.3800048828125,221.13548278808594,36615400,175.0,179.8800048828125,175.0,177.88999938964844,177.88999938964844,40170500,407.6199951171875,413.1000061035156,406.1300048828125,408.3900146484375,404.5896301269531,14195500,506.3599853515625,508.94000244140625,502.8399963378906,505.04998779296875,495.77667236328125,3425600,550.8900146484375,553.7999877929688,547.0999755859375,549.6099853515625,539.7529907226562,44264300
2024-09-06,223.9499969482422,225.24000549316406,219.77000427246094,220.82000732421875,219.58419799804688,48423000,177.24000549316406,178.3800048828125,171.16000366210938,171.38999938964844,171.38999938964844,41466500,409.05999755859375,410.6499938964844,400.79998779296875,401.70001220703125,397.9618835449219,19609500,505.3399963378906,506.94000244140625,495.79998779296875,496.6400146484375,487.5210876464844,7411400,549.9400024414062,551.5999755859375,539.4400024414062,540.3599853515625,530.6688842773438,68493800
2024-09-09,220.82000732421875,221.27000427246094,216.7100067138672,220.91000366210938,219.67369079589844,67180000,174.52999877929688,175.85000610351562,173.50999450683594,175.39999389648438,175.39999389648438,29037400,407.239990234375,408.6499938964844,402.1499938964844,405.7200012207031,401.9444580078125,15295100,500.6000061035156,503.3699951171875,498.75,502.2300109863281,493.00848388671875,3656800,544.6500244140625,547.7100219726562,542.6799926757812,546.4099731445312,536.6102905273438,40445800
2024-09-10,218.9199981689453,221.47999572753906,216.72999572753906,220.11000061035156,218.87815856933594,51591000,177.49000549316406,180.5,176.7899932861328,179.5500030517578,179.5500030517578,36233800,408.20001220703125,416.3299865722656,407.70001220703125,414.20001220703125,410.3455505371094,19594300,503.95001220703125,504.7099914550781,499.5,504.29998779296875,495.0404357910156,2975400,548.3599853515625,549.1500244140625,543.3800048828125,548.7899780273438,538.9476928710938,36394600
2024-09-11,221.4600067138672,223.08999633789062,217.88999938964844,222.66000366210938,221.41390991210938,44587100,180.10000610351562,184.99000549316406,175.72999572753906,184.52000427246094,184.52000427246094,42564700,415.5,423.989990234375,409.5799865722656,423.0400085449219,419.103271484375,19266900,504.30999755859375,510.44000244140625,496.25,509.4599914550781,500.1057434082031,5956900,548.7000122070312,555.3599853515625,539.9600219726562,554.4199829101562,544.476806640625,75248600
2024-09-12,222.5,223.5500030517578,219.82000732421875,222.77000427246094,221.52330017089844,37455600,184.8000030517578,187.41000366210938,183.5399932861328,187.0,187.0,33544200,423.30999755859375,427.3699951171875,419.75,427.0,423.02642822265625,17395700,510.0899963378906,514.1400146484375,508.05999755859375,513.8400268554688,504.4053039550781,4092900,555.010009765625,559.4000244140625,552.739990234375,559.0900268554688,549.0630493164062,51819600
2024-09-13,223.5800018310547,224.0399932861328,221.91000366210938,222.5,221.25479125976562,36766600,187.0,188.5,185.91000366210938,186.49000549316406,186.49000549316406,26495400,425.8299865722656,431.8299865722656,425.4599914550781,430.5899963378906,426.5830078125,15874600,514.4299926757812,517.530029296875,514.22998046875,516.5700073242188,507.08514404296875,4416600,559.7100219726562,563.030029296875,559.4500122070312,562.010009765625,551.9306640625,39310500
2024-09-16,216.5399932861328,217.22000122070312,213.9199981689453,216.32000732421875,215.10939025878906,59357400,185.2899932861328,185.80999755859375,183.36000061035156,184.88999938964844,184.88999938964844,26065500,430.6000061035156,433.5299987792969,428.2200012207031,431.3399963378906,427.3260498046875,13834700,516.3400268554688,517.5900268554688,514.6500244140625,517.3499755859375,507.8507995605469,4256300,561.739990234375,563.1099853515625,559.9000244140625,562.8400268554688,552.7457275390625,36656100
2024-09-17,215.75,216.89999389648438,214.5,216.7899932861328,215.5767364501953,45519300,186.85000610351562,189.4499969482422,186.13999938964844,186.8800048828125,186.8800048828125,26091700,440.2300109863281,441.8500061035156,432.2699890136719,435.1499938964844,431.1005554199219,18874200,519.4400024414062,520.739990234375,515.5,517.5900268554688,508.08642578125,8150000,565.0999755859375,566.5800170898438,560.7899780273438,563.0700073242188,552.9715576171875,49321000
2024-09-18,217.5500030517578,222.7100067138672,217.5399932861328,220.69000244140625,219.4549102783203,59894900,186.4499969482422,188.8000030517578,185.05999755859375,186.42999267578125,186.42999267578125,34448100,435.0,436.0299987792969,430.4100036621094,430.80999755859375,426.80096435546875,18898000,518.1799926757812,522.72998046875,515.469970703125,515.9099731445312,506.4372863769531,6921300,563.739990234375,568.6900024414062,560.8300170898438,561.4000244140625,551.3316040039062,59044900
2024-09-19,224.99000549316406,229.82000732421875,224.6300048828125,228.8699951171875,227.58912658691406,66781300,190.0399932861328,190.99000549316406,188.47000122070312,189.8699951171875,189.8699951171875,39543200,441.2300109863281,441.5,436.8999938964844,438.69000244140625,434.6076354980469,21706600,524.8800048828125,526.5999755859375,522.1900024414062,524.9099731445312,515.2720336914062,5558400,571.010009765625,572.8800048828125,568.0800170898438,570.97998046875,560.7396850585938,75315500
2024-09-20,229.97000122070312,233.08999633789062,227.6199951171875,228.1999969482422,226.9228973388672,318679900,190.22999572753906,191.83999633789062,187.41000366210938,191.60000610351562,191.60000610351562,100378600,437.2200012207031,439.239990234375,434.2200012207031,435.2699890136719,431.21942138671875,55167100,523.510009765625,524.9199829101562,521.1199951171875,523.8800048828125,514.260986328125,5612700,567.8400268554688,569.3099975585938,565.1699829101562,568.25,559.7703857421875,77503100
2024-09-23,227.33999633789062,229.4499969482422,225.80999755859375,226.47000122070312,225.2025604248047,54146000,191.63999938964844,194.4499969482422,190.57000732421875,193.8800048828125,193.8800048828125,36993100,434.2799987792969,436.4599914550781,430.3900146484375,433.510009765625,429.4758605957031,15128900,525.0,525.8300170898438,523.8300170898438,525.1699829101562,515.5272216796875,29289200,569.3400268554688,570.3300170898438,568.0999755859375,569.6699829101562,561.1691284179688,44116900
2024-09-24,228.64999389648438,229.35000610351562,225.72999572753906,227.3699951171875,226.09754943847656,43556100,194.27000427246094,195.3699951171875,190.1300048828125,193.9600067138672,193.9600067138672,43478900,433.0,433.3500061035156,426.1000061035156,429.1700134277344,425.17626953125,17015800,526.010009765625,526.8400268554688,523.3800048828125,526.6799926757812,517.009521484375,4650600,570.47998046875,571.3599853515625,567.5999755859375,571.2999877929688,562.77490234375,46805700
2024-09-25,224.92999267578125,227.2899932861328,224.02000427246094,226.3699951171875,225.10313415527344,42308700,193.75,193.9499969482422,192.16000366210938,192.52999877929688,192.52999877929688,26391100,429.8299865722656,433.1199951171875,428.57000732421875,432.1099853515625,428.0888671875,13396400,526.6099853515625,527.2999877929688,524.6500244140625,525.6099853515625,515.9591064453125,35418000,571.1400146484375,571.8900146484375,568.9099731445312,570.0399780273438,561.53369140625,38428600
2024-09-26,227.3000030517578,228.5,225.41000366210938,227.52000427246094,226.2467041015625,36636700,194.30999755859375,194.52999877929688,189.5399932861328,191.16000366210938,191.16000366210938,36334900,435.0899963378906,435.29998779296875,429.1300048828125,431.30999755859375,427.29632568359375,14492000,529.6699829101562,529.9199829101562,525.489990234375,527.7000122070312,518.0108032226562,5273900,574.3800048828125,574.7100219726562,569.9000244140625,572.2999877929688,563.7599487304688,48336000
2024-09-27,228.4600067138672,229.52000427246094,227.3000030517578,227.7899932861328,226.5151824951172,34026000,190.67999267578125,190.89999389648438,187.33999633789062,187.97000122070312,187.97000122070312,36002300,431.5199890136719,431.8500061035156,427.4700012207031,428.0199890136719,424.0368957519531,14896100,527.0900268554688,527.77001953125,524.3200073242188,525.3800048828125,517.3402099609375,5598600,573.3900146484375,574.219970703125,570.4199829101562,571.469970703125,562.9423217773438,42100900
2024-09-30,230.0399932861328,233.0,229.64999389648438,233.0,231.69602966308594,54541900,187.13999938964844,188.49000549316406,184.64999389648438,186.3300018310547,186.3300018310547,41583900,428.2099914550781,430.4200134277344,425.3699951171875,430.29998779296875,426.29571533203125,16807300,524.3200073242188,527.9600219726562,522.1900024414062,527.6699829101562,519.5951538085938,8013000,570.4199829101562,574.3800048828125,568.0800170898438,573.760009765625,565.1981811523438,63557400
2024-10-01,229.52000427246094,229.64999389648438,223.74000549316406,226.2100067138672,224.9440460205078,63285000,184.89999389648438,186.19000244140625,183.4499969482422,185.1300048828125,185.1300048828125,36044900,428.45001220703125,428.4800109863281,418.80999755859375,420.69000244140625,416.775146484375,19092900,527.0399780273438,527.0999755859375,520.22998046875,522.739990234375,514.7406005859375,9198700,573.4000244140625,574.0599975585938,566.0,568.6199951171875,560.1349487304688,72668800
2024-10-02,225.88999938964844,227.3699951171875,223.02000427246094,226.77999877929688,225.51083374023438,32880600,184.44000244140625,186.60000610351562,184.0399932861328,184.75999450683594,184.75999450683594,23704100,422.5799865722656,422.82000732421875,416.7099914550781,417.1300048828125,413.248291015625,16582300,521.8499755859375,523.8499755859375,519.5800170898438,522.8300170898438,514.8292236328125,3270600,567.7100219726562,569.9000244140625,565.27001953125,568.8599853515625,560.3712768554688,38097800
2024-10-03,225.13999938964844,226.80999755859375,223.32000732421875,225.6699981689453,224.4070587158203,34044200,183.0500030517578,183.44000244140625,180.8800048828125,181.9600067138672,181.9600067138672,30204300,417.6300048828125,419.54998779296875,414.2900085449219,416.5400085449219,412.66375732421875,13686400,521.5599975585938,523.760009765625,519.8200073242188,521.8400268554688,513.8544311523438,4008000,567.3599853515625,569.7999877929688,565.489990234375,567.8200073242188,559.3468017578125,40846500
2024-10-04,227.89999389648438,228.0,224.1300048828125,226.8000030517578,225.53073120117188,37245100,185.75,187.60000610351562,183.60000610351562,186.50999450683594,186.50999450683594,40890300,418.239990234375,419.75,414.9700012207031,416.05999755859375,412.188232421875,19169700,526.1599731445312,527.02001953125,522.2999877929688,526.6500244140625,518.5908813476562,5354400,572.3499755859375,573.3599853515625,568.0999755859375,572.97998046875,564.4298095703125,42939100
2024-10-07,224.5,225.69000244140625,221.3300018310547,221.69000244140625,220.4493408203125,39505400,182.9499969482422,183.60000610351562,180.25,180.8000030517578,180.8000030517578,42364200,416.0,417.1099853515625,409.0,409.5400085449219,405.7289123535156,20919800,525.1400146484375,525.719970703125,520.8099975585938,521.9099731445312,513.9232788085938,3970500,571.2999877929688,571.9600219726562,566.6300048828125,567.7999877929688,559.3270874023438,49964700
2024-10-08,224.3000030517578,225.97999572753906,223.25,225.77000427246094,224.50650024414062,31855700,181.9199981689453,183.08999633789062,180.9199981689453,182.72000122070312,182.72000122070312,26372100,410.8999938964844,415.6600036621094,408.1700134277344,414.7099914550781,410.8507995605469,19229300,524.3200073242188,527.3800048828125,523.5,526.8499755859375,518.7876586914062,2626700,570.4199829101562,573.780029296875,569.530029296875,573.1699829101562,564.6168823242188,37398700
2024-10-09,225.22999572753906,229.75,224.8300018310547,229.5399932861328,228.25540161132812,33591100,182.82000732421875,185.85000610351562,182.0500030517578,185.1699981689453,185.1699981689453,26343100,415.8599853515625,420.3800048828125,414.29998779296875,417.4599914550781,413.5751953125,14974300,526.8699951171875,531.030029296875,526.3099975585938,530.4500122070312,522.3326416015625,2941800,573.1599731445312,577.7100219726562,572.5499877929688,577.1400146484375,568.5277709960938,37912200
2024-10-10,227.77999877929688,229.5,227.1699981689453,229.0399932861328,227.75819396972656,28183500,187.1300048828125,188.1300048828125,185.8300018310547,186.64999389648438,186.64999389648438,27785000,415.2300109863281,417.3500061035156,413.1499938964844,415.8399963378906,411.97027587890625,13848400,529.27001953125,530.9000244140625,528.0900268554688,529.5599975585938,521.4562377929688,3637600,575.77001953125,577.5800170898438,574.489990234375,576.1300048828125,567.5327758789062,44138100
2024-10-11,229.3000030517578,229.41000366210938,227.33999633789062,227.5500030517578,226.2765350341797,31759200,186.6300048828125,189.92999267578125,186.3000030517578,188.82000732421875,188.82000732421875,25751600,416.1400146484375,417.1300048828125,413.25,416.32000732421875,412.4458312988281,14144900,529.5,533.4299926757812,529.3900146484375,532.7100219726562,524.55810546875,5429200,576.0499877929688,580.3300170898438,575.9099731445312,579.5800170898438,570.931396484375,42268000
2024-10-14,228.6999969482422,231.72999572753906,228.60000610351562,231.3000030517578,230.0055389404297,39882100,189.77999877929688,189.8300018310547,187.36000061035156,187.5399932861328,187.5399932861328,22614400,417.7699890136719,424.0400085449219,417.5199890136719,419.1400146484375,415.23956298828125,16653100,534.25,537.97998046875,533.969970703125,537.0700073242188,528.8513793945312,2638900,581.219970703125,585.27001953125,580.72998046875,584.3200073242188,575.6005249023438,36217200
2024-10-15,233.61000061035156,237.49000549316406,232.3699951171875,233.85000610351562,232.54127502441406,64751400,187.6300048828125,188.41000366210938,184.5800018310547,187.69000244140625,187.69000244140625,32178900,422.17999267578125,422.4800109863281,415.260009765625,418.739990234375,414.84326171875,18900200,537.3800048828125,537.6099853515625,531.8200073242188,532.97998046875,524.823974609375,4811300,584.5900268554688,584.9000244140625,578.5399780273438,579.780029296875,571.1283569335938,54203600
2024-10-16,231.60000610351562,232.1199951171875,229.83999633789062,231.77999877929688,230.48284912109375,34082200,187.0500030517578,187.77999877929688,185.61000061035156,186.88999938964844,186.88999938964844,23456800,415.1700134277344,416.3599853515625,410.4800109863281,416.1199951171875,412.2476806640625,15508900,532.9299926757812,535.72998046875,532.219970703125,535.219970703125,527.0296630859375,3237200,579.780029296875,582.8300170898438,578.9600219726562,582.2999877929688,573.6107788085938,30725400
2024-10-17,233.42999267578125,233.85000610351562,230.52000427246094,232.14999389648438,230.85079956054688,32993800,188.22000122070312,188.94000244140625,186.0,187.52999877929688,187.52999877929688,25039400,422.3599853515625,422.5,415.5899963378906,416.7200012207031,412.8420715332031,14820000,538.6199951171875,538.760009765625,535.1500244140625,535.2999877929688,527.1083984375,3225300,585.9099731445312,586.1199951171875,582.1599731445312,582.3499755859375,573.659912109375,34393700
2024-10-18,236.17999267578125,236.17999267578125,234.00999450683594,235.0,233.68484497070312,46431500,187.14999389648438,190.74000549316406,186.27999877929688,188.99000549316406,188.99000549316406,37417700,417.1400146484375,419.6499938964844,416.260009765625,418.1600036621094,414.2687072753906,17145300,536.9000244140625,538.0999755859375,535.5599975585938,537.3599853515625,529.1368408203125,5070400,584.0700073242188,585.3900146484375,582.5800170898438,584.5900268554688,575.8665771484375,37416800
2024-10-21,234.4499969482422,236.85000610351562,234.4499969482422,236.47999572753906,235.1565399169922,36254500,188.0500030517578,189.4600067138672,186.39999389648438,189.07000732421875,189.07000732421875,24639400,416.1199951171875,418.9599914550781,413.75,418.7799987792969,414.8829040527344,14206100,536.719970703125,537.6099853515625,533.7100219726562,536.530029296875,528.319580078125,3671400,583.8499755859375,584.8499755859375,580.5999755859375,583.6300048828125,574.9208984375,36439000
2024-10-22,233.88999938964844,236.22000122070312,232.60000610351562,235.86000061035156,234.5400390625,38846600,188.35000610351562,191.52000427246094,186.97999572753906,189.6999969482422,189.6999969482422,29650600,418.489990234375,430.5799865722656,418.0400085449219,427.510009765625,423.5317077636719,25482200,534.1099853515625,537.280029296875,533.469970703125,536.1599731445312,527.9552001953125,3366600,581.0499877929688,584.5,580.3800048828125,583.3200073242188,574.615478515625,34183800
2024-10-23,234.0800018310547,235.13999938964844,227.75999450683594,230.75999450683594,229.4685821533203,52287000,188.85000610351562,189.16000366210938,183.69000244140625,184.7100067138672,184.7100067138672,31937100,430.8599853515625,431.0799865722656,422.5299987792969,424.6000061035156,420.64874267578125,19654400,534.280029296875,534.719970703125,528.02001953125,531.27001953125,523.1400756835938,5227800,581.260009765625,581.7100219726562,574.4199829101562,577.989990234375,569.364990234375,49314600
2024-10-24,229.97999572753906,230.82000732421875,228.41000366210938,230.57000732421875,229.27963256835938,31109500,185.25,187.11000061035156,183.86000061035156,186.3800048828125,186.3800048828125,21647400,425.3299865722656,425.9800109863281,422.3999938964844,424.7300109863281,420.77752685546875,13581600,533.1699829101562,533.1799926757812,530.0399780273438,532.469970703125,524.3216552734375,4477800,579.97998046875,580.0599975585938,576.5700073242188,579.239990234375,570.596435546875,34979900
2024-10-25,229.74000549316406,233.22000122070312,229.57000732421875,231.41000366210938,230.11492919921875,38802300,187.85000610351562,190.4499969482422,187.52999877929688,187.8300018310547,187.8300018310547,29362100,426.760009765625,432.5199890136719,426.57000732421875,428.1499938964844,424.16571044921875,16899100,534.6500244140625,537.260009765625,531.4099731445312,532.260009765625,524.1149291992188,4327200,581.510009765625,584.4600219726562,578.0800170898438,579.0399780273438,570.3994140625,47268200
2024-10-28,233.32000732421875,234.72999572753906,232.5500030517578,233.39999389648438,232.09378051757812,36087100,189.57000732421875,190.2100067138672,188.2100067138672,188.38999938964844,188.38999938964844,27930800,431.6600036621094,431.94000244140625,426.29998779296875,426.5899963378906,422.6202392578125,14882400,535.530029296875,535.5700073242188,533.6699829101562,533.9199829101562,525.74951171875,3408000,582.5800170898438,582.7100219726562,580.52001953125,580.8300170898438,572.1627197265625,30174700
2024-10-29,233.10000610351562,234.3300018310547,232.32000732421875,233.6699981689453,232.36227416992188,35417200,188.5800018310547,191.4600067138672,187.82000732421875,190.8300018310547,190.8300018310547,35690200,428.0,433.1700134277344,425.79998779296875,431.95001220703125,427.93035888671875,17644100,533.1199951171875,535.8200073242188,531.75,534.77001953125,526.5864868164062,3027600,579.8499755859375,582.9099731445312,578.4299926757812,581.77001953125,573.0886840820312,42899700
2024-10-30,232.61000061035156,233.47000122070312,229.5500030517578,230.10000610351562,228.812255859375,47070900,194.6999969482422,195.61000061035156,192.4199981689453,192.72999572753906,192.72999572753906,37707600,437.44000244140625,438.5,432.1000061035156,432.5299987792969,428.5049743652344,29749100,534.3499755859375,536.2000122070312,532.5900268554688,533.1599731445312,525.0010986328125,3067000,581.2899780273438,583.3200073242188,579.2899780273438,580.010009765625,571.3548583984375,41435800
2024-10-31,229.33999633789062,229.8300018310547,225.3699951171875,225.91000366210938,224.64572143554688,64370100,190.50999450683594,190.60000610351562,185.22999572753906,186.39999389648438,186.39999389648438,75146800,415.3599853515625,416.1600036621094,406.29998779296875,406.3500061035156,402.5686340332031,53971000,529.0900268554688,529.22998046875,522.510009765625,522.6699829101562,514.671630859375,7972800,575.5599975585938,575.6300048828125,568.4400024414062,568.6400146484375,560.1546020507812,60182500
2024-11-01,220.97000122070312,225.35000610351562,220.27000427246094,222.91000366210938,221.6625213623047,65276700,199.0,200.5,197.02000427246094,197.92999267578125,197.92999267578125,99687800,409.010009765625,415.5,407.5,410.3699951171875,406.5511779785156,24230400,525.1599731445312,529.0800170898438,524.5399780273438,524.9400024414062,516.906982421875,6106900,571.3200073242188,575.5499877929688,570.6199951171875,571.0399780273438,562.5187377929688,45667500
2024-11-04,220.99000549316406,222.7899932861328,219.7100067138672,222.00999450683594,220.76751708984375,44944500,196.4499969482422,197.3300018310547,194.30999755859375,195.77999877929688,195.77999877929688,38492100,409.79998779296875,410.4200134277344,405.57000732421875,408.4599914550781,404.658935546875,19672300,525.0599975585938,526.280029296875,522.030029296875,523.7999877929688,515.7844848632812,3681500,571.1799926757812,572.5,567.8900146484375,569.8099975585938,561.3070678710938,38217000
2024-11-05,221.8000030517578,223.9499969482422,221.13999938964844,223.4499969482422,222.19947814941406,28111300,196.0399932861328,199.82000732421875,195.99000549316406,199.5,199.5,30564800,408.3699951171875,414.8999938964844,408.0799865722656,411.4599914550781,407.63104248046875,17626000,524.719970703125,530.1699829101562,524.47998046875,530.0999755859375,521.9879150390625,3300300,570.739990234375,576.739990234375,570.52001953125,576.7000122070312,568.0943603515625,39478300
2024-11-06,222.61000061035156,226.07000732421875,221.19000244140625,222.72000122070312,221.4735565185547,54561100,200.00999450683594,207.5500030517578,199.13999938964844,207.08999633789062,207.08999633789062,72292200,412.4200134277344,420.45001220703125,410.5199890136719,420.17999267578125,416.2698974609375,26681800,541.6500244140625,544.1400146484375,538.1699829101562,543.2999877929688,534.9860229492188,7483300,589.2000122070312,591.9299926757812,585.3900146484375,591.0399780273438,582.2202758789062,68182000
2024-11-07,224.6300048828125,227.8800048828125,224.57000732421875,227.47999572753906,226.2069091796875,42137700,207.44000244140625,212.25,207.19000244140625,210.0500030517578,210.0500030517578,52878400,421.2799987792969,426.8500061035156,419.8800048828125,425.42999267578125,421.4710388183594,19901800,545.219970703125,548.47998046875,545.1500244140625,547.530029296875,539.1513061523438,6051300,593.0800170898438,596.6500244140625,593.0,595.6099853515625,586.72216796875,47233200
2024-11-08,227.1699981689453,228.66000366210938,226.41000366210938,226.9600067138672,225.93814086914062,38328800,209.72000122070312,209.9600067138672,207.44000244140625,208.17999267578125,208.17999267578125,36075800,425.32000732421875,426.5,421.7799987792969,422.5400085449219,418.6079406738281,16891400,548.0700073242188,551.239990234375,548.0599975585938,549.9500122070312,541.5342407226562,6798000,596.1699829101562,599.6400146484375,596.1699829101562,598.1900024414062,589.2636108398438,46444900
2024-11-11,225.0,225.6999969482422,221.5,224.22999572753906,223.22042846679688,42005600,208.5,209.64999389648438,205.58999633789062,206.83999633789062,206.83999633789062,35456000,422.5199890136719,424.80999755859375,416.0,418.010009765625,414.1200866699219,24503300,551.4299926757812,551.72998046875,548.8499755859375,550.4000244140625,541.9773559570312,4893100,599.8099975585938,600.1699829101562,597.0,598.760009765625,589.8251342773438,37586800
2024-11-12,224.5500030517578,225.58999633789062,223.36000061035156,224.22999572753906,223.22042846679688,40398300,208.3699951171875,209.5399932861328,206.00999450683594,208.91000366210938,208.91000366210938,38942900,418.25,424.44000244140625,417.20001220703125,423.0299987792969,419.0933837890625,19401200,550.3900146484375,550.9400024414062,546.4299926757812,548.75,540.3526000976562,4818600,598.6799926757812,599.2899780273438,594.3699951171875,596.9000244140625,587.9928588867188,43006100
2024-11-13,224.00999450683594,226.64999389648438,222.75999450683594,225.1199951171875,224.10643005371094,48566200,209.39999389648438,215.08999633789062,209.13999938964844,214.10000610351562,214.10000610351562,46212900,421.6400146484375,429.3299865722656,418.2099914550781,425.20001220703125,421.2431945800781,21502200,549.1599731445312,550.8800048828125,546.969970703125,549.030029296875,540.6283569335938,3701600,597.3699951171875,599.22998046875,594.9600219726562,597.1900024414062,588.2785034179688,47388600
2024-11-14,225.02000427246094,228.8699951171875,225.0,228.22000122070312,227.1924591064453,44923900,214.16000366210938,215.89999389648438,210.8800048828125,211.47999572753906,211.47999572753906,42620300,425.0,428.1700134277344,420.0,426.8900146484375,422.91748046875,30246900,549.0999755859375,549.5700073242188,544.8800048828125,545.5399780273438,537.191650390625,3940300,597.3200073242188,597.8099975585938,592.6500244140625,593.3499755859375,584.495849609375,38904100
2024-11-15,226.39999389648438,226.9199981689453,224.27000427246094,225.0,223.9869384765625,47923700,206.75999450683594,207.33999633789062,199.61000061035156,202.61000061035156,202.61000061035156,86591100,419.82000732421875,422.79998779296875,413.6400146484375,415.0,411.1380920410156,28247600,542.1300048828125,542.5700073242188,536.75,538.5,530.2594604492188,7360100,589.719970703125,590.2000122070312,583.8599853515625,585.75,577.00927734375,75988800
2024-11-18,225.25,229.74000549316406,225.1699981689453,228.02000427246094,226.9933624267578,44633700,204.14999389648438,204.6699981689453,200.9499969482422,201.6999969482422,201.6999969482422,36409900,414.8699951171875,418.3999938964844,412.1000061035156,415.760009765625,411.89105224609375,24727000,538.9199829101562,541.9299926757812,538.1500244140625,540.72998046875,532.455322265625,4494500,586.219970703125,589.489990234375,585.3400268554688,588.1500244140625,579.3734741210938,37001700
2024-11-19,226.97999572753906,230.16000366210938,226.66000366210938,228.27999877929688,227.252197265625,36211800,199.3300018310547,205.3000030517578,198.77999877929688,204.61000061035156,204.61000061035156,31197900,413.1099853515625,417.94000244140625,411.54998779296875,417.7900085449219,413.90216064453125,18133500,537.5,543.3699951171875,536.9000244140625,542.7000122070312,534.3952026367188,6978400,584.7100219726562,591.0399780273438,584.030029296875,590.2999877929688,581.4913940429688,49412000
2024-11-20,228.05999755859375,229.92999267578125,225.88999938964844,229.0,227.9689483642578,35169600,202.97999572753906,203.1300048828125,199.4499969482422,202.8800048828125,202.8800048828125,32769000,416.8699951171875,417.2900085449219,410.5799865722656,415.489990234375,411.62353515625,19191700,542.780029296875,543.0700073242188,537.4400024414062,542.9000244140625,534.5921020507812,3949100,590.3800048828125,590.7899780273438,584.6300048828125,590.5,581.6884155273438,50032600
2024-11-21,228.8800048828125,230.16000366210938,225.7100067138672,228.52000427246094,227.49110412597656,42108300,203.49000549316406,203.49000549316406,195.75,198.3800048828125,198.3800048828125,58800000,419.5,419.7799987792969,410.2900085449219,412.8699951171875,409.8466491699219,20780200,545.5800170898438,547.0700073242188,540.0399780273438,545.6400146484375,537.2902221679688,4530600,593.4000244140625,595.1199951171875,587.4500122070312,593.6699829101562,584.81103515625,46750300
2024-11-22,228.05999755859375,230.72000122070312,228.05999755859375,229.8699951171875,228.8350372314453,38168300,198.25,199.25999450683594,196.75,197.1199951171875,197.1199951171875,31530800,411.3699951171875,417.3999938964844,411.05999755859375,417.0,413.9464111328125,24814600,545.8200073242188,548.0499877929688,545.3699951171875,547.469970703125,539.0921630859375,5574600,593.6599731445312,596.1500244140625,593.1500244140625,595.510009765625,586.6235961914062,38226400
2024-11-25,231.4600067138672,233.25,229.74000549316406,232.8699951171875,231.82151794433594,90152800,199.27999877929688,201.9499969482422,199.0,201.4499969482422,201.4499969482422,40685700,418.3800048828125,421.0799865722656,414.8500061035156,418.7900085449219,415.7232971191406,27691100,551.2000122070312,552.3800048828125,547.2000122070312,549.22998046875,540.8251953125,4305000,599.52001953125,600.8599853515625,595.2000122070312,597.530029296875,588.6134643554688,42441400
2024-11-26,233.3300018310547,235.57000732421875,233.3300018310547,235.05999755859375,234.0016632080078,45986200,201.89999389648438,208.0,201.7899932861328,207.86000061035156,207.86000061035156,41673700,419.5899963378906,429.0400085449219,418.8500061035156,427.989990234375,424.8559265136719,23458900,550.5,552.8200073242188,549.8499755859375,552.3099975585938,543.8580932617188,4438600,598.7999877929688,601.3300170898438,598.0700073242188,600.6500244140625,591.6868896484375,45621300
2024-11-27,234.47000122070312,235.69000244140625,233.80999755859375,234.92999267578125,233.8722686767578,33498400,206.97999572753906,207.63999938964844,205.0500030517578,205.74000549316406,205.74000549316406,28061600,425.1099853515625,427.2300109863281,422.0199890136719,422.989990234375,419.89251708984375,18332400,552.0399780273438,552.3800048828125,549.1099853515625,550.5499877929688,542.125,3312200,600.4600219726562,600.8499755859375,597.280029296875,598.8300170898438,589.8941040039062,34000200
2024-11-29,234.80999755859375,237.80999755859375,233.97000122070312,237.3300018310547,236.26145935058594,28481400,205.8300018310547,208.1999969482422,204.58999633789062,207.88999938964844,207.88999938964844,24892400,420.0899963378906,424.8800048828125,417.79998779296875,423.4599914550781,420.3591003417969,16271900,551.2899780273438,554.7000122070312,551.0700073242188,553.4500122070312,544.980712890625,3988700,599.6599731445312,603.3499755859375,599.3800048828125,602.5499877929688,593.5585327148438,30177400
2024-12-02,237.27000427246094,240.7899932861328,237.16000366210938,239.58999633789062,238.51126098632812,48137100,209.9600067138672,212.99000549316406,209.50999450683594,210.7100067138672,210.7100067138672,39523200,421.57000732421875,433.0,421.30999755859375,430.9800109863281,427.8240051269531,20207200,554.3599853515625,555.5700073242188,553.8900146484375,555.010009765625,546.5167846679688,5441000,602.969970703125,604.3200073242188,602.469970703125,603.6300048828125,594.6223754882812,31746000
2024-12-03,239.80999755859375,242.75999450683594,238.89999389648438,242.64999389648438,241.5574951171875,38861000,210.30999755859375,214.02000427246094,209.64999389648438,213.44000244140625,213.44000244140625,32214800,429.8399963378906,432.4700012207031,427.739990234375,431.20001220703125,428.04241943359375,18302000,554.7999877929688,555.4299926757812,553.7899780273438,555.1400146484375,546.644775390625,4202900,603.3900146484375,604.1599731445312,602.3400268554688,603.9099731445312,594.8983154296875,26906600
2024-12-04,242.8699951171875,244.11000061035156,241.25,243.00999450683594,241.91587829589844,44383900,215.9600067138672,220.0,215.75,218.16000366210938,218.16000366210938,48745700,433.0299987792969,439.6700134277344,432.6300048828125,437.4200134277344,434.21685791015625,26009400,556.8300170898438,558.8800048828125,556.1699829101562,558.6400146484375,550.0912475585938,5490300,605.6300048828125,607.9099731445312,604.9500122070312,607.6599731445312,598.59228515625,42787600
2024-12-05,243.99000549316406,244.5399932861328,242.1300048828125,243.0399932861328,241.94573974609375,40033900,218.02999877929688,222.14999389648438,217.3000030517578,220.5500030517578,220.5500030517578,41140200,437.9200134277344,444.6600036621094,436.1700134277344,442.6199951171875,439.3787841796875,21697800,558.6300048828125,559.4099731445312,557.4600219726562,557.7100219726562,549.1754760742188,3021600,607.6599731445312,608.47998046875,606.2999877929688,606.6599731445312,597.607177734375,28762200
2024-12-06,242.91000366210938,244.6300048828125,242.0800018310547,242.83999633789062,241.74664306640625,36870600,220.75,227.14999389648438,220.60000610351562,227.02999877929688,227.02999877929688,44178100,442.29998779296875,446.1000061035156,441.7699890136719,443.57000732421875,440.32183837890625,18821000,558.469970703125,559.9600219726562,558.0800170898438,558.8200073242188,550.2685546875,5134900,607.4400024414062,609.0700073242188,607.02001953125,607.8099975585938,598.7401123046875,31241500
2024-12-09,241.8300018310547,247.24000549316406,241.75,246.75,245.6390380859375,44649200,227.2100067138672,230.0800018310547,225.6699981689453,226.08999633789062,226.08999633789062,46819400,442.6000061035156,448.3299865722656,440.5,446.0199890136719,442.7538757324219,19144400,558.7100219726562,558.8699951171875,555.3800048828125,555.9099731445312,547.4029541015625,4412300,607.6900024414062,607.8599853515625,604.0800170898438,604.6799926757812,595.6567993164062,34742700
2024-12-10,246.88999938964844,248.2100067138672,245.33999633789062,247.77000427246094,246.65443420410156,36914800,226.08999633789062,229.05999755859375,224.1999969482422,225.0399932861328,225.0399932861328,31199900,444.3900146484375,449.6199951171875,441.6000061035156,443.3299865722656,440.0835876464844,18469500,556.5800170898438,556.8800048828125,553.5700073242188,554.3300170898438,545.8472290039062,4110100,605.3699951171875,605.7999877929688,602.1300048828125,602.7999877929688,593.8048706054688,37234500
2024-12-11,247.9600067138672,250.8000030517578,246.25999450683594,246.49000549316406,245.3802032470703,45205800,226.41000366210938,231.1999969482422,226.25999450683594,230.25999450683594,230.25999450683594,35385800,444.04998779296875,450.3500061035156,444.04998779296875,448.989990234375,445.7021789550781,19200200,556.9199829101562,559.3900146484375,556.6599731445312,558.530029296875,549.98291015625,3514400,605.780029296875,608.4299926757812,605.5,607.4600219726562,598.395263671875,28677700
2024-12-12,246.88999938964844,248.74000549316406,245.67999267578125,247.9600067138672,246.84359741210938,32777500,229.8300018310547,231.08999633789062,227.6300048828125,228.97000122070312,228.97000122070312,28204100,449.1099853515625,456.1600036621094,449.1099853515625,449.55999755859375,446.26800537109375,20834800,557.6699829101562,558.2000122070312,555.6199951171875,555.6500244140625,547.1470336914062,4048600,606.5800170898438,607.1599731445312,604.3300170898438,604.3300170898438,595.3120727539062,31543800
2024-12-13,247.82000732421875,249.2899932861328,246.24000549316406,248.1300048828125,247.01283264160156,33155300,228.39999389648438,230.1999969482422,225.86000061035156,227.4600067138672,227.4600067138672,28768100,448.44000244140625,451.42999267578125,445.5799865722656,447.2699890136719,443.9947204589844,20177800,557.510009765625,558.1599731445312,554.2000122070312,555.6099853515625,547.1076049804688,4666900,606.4000244140625,607.1300048828125,602.8099975585938,604.2100219726562,595.1937255859375,35904700
2024-12-16,247.99000549316406,251.3800048828125,247.64999389648438,251.0399932861328,249.9097137451172,51694800,230.22999572753906,233.0,228.00999450683594,232.92999267578125,232.92999267578125,37552100,447.2699890136719,452.17999267578125,445.2799987792969,451.5899963378906,448.2831115722656,23598800,557.1300048828125,558.7999877929688,556.4199829101562,557.7899780273438,549.2542724609375,22846800,606.0,607.780029296875,605.2100219726562,606.7899780273438,597.7352905273438,43695200
2024-12-17,250.0800018310547,253.8300018310547,249.77999877929688,253.47999572753906,252.33872985839844,51356400,232.38999938964844,232.72999572753906,227.85000610351562,231.14999389648438,231.14999389648438,35948100,451.010009765625,455.2900085449219,449.57000732421875,454.4599914550781,451.132080078125,22733500,555.469970703125,556.3900146484375,554.2899780273438,555.4500122070312,546.9500732421875,6110900,604.1900024414062,605.1699829101562,602.8900146484375,604.2899780273438,595.2726440429688,55773500
2024-12-18,252.16000366210938,254.27999877929688,247.74000549316406,248.0500030517578,246.9331817626953,56774100,230.77000427246094,231.39999389648438,220.11000061035156,220.52000427246094,220.52000427246094,43281400,451.32000732421875,452.6499938964844,437.0199890136719,437.3900146484375,434.18707275390625,24444500,555.2999877929688,557.530029296875,538.530029296875,539.1400146484375,530.8897094726562,24584900,603.97998046875,606.4099731445312,585.8900146484375,586.280029296875,577.5313720703125,108248700
2024-12-19,247.5,252.0,247.08999633789062,249.7899932861328,248.6653594970703,60882300,224.91000366210938,226.08999633789062,222.9199981689453,223.2899932861328,223.2899932861328,39918700,441.6199951171875,443.17999267578125,436.32000732421875,437.0299987792969,433.8297424316406,22963700,543.6900024414062,545.0999755859375,538.6500244140625,538.9400024414062,530.6927490234375,16792100,591.3599853515625,593.0,585.8499755859375,586.0999755859375,577.35400390625,85919500
2024-12-20,248.0399932861328,255.0,245.69000244140625,254.49000549316406,253.3441925048828,147495300,219.83999633789062,226.2100067138672,218.72999572753906,224.9199981689453,224.9199981689453,88279200,433.1099853515625,443.739990234375,428.6300048828125,436.6000061035156,433.40289306640625,64263700,536.6099853515625,549.5399780273438,535.8499755859375,545.0399780273438,536.6993408203125,9389400,581.77001953125,595.75,580.9099731445312,591.1500244140625,584.2886352539062,125716700
2024-12-23,254.77000427246094,255.64999389648438,253.4499969482422,255.27000427246094,254.1206817626953,40858800,225.00999450683594,226.8800048828125,223.89999389648438,225.05999755859375,225.05999755859375,28070000,436.739990234375,437.6499938964844,432.8299865722656,435.25,432.0627746582031,19152500,543.3099975585938,547.3599853515625,540.3200073242188,547.1900024414062,540.5411376953125,7063400,590.8900146484375,595.2999877929688,587.6599731445312,594.6900024414062,587.7875366210938,57635800
2024-12-24,255.49000549316406,258.2099914550781,255.2899932861328,258.20001220703125,257.0374755859375,23234700,226.94000244140625,229.13999938964844,226.1300048828125,229.0500030517578,229.0500030517578,15007500,434.6499938964844,439.6000061035156,434.19000244140625,439.3299865722656,436.1128845214844,7164500,548.0599975585938,552.9000244140625,547.5399780273438,552.8200073242188,546.1027221679688,3439300,596.0599975585938,601.3400268554688,595.469970703125,601.2999877929688,594.32080078125,33160100
2024-12-26,258.19000244140625,260.1000061035156,257.6300048828125,259.0199890136719,257.853759765625,27237100,228.5,228.5,226.6699981689453,227.0500030517578,227.0500030517578,16146700,439.0799865722656,440.94000244140625,436.6300048828125,438.1099853515625,434.90179443359375,8194200,551.2000122070312,553.969970703125,549.9199829101562,552.8099975585938,546.0928344726562,4492000,599.5,602.47998046875,598.0800170898438,601.3400268554688,594.3603515625,41219100
2024-12-27,257.8299865722656,258.70001220703125,253.05999755859375,255.58999633789062,254.43922424316406,42355300,225.60000610351562,226.02999877929688,220.89999389648438,223.75,223.75,27367100,434.6000061035156,435.2200012207031,426.3500061035156,430.5299987792969,427.3773193359375,18117700,549.3699951171875,549.6199951171875,543.2000122070312,547.0800170898438,540.4324340820312,7077100,597.5399780273438,597.780029296875,590.760009765625,595.010009765625,588.1038208007812,64969300
2024-12-30,252.22999572753906,253.5,250.75,252.1999969482422,251.0644989013672,35557500,220.05999755859375,223.0,218.42999267578125,221.3000030517578,221.3000030517578,28321200,426.05999755859375,427.54998779296875,421.8999938964844,424.8299865722656,421.7190246582031,13158700,540.5599975585938,544.0900268554688,537.4000244140625,540.989990234375,534.4164428710938,6505100,587.8900146484375,591.739990234375,584.4099731445312,588.219970703125,581.392578125,56578800
2024-12-31,252.44000244140625,253.27999877929688,249.42999267578125,250.4199981689453,249.2925262451172,39480700,222.97000122070312,223.22999572753906,218.94000244140625,219.38999938964844,219.38999938964844,24819700,426.1000061035156,426.7300109863281,420.6600036621094,421.5,418.4134521484375,13246500,542.4500122070312,543.0700073242188,537.4000244140625,538.8099975585938,532.2628784179688,6040800,589.9099731445312,590.6400146484375,584.4199829101562,586.0800170898438,579.2774047851562,57052700
2025-01-02,248.92999267578125,249.10000610351562,241.82000732421875,243.85000610351562,242.7521209716797,55740700,222.02999877929688,225.14999389648438,218.19000244140625,220.22000122070312,220.22000122070312,33956600,425.5299987792969,426.07000732421875,414.8500061035156,418.5799865722656,415.51483154296875,16896500,542.02001953125,543.5399780273438,533.7899780273438,537.4600219726562,530.9293823242188,7142700,589.3900146484375,591.1300048828125,580.5,584.6400146484375,577.8541870117188,50204000
2025-01-03,243.36000061035156,244.17999267578125,241.88999938964844,243.36000061035156,242.26431274414062,40244100,222.50999450683594,225.36000061035156,221.6199951171875,224.19000244140625,224.19000244140625,27515600,421.0799865722656,424.0299987792969,419.5400085449219,423.3500061035156,420.24993896484375,16662900,540.1900024414062,544.8800048828125,539.2000122070312,544.4000244140625,537.7850341796875,6416300,587.530029296875,592.5999755859375,586.4299926757812,591.9500122070312,585.0792846679688,37888500
2025-01-06,244.30999755859375,247.3300018310547,243.1999969482422,245.0,243.89691162109375,45045600,226.77999877929688,228.83999633789062,224.83999633789062,227.61000061035156,227.61000061035156,31849800,428.0,434.32000732421875,425.4800109863281,427.8500061035156,424.71697998046875,20573600,548.280029296875,551.4299926757812,545.8200073242188,547.5700073242188,540.9165649414062,5983400,596.27001953125,599.7000122070312,593.5999755859375,595.3599853515625,588.4497680664062,47679400
2025-01-07,242.97999572753906,245.5500030517578,241.35000610351562,242.2100067138672,241.11949157714844,40856000,227.89999389648438,228.3800048828125,221.4600067138672,222.11000061035156,222.11000061035156,28084200,429.0,430.6499938964844,420.79998779296875,422.3699951171875,419.2770690917969,18139100,549.3200073242188,549.5999755859375,539.5599975585938,541.4099731445312,534.831298828125,5383200,597.4199829101562,597.75,586.780029296875,588.6300048828125,581.7979125976562,60393100
2025-01-08,241.9199981689453,243.7100067138672,240.0500030517578,242.6999969482422,241.6072540283203,37628900,223.19000244140625,223.52000427246094,220.1999969482422,222.1300048828125,222.1300048828125,25033300,423.4599914550781,426.9700012207031,421.5400085449219,424.55999755859375,421.4510192871094,15054600,541.3200073242188,543.0,538.0800170898438,542.1400146484375,535.552490234375,4317000,588.7000122070312,590.5800170898438,585.2000122070312,589.489990234375,582.6478271484375,47304700
2025-01-10,240.00999450683594,240.16000366210938,233.0,236.85000610351562,235.7836151123047,61710900,221.4600067138672,221.7100067138672,216.5,218.94000244140625,218.94000244140625,36811500,424.6300048828125,424.7099914550781,415.0199890136719,418.95001220703125,415.88214111328125,20201100,538.7100219726562,538.75,532.0,533.8900146484375,527.4027099609375,7935200,585.8800048828125,585.9500122070312,578.5499877929688,580.489990234375,573.7522583007812,73105000
2025-01-13,233.52999877929688,234.6699981689453,229.72000122070312,234.39999389648438,233.34463500976562,49630700,218.05999755859375,219.39999389648438,216.47000122070312,218.4600067138672,218.4600067138672,27262700,415.239990234375,418.5,412.2900085449219,417.19000244140625,414.135009765625,17604800,529.4000244140625,534.9099731445312,529.02001953125,534.5800170898438,528.0843505859375,5621000,575.77001953125,581.75,575.3499755859375,581.3900146484375,574.6419067382812,47910100
2025-01-14,234.75,236.1199951171875,232.47000122070312,233.27999877929688,232.22967529296875,39435300,220.44000244140625,221.82000732421875,216.1999969482422,217.75999450683594,217.75999450683594,24711700,417.80999755859375,419.739990234375,410.7200012207031,415.6700134277344,412.62615966796875,16935900,537.3200073242188,537.9099731445312,531.8099975585938,535.260009765625,528.756103515625,8820000,584.3599853515625,585.0,578.3499755859375,582.1900024414062,575.4326171875,48420600
2025-01-15,234.63999938964844,238.9600067138672,234.42999267578125,237.8699951171875,236.7989959716797,39832000,222.8300018310547,223.57000732421875,220.75,223.35000610351562,223.35000610351562,31291300,419.1300048828125,428.1499938964844,418.2699890136719,426.30999755859375,423.1882019042969,19637800,542.8400268554688,546.1300048828125,541.760009765625,545.0499877929688,538.4271240234375,5307300,590.3300170898438,593.9400024414062,589.2000122070312,592.780029296875,585.8997802734375,56900200
2025-01-16,237.35000610351562,238.00999450683594,228.02999877929688,228.25999450683594,227.2322998046875,71759100,224.4199981689453,224.64999389648438,220.30999755859375,220.66000366210938,220.66000366210938,24757300,428.70001220703125,429.489990234375,424.3900146484375,424.5799865722656,421.47088623046875,15300000,546.3499755859375,546.510009765625,543.3900146484375,544.239990234375,537.626953125,3632800,594.1699829101562,594.3499755859375,590.9299926757812,591.6400146484375,584.77294921875,43319700
2025-01-17,232.1199951171875,232.2899932861328,228.47999572753906,229.97999572753906,228.9445343017578,68488300,225.83999633789062,226.50999450683594,223.0800018310547,225.94000244140625,225.94000244140625,42370100,434.0899963378906,434.4800109863281,428.1700134277344,429.0299987792969,425.8883056640625,26197500,548.9199829101562,551.1199951171875,547.6799926757812,549.4600219726562,542.7835083007812,6558700,596.9600219726562,599.3599853515625,595.6099853515625,597.5800170898438,590.64404296875,58070600
2025-01-21,224.0,224.4199981689453,219.3800048828125,222.63999938964844,221.63758850097656,98070400,228.89999389648438,231.77999877929688,226.94000244140625,230.7100067138672,230.7100067138672,39951500,430.20001220703125,430.8999938964844,425.6000061035156,428.5,425.3621826171875,26085700,552.3200073242188,554.4600219726562,550.5,554.4600219726562,547.7227783203125,5301700,600.6699829101562,603.0599975585938,598.6699829101562,603.0499877929688,596.0504760742188,42532900
2025-01-22,219.7899932861328,224.1199951171875,219.7899932861328,223.8300018310547,222.8222198486328,64126500,232.02000427246094,235.44000244140625,231.19000244140625,235.00999450683594,235.00999450683594,41448200,437.55999755859375,447.2699890136719,436.0,446.20001220703125,442.9326171875,27803800,557.1900024414062,558.9299926757812,556.72998046875,557.6099853515625,550.8345336914062,4780000,605.9199829101562,607.8200073242188,605.3599853515625,606.4400024414062,599.4011840820312,48196000
2025-01-23,224.74000549316406,227.02999877929688,222.3000030517578,223.66000366210938,222.6529998779297,60234800,234.10000610351562,235.52000427246094,231.50999450683594,235.4199981689453,235.4199981689453,26404400,442.0,446.75,441.5,446.7099914550781,443.4388122558594,18389300,557.0399780273438,560.7000122070312,556.7999877929688,560.7000122070312,553.886962890625,6217900,605.7999877929688,609.75,605.52001953125,609.75,602.6727294921875,41152100
2025-01-24,224.77999877929688,225.6300048828125,221.41000366210938,222.77999877929688,221.77694702148438,54697900,234.5,236.39999389648438,232.92999267578125,234.85000610351562,234.85000610351562,25890700,445.1600036621094,446.6499938964844,441.3999938964844,444.05999755859375,440.8082275390625,15549500,560.760009765625,561.6599731445312,558.02001953125,559.010009765625,552.217529296875,3612100,609.8099975585938,610.780029296875,606.7999877929688,607.969970703125,600.913330078125,34604700
2025-01-27,224.02000427246094,232.14999389648438,223.97999572753906,229.86000061035156,228.82508850097656,94863400,226.2100067138672,235.61000061035156,225.86000061035156,235.4199981689453,235.4199981689453,49428300,424.010009765625,435.20001220703125,423.5,434.55999755859375,431.3778381347656,35647800,546.9299926757812,551.3900146484375,546.8300170898438,551.22998046875,544.5320434570312,7617400,594.8099975585938,599.6900024414062,594.6400146484375,599.3699951171875,592.4132080078125,70361100
2025-01-28,230.85000610351562,240.19000244140625,230.80999755859375,238.25999450683594,237.187255859375,75707600,234.2899932861328,241.77000427246094,233.97999572753906,238.14999389648438,238.14999389648438,41587200,434.6000061035156,448.3800048828125,431.3800048828125,447.20001220703125,443.9252624511719,23491700,552.2999877929688,556.6500244140625,549.219970703125,555.8499755859375,549.0958862304688,4164700,600.6199951171875,605.3699951171875,597.25,604.52001953125,597.50341796875,44433300
2025-01-29,234.1199951171875,239.86000061035156,234.00999450683594,239.36000061035156,238.28231811523438,45486100,239.02000427246094,240.38999938964844,236.14999389648438,237.07000732421875,237.07000732421875,26091700,446.69000244140625,446.8800048828125,440.3999938964844,442.3299865722656,439.0909118652344,23581400,555.1699829101562,555.5,550.969970703125,553.4099731445312,546.6854858398438,4174500,603.719970703125,604.1300048828125,599.219970703125,601.8099975585938,594.8248291015625,37177400
2025-01-30,238.6699981689453,240.7899932861328,237.2100067138672,237.58999633789062,236.520263671875,55658300,237.13999938964844,237.9499969482422,232.22000122070312,234.63999938964844,234.63999938964844,32020700,418.7699890136719,422.8599853515625,413.1600036621094,414.989990234375,411.95111083984375,54586300,555.3699951171875,557.780029296875,552.3800048828125,556.2999877929688,549.5403442382812,4296500,603.9600219726562,606.5999755859375,600.719970703125,605.0399780273438,598.0173950195312,39281300
2025-01-31,247.19000244140625,247.19000244140625,233.44000244140625,236.0,234.93743896484375,100959800,236.5,240.2899932861328,236.41000366210938,237.67999267578125,237.67999267578125,36110200,418.9800109863281,420.69000244140625,414.9100036621094,415.05999755859375,412.0205993652344,34161900,558.6199951171875,560.8900146484375,552.7100219726562,553.3300170898438,546.6065063476562,6233900,607.5,609.9600219726562,601.0499877929688,601.8200073242188,594.8347778320312,66566900
2025-02-03,229.99000549316406,231.8300018310547,225.6999969482422,228.00999450683594,226.98341369628906,73063300,234.05999755859375,239.25,232.89999389648438,237.4199981689453,237.4199981689453,37285900,411.6000061035156,415.4100036621094,408.6600036621094,410.9200134277344,407.91094970703125,25679100,544.989990234375,551.9600219726562,542.97998046875,549.7000122070312,543.0206298828125,7824000,592.6699829101562,600.2899780273438,590.489990234375,597.77001953125,590.831787109375,65857200
2025-02-04,227.25,233.1300048828125,226.64999389648438,232.8000030517578,231.75184631347656,45067300,239.00999450683594,242.52000427246094,238.02999877929688,242.05999755859375,242.05999755859375,29713800,412.69000244140625,413.9200134277344,409.739990234375,412.3699951171875,409.35028076171875,20532100,549.7000122070312,553.8300170898438,549.22998046875,553.3499755859375,546.626220703125,4181400,597.8300170898438,602.2999877929688,597.280029296875,601.780029296875,594.7952270507812,33457800
2025-02-05,228.52999877929688,232.6699981689453,228.27000427246094,232.47000122070312,231.42332458496094,39620300,237.02000427246094,238.32000732421875,235.1999969482422,236.1699981689453,236.1699981689453,38727300,412.3500061035156,413.8299865722656,410.3999938964844,413.2900085449219,410.2635803222656,16316700,552.3400268554688,555.72998046875,550.4099731445312,555.6199951171875,548.86865234375,3424200,600.6400146484375,604.3699951171875,598.5800170898438,604.219970703125,597.2068481445312,30653100
2025-02-06,231.2899932861328,233.8000030517578,230.42999267578125,233.22000122070312,232.16995239257812,29925300,238.00999450683594,239.66000366210938,236.00999450683594,238.8300018310547,238.8300018310547,60897100,414.0,418.20001220703125,414.0,415.82000732421875,412.7750244140625,16309800,557.2899780273438,557.6500244140625,554.1900024414062,557.6199951171875,550.8443603515625,3606300,605.989990234375,606.4500122070312,602.6300048828125,606.3200073242188,599.282470703125,35771500
2025-02-07,232.60000610351562,234.0,227.25999450683594,227.6300048828125,226.60511779785156,39707200,232.5,234.80999755859375,228.05999755859375,229.14999389648438,229.14999389648438,77539300,416.4800109863281,418.6499938964844,408.1000061035156,409.75,406.7494812011719,22886800,558.0999755859375,559.2000122070312,551.7899780273438,552.2000122070312,545.490234375,10161600,606.8900146484375,608.1300048828125,600.0499877929688,600.77001953125,593.7969970703125,50788500
2025-02-10,229.57000732421875,230.58999633789062,227.1999969482422,227.64999389648438,226.8741912841797,33115600,230.5500030517578,233.9199981689453,229.1999969482422,233.13999938964844,233.13999938964844,35419900,413.7099914550781,415.4599914550781,410.9200134277344,412.2200012207031,409.201416015625,20817900,555.4400024414062,556.780029296875,554.239990234375,556.1500244140625,549.3922729492188,3517600,604.030029296875,605.5,602.739990234375,604.8499755859375,597.8295288085938,26048700
2025-02-11,228.1999969482422,235.22999572753906,228.1300048828125,232.6199951171875,231.8272705078125,53718400,231.9199981689453,233.44000244140625,230.1300048828125,232.75999450683594,232.75999450683594,23713700,409.6400146484375,412.489990234375,409.29998779296875,411.44000244140625,408.4271240234375,18140600,554.0999755859375,557.1199951171875,553.989990234375,556.6500244140625,549.88623046875,2752900,602.5499877929688,605.8599853515625,602.4299926757812,605.3099975585938,598.2843017578125,30056700
2025-02-12,231.1999969482422,236.9600067138672,230.67999267578125,236.8699951171875,236.06277465820312,45243300,230.4600067138672,231.17999267578125,228.16000366210938,228.92999267578125,228.92999267578125,32285200,407.2099914550781,410.75,404.3699951171875,409.0400085449219,406.0447082519531,19121700,551.0,555.9199829101562,550.3900146484375,554.8099975585938,548.0685424804688,3579500,599.2000122070312,604.5499877929688,598.510009765625,603.3599853515625,596.3568725585938,45076100
2025-02-13,236.91000366210938,242.33999633789062,235.57000732421875,241.52999877929688,240.70689392089844,53614100,228.85000610351562,230.4199981689453,227.52000427246094,230.3699951171875,230.3699951171875,31346500,407.0,411.0,406.3599853515625,410.5400085449219,407.5337219238281,23891700,555.8699951171875,560.8800048828125,554.7000122070312,560.6699829101562,553.8572998046875,3388500,604.47998046875,609.9400024414062,603.2000122070312,609.72998046875,602.6529541015625,40921300
2025-02-14,241.25,245.5500030517578,240.99000549316406,244.60000610351562,243.76644897460938,40896200,229.1999969482422,229.88999938964844,227.22999572753906,228.67999267578125,228.67999267578125,27031100,407.7900085449219,408.9100036621094,405.8800048828125,408.42999267578125,405.43914794921875,22758500,560.9000244140625,561.8599853515625,560.0700073242188,560.6900024414062,553.8770751953125,3380600,609.9400024414062,610.989990234375,609.0700073242188,609.7000122070312,602.623291015625,26910400
2025-02-18,244.14999389648438,245.17999267578125,241.83999633789062,244.47000122070312,243.6368865966797,48822500,228.82000732421875,229.3000030517578,223.72000122070312,226.64999389648438,226.64999389648438,42975100,408.0,410.6000061035156,406.5,409.6400146484375,406.64031982421875,21423100,561.7999877929688,562.3099975585938,559.489990234375,562.3099975585938,555.4773559570312,3844900,610.8800048828125,611.489990234375,608.3800048828125,611.489990234375,604.3925170898438,26749000
2025-02-19,244.66000366210938,246.00999450683594,243.16000366210938,244.8699951171875,244.03550720214844,32204200,225.52000427246094,226.8300018310547,223.7100067138672,226.6300048828125,226.6300048828125,28566700,407.8800048828125,415.489990234375,407.6499938964844,414.7699890136719,411.73272705078125,24114200,561.02001953125,563.9199829101562,560.530029296875,563.6699829101562,556.82080078125,3857600,610.0800170898438,613.22998046875,609.5599975585938,612.9299926757812,605.8157348632812,31011100
2025-02-20,244.94000244140625,246.77999877929688,244.2899932861328,245.8300018310547,244.99224853515625,32316900,224.77999877929688,225.1300048828125,221.80999755859375,222.8800048828125,222.8800048828125,30001700,415.2900085449219,419.30999755859375,412.5400085449219,416.1300048828125,413.91107177734375,23508700,562.3900146484375,562.47998046875,558.219970703125,561.2999877929688,554.479736328125,4446800,611.5399780273438,611.6799926757812,607.02001953125,610.3800048828125,603.29541015625,36554000
2025-02-21,245.9499969482422,248.69000244140625,245.22000122070312,245.5500030517578,244.71319580078125,53197400,223.27999877929688,223.30999755859375,214.74000549316406,216.5800018310547,216.5800018310547,55323900,417.3399963378906,418.04998779296875,407.8900146484375,408.2099914550781,406.03326416015625,27524800,561.0999755859375,561.2000122070312,551.27001953125,551.75,545.0457153320312,6148700,610.1599731445312,610.2999877929688,599.469970703125,599.9400024414062,592.9765625,76519800
2025-02-24,244.92999267578125,248.86000061035156,244.4199981689453,247.10000610351562,246.25791931152344,51326400,217.4499969482422,217.72000122070312,212.4199981689453,212.7100067138672,212.7100067138672,42387600,408.510009765625,409.3699951171875,399.32000732421875,404.0,401.8457336425781,26443700,553.6099853515625,554.510009765625,548.510009765625,549.1400146484375,542.4674072265625,4772300,602.02001953125,603.030029296875,596.489990234375,597.2100219726562,590.2782592773438,50737200
2025-02-25,248.0,250.0,244.91000366210938,247.0399932861328,246.1981201171875,48013300,211.6300048828125,213.33999633789062,204.16000366210938,212.8000030517578,212.8000030517578,58958000,401.1000061035156,401.9200134277344,396.70001220703125,397.8999938964844,395.77825927734375,29387400,549.1799926757812,549.77001953125,542.1699829101562,546.4099731445312,539.7705688476562,5491500,597.1500244140625,597.8900146484375,589.5599975585938,594.239990234375,587.3427734375,58266500
2025-02-26,244.3300018310547,244.97999572753906,239.1300048828125,240.36000061035156,239.5408935546875,44433600,214.94000244140625,218.16000366210938,213.08999633789062,214.35000610351562,214.35000610351562,39120600,398.010009765625,403.6000061035156,394.25,399.7300109863281,397.5985412597656,19619000,548.010009765625,551.3499755859375,544.25,546.75,540.1064453125,4180800,595.9299926757812,599.5800170898438,591.8599853515625,594.5399780273438,587.63916015625,43321600
2025-02-27,239.41000366210938,242.4600067138672,237.05999755859375,237.3000030517578,236.49131774902344,41153600,218.35000610351562,219.97000122070312,208.3699951171875,208.74000549316406,208.74000549316406,40548600,401.2699890136719,405.739990234375,392.1700134277344,392.5299987792969,390.4368896484375,21127400,548.8300170898438,549.8800048828125,537.5999755859375,537.969970703125,531.43310546875,5521400,596.8499755859375,598.02001953125,584.6500244140625,585.0499877929688,578.2593994140625,74196700
2025-02-28,236.9499969482422,242.08999633789062,230.1999969482422,241.83999633789062,241.01583862304688,56833400,208.64999389648438,212.6199951171875,206.99000549316406,212.27999877929688,212.27999877929688,51771700,392.6600036621094,397.6300048828125,386.57000732421875,396.989990234375,394.87310791015625,32845700,538.4199829101562,546.8900146484375,535.5800170898438,546.3300170898438,539.6915893554688,7328100,585.5599975585938,594.719970703125,582.4400024414062,594.1799926757812,587.283447265625,88744100
2025-03-03,241.7899932861328,244.02999877929688,236.11000061035156,238.02999877929688,237.2188262939453,47184000,213.35000610351562,214.00999450683594,202.5500030517578,205.02000427246094,205.02000427246094,42948400,398.82000732421875,398.82000732421875,386.1600036621094,388.489990234375,386.4184265136719,23007700,548.2000122070312,549.2899780273438,533.25,536.9199829101562,530.3959350585938,7290000,596.1799926757812,597.3400268554688,579.9000244140625,583.77001953125,576.9942626953125,74249200
2025-03-04,237.7100067138672,240.07000732421875,234.67999267578125,235.92999267578125,235.1259765625,53798100,200.11000061035156,206.8000030517578,197.42999267578125,203.8000030517578,203.8000030517578,60853100,383.3999938964844,392.5799865722656,381.0,388.6099853515625,386.53778076171875,29342900,533.0599975585938,538.280029296875,526.1599731445312,530.4500122070312,524.0045166015625,10477400,579.7100219726562,585.3900146484375,572.25,576.8599853515625,570.1644897460938,109648200
2025-03-05,235.4199981689453,236.5500030517578,229.22999572753906,235.74000549316406,234.93663024902344,47227600,204.8000030517578,209.97999572753906,203.25999450683594,208.36000061035156,208.36000061035156,38610100,389.3399963378906,401.6700134277344,388.80999755859375,401.0199890136719,398.8816223144531,23433100,530.25,537.7899780273438,526.9299926757812,536.4000244140625,529.8822631835938,6221700,576.6900024414062,584.8800048828125,573.0800170898438,583.0599975585938,576.29248046875,71230500
2025-03-06,234.44000244140625,237.86000061035156,233.16000366210938,235.3300018310547,234.52804565429688,45170400,204.39999389648438,205.77000427246094,198.3000030517578,200.6999969482422,200.6999969482422,49863800,394.2799987792969,402.1499938964844,392.67999267578125,396.8900146484375,394.773681640625,23304600,529.1900024414062,533.4299926757812,524.219970703125,526.6699829101562,520.2704467773438,7228900,575.47998046875,580.1699829101562,570.1199951171875,572.7100219726562,566.0626220703125,80094900
2025-03-07,235.11000061035156,241.3699951171875,234.75999450683594,239.07000732421875,238.2552947998047,46273600,199.49000549316406,202.27000427246094,192.52999877929688,199.25,199.25,59802800,392.32000732421875,394.79998779296875,385.5400085449219,393.30999755859375,391.2127380371094,22034100,524.9000244140625,530.8800048828125,520.1300048828125,529.510009765625,523.075927734375,7308300,570.9000244140625,577.3900146484375,565.6300048828125,575.9199829101562,569.2353515625,81158800
2025-03-10,235.5399932861328,236.16000366210938,224.22000122070312,227.47999572753906,226.70477294921875,72071200,195.60000610351562,196.72999572753906,190.85000610351562,194.5399932861328,194.5399932861328,62350900,385.8399963378906,386.3999938964844,377.2200012207031,380.1600036621094,378.1328430175781,32840100,521.9000244140625,523.7000122070312,510.8299865722656,515.510009765625,509.2460632324219,11176900,567.5900268554688,569.5399780273438,555.5900268554688,560.5800170898438,554.073486328125,99326600
2025-03-11,223.80999755859375,225.83999633789062,217.4499969482422,220.83999633789062,220.08740234375,76137400,193.89999389648438,200.17999267578125,193.39999389648438,196.58999633789062,196.58999633789062,54002900,379.0,386.0,376.9100036621094,380.45001220703125,378.4213562011719,30380200,514.3300170898438,517.530029296875,507.5299987792969,511.2799987792969,505.0674133300781,11208900,559.4000244140625,564.02001953125,552.02001953125,555.9199829101562,549.467529296875,88102100
2025-03-12,220.13999938964844,221.75,214.91000366210938,216.97999572753906,216.2405548095703,62547500,200.72000122070312,201.52000427246094,195.2899932861328,198.88999938964844,198.88999938964844,43679300,382.95001220703125,385.2200012207031,378.95001220703125,383.2699890136719,381.2262878417969,24253600,516.8900146484375,517.739990234375,509.1000061035156,513.760009765625,507.517333984375,8590600,562.1699829101562,563.1099853515625,553.6900024414062,558.8699951171875,552.38330078125,69588200
2025-03-13,215.9499969482422,216.83999633789062,208.4199981689453,209.67999267578125,208.96542358398438,61368300,198.1699981689453,198.8800048828125,191.82000732421875,193.88999938964844,193.88999938964844,41270800,383.1600036621094,385.32000732421875,377.45001220703125,378.7699890136719,376.750244140625,20473000,513.510009765625,514.0599975585938,505.4200134277344,507.04998779296875,500.88885498046875,21650000,558.489990234375,559.1099853515625,549.6799926757812,551.4199829101562,545.019775390625,74079400
2025-03-14,211.25,213.9499969482422,209.5800018310547,213.49000549316406,212.762451171875,60107600,197.41000366210938,198.64999389648438,195.32000732421875,197.9499969482422,197.9499969482422,38096700,379.7799987792969,390.2300109863281,379.510009765625,388.55999755859375,386.4880676269531,19952800,511.2799987792969,518.4199829101562,510.8399963378906,517.4600219726562,511.17236328125,7412300,556.1099853515625,563.8300170898438,551.489990234375,562.8099975585938,556.2774658203125,62660300
2025-03-17,213.30999755859375,215.22000122070312,209.97000122070312,214.0,213.2707061767578,48073400,198.77000427246094,199.0,194.32000732421875,195.74000549316406,195.74000549316406,47341800,386.70001220703125,392.7099914550781,385.57000732421875,388.70001220703125,386.6273193359375,22474300,517.4500122070312,523.8400268554688,517.0800170898438,521.4099731445312,515.0743408203125,6269800,562.7899780273438,569.7100219726562,562.3499755859375,567.1500244140625,560.5671997070312,49008700
2025-03-18,214.16000366210938,215.14999389648438,211.49000549316406,212.69000244140625,211.96519470214844,42432400,192.52000427246094,194.0,189.3800048828125,192.82000732421875,192.82000732421875,40414900,387.07000732421875,387.3699951171875,381.1000061035156,383.5199890136719,381.4749450683594,19486900,519.3200073242188,519.52001953125,514.0700073242188,515.9099731445312,509.64111328125,6010600,564.7999877929688,565.02001953125,559.0599975585938,561.02001953125,554.50830078125,66041400
2025-03-19,214.22000122070312,218.75999450683594,213.75,215.24000549316406,214.50648498535156,54385400,193.3800048828125,195.97000122070312,191.9600067138672,195.5399932861328,195.5399932861328,39442900,385.5299987792969,389.67999267578125,384.0,387.82000732421875,385.75201416015625,19185500,517.5399780273438,524.9600219726562,516.4199829101562,521.3300170898438,514.995361328125,5373900,562.8300170898438,570.9500122070312,561.6300048828125,567.1300048828125,560.54736328125,66556000
2025-03-20,213.99000549316406,217.49000549316406,212.22000122070312,214.10000610351562,213.37039184570312,48862900,193.07000732421875,199.32000732421875,192.3000030517578,194.9499969482422,194.9499969482422,38921100,385.739990234375,391.7900085449219,383.2799987792969,386.8399963378906,384.7772521972656,18470500,517.9600219726562,524.6199951171875,517.3200073242188,520.1300048828125,513.8099365234375,6029700,563.3300170898438,570.5700073242188,562.5999755859375,565.489990234375,558.9264526367188,62958200
2025-03-21,211.55999755859375,218.83999633789062,211.27999877929688,218.27000427246094,217.5261688232422,94127800,192.89999389648438,196.99000549316406,192.52000427246094,196.2100067138672,196.2100067138672,60056900,383.2200012207031,391.739990234375,382.79998779296875,391.260009765625,389.1736755371094,39675900,515.7899780273438,520.9500122070312,514.6599731445312,520.260009765625,513.9383544921875,5059000,559.280029296875,564.8900146484375,558.030029296875,563.97998046875,559.1107788085938,83763000
2025-03-24,221.0,221.47999572753906,218.5800018310547,220.72999572753906,219.97776794433594,44299500,200.0,203.63999938964844,199.9499969482422,203.25999450683594,203.25999450683594,41625400,395.3999938964844,395.3999938964844,389.80999755859375,393.0799865722656,390.98394775390625,21004500,526.47998046875,530.3900146484375,525.8800048828125,529.3900146484375,522.9573974609375,22376300,570.7999877929688,575.1500244140625,570.2000122070312,574.0800170898438,569.1236572265625,58766800
2025-03-25,220.77000427246094,224.10000610351562,220.0800018310547,223.75,222.98748779296875,34493600,203.60000610351562,206.2100067138672,203.22000122070312,205.7100067138672,205.7100067138672,31171200,393.9200134277344,396.3599853515625,392.6400146484375,395.1600036621094,393.0528869628906,15775000,530.5900268554688,531.5999755859375,529.1099853515625,530.6500244140625,524.2021484375,6260200,575.2999877929688,576.4099731445312,573.6900024414062,575.4600219726562,570.4917602539062,38355700
2025-03-26,223.50999450683594,225.02000427246094,220.47000122070312,221.52999877929688,220.77505493164062,34466100,205.83999633789062,206.00999450683594,199.92999267578125,201.1300048828125,201.1300048828125,32855300,395.0,395.30999755859375,388.57000732421875,389.9700012207031,387.89056396484375,16108400,530.5599975585938,531.4099731445312,523.0999755859375,524.4600219726562,518.0872802734375,4410200,575.1900024414062,576.3300170898438,567.1900024414062,568.5900268554688,563.6810913085938,51848300
2025-03-27,221.38999938964844,224.99000549316406,220.55999755859375,223.85000610351562,223.08717346191406,37094800,200.88999938964844,203.7899932861328,199.27999877929688,201.36000061035156,201.36000061035156,27317700,390.1300048828125,392.239990234375,387.3999938964844,390.5799865722656,388.4972839355469,13766800,521.2899780273438,524.6799926757812,519.22998046875,521.2100219726562,516.661865234375,5534900,567.1799926757812,570.9000244140625,564.9400024414062,567.0800170898438,562.18408203125,42164200
2025-03-28,221.6699981689453,223.80999755859375,217.67999267578125,217.89999389648438,217.1574249267578,39818600,198.4199981689453,199.25999450683594,191.8800048828125,192.72000122070312,192.72000122070312,52548200,388.0799865722656,389.1300048828125,376.92999267578125,378.79998779296875,376.78009033203125,21632000,519.760009765625,520.4600219726562,510.1600036621094,510.79998779296875,506.3426818847656,5831800,565.530029296875,566.27001953125,555.0700073242188,555.6599731445312,550.8626708984375,71662700
2025-03-31,217.00999450683594,225.6199951171875,216.22999572753906,222.1300048828125,221.37301635742188,65299300,188.19000244140625,191.3300018310547,184.39999389648438,190.25999450683594,190.25999450683594,63547600,372.5400085449219,377.07000732421875,367.239990234375,375.3900146484375,373.3883056640625,35184700,505.30999755859375,515.3300170898438,502.6400146484375,513.9099731445312,509.425537109375,8196700,549.8300170898438,560.7100219726562,546.8699951171875,559.3900146484375,554.5604248046875,95328200
2025-04-01,219.80999755859375,223.67999267578125,218.89999389648438,223.19000244140625,222.4293975830078,36412700,187.86000061035156,193.92999267578125,187.1999969482422,192.1699981689453,192.1699981689453,41267300,374.6499938964844,382.8500061035156,373.2300109863281,382.19000244140625,380.1520080566406,19689500,512.3599853515625,517.3499755859375,508.8800048828125,515.7999877929688,511.2989807128906,7697000,557.4500122070312,562.9400024414062,553.6799926757812,560.969970703125,556.1268310546875,54609600
2025-04-02,221.32000732421875,225.19000244140625,221.02000427246094,223.88999938964844,223.12701416015625,35905900,187.66000366210938,198.33999633789062,187.66000366210938,196.00999450683594,196.00999450683594,53679200,377.9700012207031,385.0799865722656,376.6199951171875,382.1400146484375,380.1023254394531,16092600,510.1400146484375,521.489990234375,509.92999267578125,518.9099731445312,514.3818969726562,6308600,555.0499877929688,567.4199829101562,554.8099975585938,564.52001953125,559.6461791992188,76014500
2025-04-03,205.5399932861328,207.49000549316406,201.25,203.19000244140625,202.49754333496094,103419000,183.0,184.1300048828125,176.9199981689453,178.41000366210938,178.41000366210938,95553600,374.7900085449219,377.4800109863281,369.3500061035156,373.1099853515625,371.12042236328125,30198000,501.0,503.6600036621094,493.5,494.1600036621094,489.847900390625,16226000,545.1099853515625,547.969970703125,536.7000122070312,536.7000122070312,532.0663452148438,125986000
2025-04-04,193.88999938964844,199.8800048828125,187.33999633789062,188.3800048828125,187.738037109375,125910900,167.14999389648438,178.13999938964844,166.0,171.0,171.0,123159400,364.1300048828125,374.5899963378906,359.4800109863281,359.8399963378906,357.92120361328125,49209900,481.2799987792969,483.29998779296875,464.239990234375,465.5199890136719,461.4577941894531,30966500,523.6699829101562,525.8699951171875,505.05999755859375,505.2799987792969,500.9176330566406,217965100
2025-04-07,177.1999969482422,194.14999389648438,174.6199951171875,181.4600067138672,180.84161376953125,160466300,162.0,183.41000366210938,161.3800048828125,175.25999450683594,175.25999450683594,109327100,350.8800048828125,371.0,344.7900085449219,357.8599853515625,355.9517822265625,50425000,449.5400085449219,480.760009765625,442.79998779296875,463.55999755859375,459.514892578125,31285300,489.19000244140625,523.1699829101562,481.79998779296875,504.3800048828125,500.0254211425781,256611400
2025-04-08,186.6999969482422,190.33999633789062,169.2100067138672,172.4199981689453,171.83241271972656,120859500,185.22999572753906,185.89999389648438,168.57000732421875,170.66000366210938,170.66000366210938,87710400,368.260009765625,373.6499938964844,350.25,354.55999755859375,352.66937255859375,35868900,479.67999267578125,482.489990234375,449.6000061035156,456.739990234375,452.75439453125,19002700,521.8599853515625,524.97998046875,489.1600036621094,496.4800109863281,492.193603515625,165816600
2025-04-09,171.9499969482422,200.61000061035156,171.88999938964844,198.85000610351562,198.17236328125,184395900,172.1199951171875,192.64999389648438,169.92999267578125,191.10000610351562,191.10000610351562,116804300,353.5400085449219,393.2300109863281,353.1000061035156,390.489990234375,388.40777587890625,50199700,453.489990234375,502.05999755859375,453.1600036621094,499.1000061035156,494.7447814941406,29286600,493.44000244140625,548.6199951171875,493.04998779296875,548.6199951171875,543.8834838867188,241867300
2025-04-10,189.07000732421875,194.77999877929688,183.0,190.4199981689453,189.7710723876953,121880000,185.44000244140625,186.8699951171875,175.85000610351562,181.22000122070312,181.22000122070312,68302000,382.05999755859375,383.8999938964844,367.79998779296875,381.3500061035156,379.3165283203125,38024400,489.1499938964844,490.29998779296875,468.3299865722656,482.05999755859375,477.8534851074219,16651300,532.1699829101562,533.5,509.32000732421875,524.5800170898438,520.051025390625,162331200
2025-04-11,186.10000610351562,199.5399932861328,186.05999755859375,198.14999389648438,197.4747314453125,87435900,179.92999267578125,185.86000061035156,178.0,184.8699951171875,184.8699951171875,50594300,380.6400146484375,390.04998779296875,378.8900146484375,388.45001220703125,386.378662109375,23839200,480.69000244140625,493.0,478.0,490.54998779296875,486.2693786621094,11541200,523.010009765625,536.4299926757812,520.0700073242188,533.9400024414062,529.3302001953125,97866300
2025-04-14,211.44000244140625,212.94000244140625,201.16000366210938,202.52000427246094,201.82984924316406,101352900,186.83999633789062,187.44000244140625,179.22999572753906,182.1199951171875,182.1199951171875,48002500,393.2200012207031,394.6499938964844,384.2099914550781,387.80999755859375,385.7420654296875,19251200,500.04998779296875,500.260009765625,490.69000244140625,495.4800109863281,491.1563720703125,7701500,544.0499877929688,544.280029296875,533.8599853515625,539.1199951171875,534.4654541015625,68034000
2025-04-15,201.86000061035156,203.50999450683594,199.8000030517578,202.13999938964844,201.4511260986328,51343900,181.41000366210938,182.35000610351562,177.92999267578125,179.58999633789062,179.58999633789062,43642000,388.510009765625,391.8900146484375,384.1600036621094,385.7300109863281,383.6731872558594,17199900,496.0299987792969,499.2699890136719,493.4200134277344,494.0899963378906,489.77850341796875,8200600,539.6699829101562,543.22998046875,536.8099975585938,537.6099853515625,532.9684448242188,56892900
2025-04-16,198.36000061035156,200.6999969482422,192.3699951171875,194.27000427246094,193.6079559326172,59732400,176.2899932861328,179.10000610351562,171.41000366210938,174.3300018310547,174.3300018310547,51875300,380.6700134277344,381.6099853515625,368.0,371.6099853515625,369.6284484863281,21967800,488.6499938964844,491.7699890136719,478.2300109863281,483.2300109863281,479.0132751464844,6374900,531.6799926757812,537.8900146484375,520.2899780273438,525.6599731445312,521.1216430664062,83484800
2025-04-17,197.1999969482422,198.8300018310547,194.4199981689453,196.97999572753906,196.3087158203125,52164700,176.0,176.2100067138672,172.0,172.61000061035156,172.61000061035156,44726500,373.75,374.32000732421875,366.8900146484375,367.7799987792969,365.8188781738281,21120200,484.7900085449219,488.1600036621094,481.5,483.8999938964844,479.67742919921875,5638900,527.6400146484375,531.1699829101562,523.9099731445312,526.4099731445312,521.8651733398438,79868100
2025-04-21,193.27000427246094,193.8000030517578,189.80999755859375,193.16000366210938,192.50173950195312,46742500,169.60000610351562,169.60000610351562,165.2899932861328,167.32000732421875,167.32000732421875,48126100,362.82000732421875,364.4800109863281,355.6700134277344,359.1199951171875,357.2050476074219,20807300,479.0199890136719,479.489990234375,467.3299865722656,472.3699951171875,468.2480163574219,7762500,521.1599731445312,521.7000122070312,508.4599914550781,513.8800048828125,509.4433898925781,69368100
2025-04-22,196.1199951171875,201.58999633789062,195.97000122070312,199.74000549316406,199.059326171875,52976400,169.85000610351562,176.77999877929688,169.35000610351562,173.17999267578125,173.17999267578125,56607200,363.3800048828125,367.7699890136719,359.8599853515625,366.82000732421875,364.864013671875,19485000,478.07000732421875,486.4800109863281,477.19000244140625,484.2900085449219,480.0639953613281,6236300,520.1400146484375,529.2999877929688,519.1900024414062,527.25,522.6979370117188,75948100
2025-04-23,206.0,208.0,202.8000030517578,204.60000610351562,203.9027557373047,52929200,183.4499969482422,187.3800048828125,180.19000244140625,180.60000610351562,180.60000610351562,63470100,376.05999755859375,380.3900146484375,373.0199890136719,374.3900146484375,372.3936462402344,20545500,496.69000244140625,501.17999267578125,490.70001220703125,492.07000732421875,487.776123046875,8047600,540.4299926757812,545.4299926757812,533.8800048828125,535.4199829101562,530.79736328125,90590700
2025-04-24,204.88999938964844,208.8300018310547,202.94000244140625,208.3699951171875,207.659912109375,47311000,180.9199981689453,186.74000549316406,180.17999267578125,186.5399932861328,186.5399932861328,43763200,375.70001220703125,388.45001220703125,375.19000244140625,387.29998779296875,385.2347717285156,22232300,493.260009765625,503.0,492.2200012207031,502.4100036621094,498.02587890625,6184300,536.719970703125,547.4299926757812,535.4500122070312,546.6900024414062,541.9700927734375,64150400
2025-04-25,206.3699951171875,209.75,206.1999969482422,209.27999877929688,208.56680297851562,38222300,187.6199951171875,189.94000244140625,185.49000549316406,188.99000549316406,188.99000549316406,36414300,387.0,392.1600036621094,384.6000061035156,391.8500061035156,389.7605285644531,18973200,502.44000244140625,506.5199890136719,499.75,506.1099853515625,501.6935729980469,6933400,546.6500244140625,551.0499877929688,543.6900024414062,550.6400146484375,545.8860473632812,61119600
2025-04-28,210.0,211.5,207.4600067138672,210.13999938964844,209.4238739013672,38743100,190.11000061035156,190.22000122070312,184.88999938964844,187.6999969482422,187.6999969482422,33224700,391.9599914550781,392.739990234375,386.6400146484375,391.1600036621094,389.07421875,16579400,506.80999755859375,508.739990234375,500.9599914550781,506.4200134277344,502.00091552734375,4210000,551.3900146484375,553.5499877929688,545.02001953125,550.8499755859375,546.0941772460938,47613800
2025-04-29,208.69000244140625,212.24000549316406,208.3699951171875,211.2100067138672,210.490234375,36827600,183.99000549316406,188.02000427246094,183.67999267578125,187.38999938964844,187.38999938964844,41667300,391.29998779296875,395.1000061035156,390.3800048828125,394.0400085449219,391.9388732910156,14974000,504.5400085449219,510.54998779296875,504.260009765625,509.489990234375,505.0440979003906,6525500,548.9099731445312,555.4500122070312,548.5499877929688,554.3200073242188,549.5342407226562,47775100
2025-04-30,209.3000030517578,213.5800018310547,206.6699981689453,212.5,211.7758331298828,52286500,182.1699981689453,185.0500030517578,178.85000610351562,184.4199981689453,184.4199981689453,55176500,390.29998779296875,396.6600036621094,384.44000244140625,395.260009765625,393.15234375,36461100,503.260009765625,511.5,497.760009765625,509.739990234375,505.2919006347656,7873700,547.5700073242188,556.52001953125,541.52001953125,554.5399780273438,549.7523193359375,93101500
2025-05-01,209.0800018310547,214.55999755859375,208.89999389648438,213.32000732421875,212.59304809570312,57365700,190.6300048828125,191.80999755859375,187.5,190.1999969482422,190.1999969482422,74266000,431.1099853515625,436.989990234375,424.8999938964844,425.3999938964844,423.1316223144531,58938100,515.1300048828125,518.4400024414062,512.77001953125,513.3499755859375,508.87042236328125,5784500,560.3699951171875,564.0700073242188,557.8599853515625,558.469970703125,553.6483764648438,63186100
2025-05-02,206.08999633789062,206.99000549316406,202.16000366210938,205.35000610351562,204.6501922607422,101010600,191.44000244140625,192.8800048828125,186.39999389648438,189.97999572753906,189.97999572753906,77903500,431.739990234375,439.44000244140625,429.989990234375,435.2799987792969,432.9589538574219,30757400,519.1199951171875,522.4099731445312,516.8900146484375,520.7100219726562,516.166259765625,6285400,564.72998046875,568.3800048828125,562.3800048828125,566.760009765625,561.8668823242188,60717300
2025-05-05,203.10000610351562,204.10000610351562,198.2100067138672,198.88999938964844,198.21221923828125,69018500,186.50999450683594,188.17999267578125,185.52999877929688,186.35000610351562,186.35000610351562,35217500,432.8699951171875,439.5,432.1099853515625,436.1700134277344,433.8442077636719,20136100,517.0800170898438,520.8499755859375,516.27001953125,517.989990234375,513.4699096679688,4793500,562.5700073242188,566.6500244140625,561.7000122070312,563.510009765625,558.6448974609375,38659200
2025-05-06,198.2100067138672,200.64999389648438,197.02000427246094,198.50999450683594,197.83349609375,51216500,184.57000732421875,187.92999267578125,183.85000610351562,185.00999450683594,185.00999450683594,29314100,432.20001220703125,437.7300109863281,431.1700134277344,433.30999755859375,430.99945068359375,15104200,512.8900146484375,517.8300170898438,511.94000244140625,513.5800170898438,509.0984191894531,4694300,557.9299926757812,563.3499755859375,556.9600219726562,558.7999877929688,553.9755249023438,48264700
2025-05-07,199.1699981689453,199.44000244140625,193.25,196.25,195.58120727539062,68536700,185.55999755859375,190.99000549316406,185.00999450683594,188.7100067138672,188.7100067138672,43948600,433.8399963378906,438.1199951171875,431.1099853515625,433.3500061035156,431.03924560546875,23295300,514.9199829101562,518.1799926757812,511.1000061035156,515.9000244140625,511.3982238769531,5460000,560.1500244140625,563.8200073242188,556.0399780273438,561.1500244140625,556.3052978515625,55588000
2025-05-08,197.72000122070312,200.0500030517578,194.67999267578125,197.49000549316406,196.81698608398438,50478900,191.42999267578125,194.3300018310547,188.82000732421875,192.0800018310547,192.0800018310547,41043600,437.92999267578125,443.6700134277344,435.6600036621094,438.1700134277344,435.83355712890625,23491300,519.5399780273438,524.22998046875,516.3499755859375,519.3400268554688,514.8081665039062,5088200,565.239990234375,570.3099975585938,561.7000122070312,565.0599975585938,560.1814575195312,65130800
2025-05-09,199.0,200.5399932861328,197.5399932861328,198.52999877929688,197.8534393310547,36453900,193.3800048828125,194.69000244140625,191.16000366210938,193.05999755859375,193.05999755859375,29663100,440.0,440.739990234375,435.8800048828125,438.7300109863281,436.3905334472656,15324200,520.6900024414062,521.6300048828125,517.3599853515625,518.6500244140625,514.1242065429688,4739500,566.47998046875,567.5,562.760009765625,564.3400268554688,559.4677734375,37603400
2025-05-12,210.97000122070312,211.27000427246094,206.75,210.7899932861328,210.34713745117188,63775800,210.7100067138672,211.66000366210938,205.75,208.63999938964844,208.63999938964844,75205000,445.94000244140625,449.3699951171875,439.7799987792969,449.260009765625,446.8644104003906,22821900,534.5,535.9199829101562,530.3900146484375,535.9199829101562,531.2434692382812,7793600,581.469970703125,583.0,577.0399780273438,582.989990234375,577.9567260742188,78993600
2025-05-13,210.42999267578125,213.39999389648438,209.0,212.92999267578125,212.48263549804688,51909300,211.0800018310547,214.83999633789062,210.10000610351562,211.3699951171875,211.3699951171875,56193700,447.7799987792969,450.6700134277344,445.3599853515625,449.1400146484375,446.74505615234375,23618800,536.3300170898438,541.47998046875,535.780029296875,539.4400024414062,534.7327270507812,7356800,583.4099731445312,589.0800170898438,582.8400268554688,586.8400268554688,581.7734985351562,67947200
2025-05-14,212.42999267578125,213.94000244140625,210.5800018310547,212.3300018310547,211.88389587402344,49325800,211.4499969482422,211.92999267578125,208.85000610351562,210.25,210.25,38492100,448.1400146484375,453.8999938964844,448.1400146484375,452.94000244140625,450.5247802734375,19902800,540.3699951171875,541.4199829101562,538.239990234375,540.1099853515625,535.39697265625,5031300,587.8099975585938,588.97998046875,585.5399780273438,587.5900268554688,582.5170288085938,66283500
2025-05-15,210.9499969482422,212.9600067138672,209.5399932861328,211.4499969482422,211.00575256347656,45029500,206.4499969482422,206.8800048828125,202.6699981689453,205.1699981689453,205.1699981689453,64347300,450.7699890136719,456.19000244140625,450.42999267578125,453.1300048828125,451.54119873046875,21992300,538.260009765625,543.25,537.8400268554688,542.760009765625,538.0238037109375,7362200,585.5599975585938,590.969970703125,585.0999755859375,590.4600219726562,585.3622436523438,71268100
2025-05-16,212.36000061035156,212.57000732421875,209.77000427246094,211.25999450683594,210.81614685058594,54737900,206.85000610351562,206.85000610351562,204.3699951171875,205.58999633789062,205.58999633789062,43318500,452.04998779296875,454.3599853515625,448.7300109863281,454.2699890136719,452.6772155761719,23849800,543.469970703125,546.469970703125,541.7000122070312,546.260009765625,541.4932250976562,7255300,591.25,594.5,589.280029296875,594.2000122070312,589.0699462890625,76052100
2025-05-19,207.91000366210938,209.47999572753906,204.25999450683594,208.77999877929688,208.3413543701172,46140500,201.64999389648438,206.6199951171875,201.25999450683594,206.16000366210938,206.16000366210938,34314800,450.8800048828125,459.5899963378906,450.79998779296875,458.8699951171875,457.26104736328125,21336500,540.6300048828125,547.4500122070312,540.5800170898438,546.8200073242188,542.04833984375,7766100,588.0999755859375,595.5399780273438,588.0999755859375,594.8499755859375,589.7142944335938,68168500
2025-05-20,207.6699981689453,208.47000122070312,205.02999877929688,206.86000061035156,206.42539978027344,42496600,204.6300048828125,205.58999633789062,202.64999389648438,204.07000732421875,204.07000732421875,29470400,455.5899963378906,458.3399963378906,454.32000732421875,458.1700134277344,456.56353759765625,15441800,545.219970703125,546.0599975585938,541.989990234375,544.8800048828125,540.1253662109375,7158200,593.0900268554688,594.0499877929688,589.5999755859375,592.8499755859375,587.7315673828125,60614500
2025-05-21,205.1699981689453,207.0399932861328,200.7100067138672,202.08999633789062,201.6654052734375,59211800,201.61000061035156,203.4600067138672,200.05999755859375,201.1199951171875,201.1199951171875,42460900,454.57000732421875,457.7799987792969,451.80999755859375,452.57000732421875,450.983154296875,19216900,540.9099731445312,544.6900024414062,534.8200073242188,535.77001953125,531.0947875976562,6339500,588.4400024414062,592.5800170898438,581.8200073242188,582.8599853515625,577.8277587890625,95197700
2025-05-22,200.7100067138672,202.75,199.6999969482422,201.36000061035156,200.9369354248047,46742400,201.3800048828125,205.75999450683594,200.16000366210938,203.10000610351562,203.10000610351562,38938900,454.95001220703125,460.25,453.8999938964844,454.8599853515625,453.26513671875,18025600,535.5999755859375,539.22998046875,534.4400024414062,536.02001953125,531.3426513671875,5816600,582.6599731445312,586.6199951171875,581.4099731445312,583.0900268554688,578.0558471679688,70860400
2025-05-23,193.6699981689453,197.6999969482422,193.4600067138672,195.27000427246094,194.85975646972656,78432900,198.89999389648438,202.3699951171875,197.85000610351562,200.99000549316406,200.99000549316406,33393500,449.9800109863281,453.69000244140625,448.9100036621094,450.17999267578125,448.6015625,16883500,529.4299926757812,534.8099975585938,529.1099853515625,532.4000244140625,527.7542114257812,6455900,575.97998046875,581.8099975585938,575.5999755859375,579.1099853515625,574.1102294921875,76029000
2025-05-27,198.3000030517578,200.74000549316406,197.42999267578125,200.2100067138672,199.78936767578125,56288500,203.08999633789062,206.69000244140625,202.19000244140625,206.02000427246094,206.02000427246094,34892000,456.4800109863281,460.95001220703125,456.1199951171875,460.69000244140625,459.0746765136719,20974300,538.719970703125,543.52001953125,537.1799926757812,543.3400268554688,538.5988159179688,6118100,586.0700073242188,591.3099975585938,578.4299926757812,591.1500244140625,586.0462646484375,72588500
2025-05-28,200.58999633789062,202.72999572753906,199.89999389648438,200.4199981689453,199.99891662597656,45339700,205.9199981689453,207.66000366210938,204.41000366210938,204.72000122070312,204.72000122070312,28549800,461.2200012207031,462.5199890136719,456.92999267578125,457.3599853515625,455.7563781738281,17086300,543.7899780273438,544.9000244140625,539.6099853515625,540.239990234375,535.5258178710938,4910500,591.5599975585938,592.77001953125,586.989990234375,587.72998046875,582.6558227539062,68445500
2025-05-29,203.5800018310547,203.80999755859375,198.50999450683594,199.9499969482422,199.5299072265625,51396800,208.02999877929688,208.80999755859375,204.22999572753906,205.6999969482422,205.6999969482422,34650000,461.54998779296875,461.7200012207031,455.30999755859375,458.67999267578125,457.0717468261719,13974800,545.1500244140625,545.280029296875,538.739990234375,542.3200073242188,537.587646484375,4659500,593.0599975585938,593.2000122070312,586.0700073242188,590.0499877929688,584.9557495117188,69973300
2025-05-30,199.3699951171875,201.9600067138672,196.77999877929688,200.85000610351562,200.4280242919922,70819900,204.83999633789062,205.99000549316406,201.6999969482422,205.00999450683594,205.00999450683594,51679400,459.7200012207031,461.67999267578125,455.5400085449219,460.3599853515625,458.7458190917969,34770500,541.3499755859375,543.3900146484375,536.1599731445312,541.760009765625,537.0325317382812,6171500,588.9299926757812,591.1300048828125,583.239990234375,589.3900146484375,584.301513671875,90601200
2025-06-02,200.27999877929688,202.1300048828125,200.1199951171875,201.6999969482422,201.27622985839844,35423300,204.97999572753906,207.0,202.67999267578125,206.64999389648438,206.64999389648438,29113300,457.1400146484375,462.1099853515625,456.8900146484375,461.9700012207031,460.3502197265625,16626500,540.25,544.9099731445312,537.7999877929688,544.9099731445312,540.1549682617188,5933500,587.760009765625,592.7899780273438,585.0599975585938,592.7100219726562,587.5928955078125,61630500
2025-06-03,201.35000610351562,203.77000427246094,200.9600067138672,203.27000427246094,202.84292602539062,46381600,207.11000061035156,208.9499969482422,205.02999877929688,205.7100067138672,205.7100067138672,33139100,461.4700012207031,464.1400146484375,460.8599853515625,462.9700012207031,461.3467102050781,15743800,544.530029296875,548.8699951171875,544.0900268554688,548.0,543.2180786132812,4993600,592.3400268554688,597.0800170898438,591.8499755859375,596.0900268554688,590.943603515625,63606200
2025-06-04,202.91000366210938,206.24000549316406,202.10000610351562,202.82000732421875,202.39389038085938,43604000,206.5500030517578,208.17999267578125,205.17999267578125,207.22999572753906,207.22999572753906,29915600,464.0,465.69000244140625,463.0199890136719,463.8699951171875,462.2435302734375,14162700,548.75,549.6500244140625,547.4400024414062,547.6500244140625,542.8711547851562,4543400,596.9600219726562,597.9500122070312,595.489990234375,595.9299926757812,590.7849731445312,57314200
2025-06-05,203.5,204.75,200.14999389648438,200.6300048828125,200.20849609375,55126100,209.5500030517578,212.80999755859375,207.55999755859375,207.91000366210938,207.91000366210938,51864200,464.9599914550781,469.6499938964844,464.0299987792969,467.67999267578125,466.0401611328125,20131700,549.47998046875,550.6300048828125,543.3400268554688,545.0900268554688,540.33349609375,6372100,597.6300048828125,599.0,591.0499877929688,593.0499877929688,587.9298095703125,92278700
2025-06-06,203.0,205.6999969482422,202.0500030517578,203.9199981689453,203.49156188964844,46607700,212.39999389648438,213.8699951171875,210.5,213.57000732421875,213.57000732421875,39832500,470.0899963378906,473.3399963378906,468.7799987792969,470.3800048828125,468.730712890625,15285600,550.2999877929688,552.3200073242188,548.7000122070312,550.6599731445312,545.8548583984375,4736000,598.6599731445312,600.8300170898438,596.8599853515625,599.1400146484375,593.96728515625,66588700
2025-06-09,204.38999938964844,206.0,200.02000427246094,201.4499969482422,201.02676391601562,72862600,214.75,217.85000610351562,212.8800048828125,216.97999572753906,216.97999572753906,38102500,469.70001220703125,473.42999267578125,468.6199951171875,472.75,471.0924072265625,16469900,551.2999877929688,552.7000122070312,550.2000122070312,551.25,546.439697265625,4516400,599.719970703125,601.25,598.489990234375,599.6799926757812,594.5026245117188,53016400
2025-06-10,200.60000610351562,204.35000610351562,200.57000732421875,202.6699981689453,202.2441864013672,54672600,216.77999877929688,217.69000244140625,214.14999389648438,217.61000061035156,217.61000061035156,31303300,471.19000244140625,472.79998779296875,466.9599914550781,470.9200134277344,469.2688293457031,15375900,551.780029296875,554.739990234375,550.739990234375,554.3900146484375,549.5523071289062,5984100,600.219970703125,603.469970703125,599.0900268554688,603.0800170898438,597.873291015625,66247000
2025-06-11,203.5,204.5,198.41000366210938,198.77999877929688,198.36236572265625,60989900,217.41000366210938,218.39999389648438,212.88999938964844,213.1999969482422,213.1999969482422,39326000,470.0199890136719,475.4700012207031,469.6600036621094,472.6199951171875,470.9628601074219,16399200,555.4099731445312,556.22998046875,550.9099731445312,552.8599853515625,548.03564453125,20800600,604.1900024414062,605.0599975585938,599.27001953125,601.3599853515625,596.1680908203125,73658200
2025-06-12,199.0800018310547,199.67999267578125,197.36000061035156,199.1999969482422,198.78147888183594,43904600,211.77999877929688,213.5800018310547,211.3300018310547,213.24000549316406,213.24000549316406,27640000,475.0199890136719,480.4200134277344,473.5199890136719,478.8699951171875,477.1909484863281,18950600,551.5999755859375,555.0,551.1300048828125,554.9500122070312,550.107421875,8422900,600.010009765625,603.75,599.52001953125,603.75,598.5374755859375,64129000
2025-06-13,199.72999572753906,200.3699951171875,195.6999969482422,196.4499969482422,196.03726196289062,51447300,209.9600067138672,214.0500030517578,209.6199951171875,212.10000610351562,212.10000610351562,29337800,476.4100036621094,479.17999267578125,472.760009765625,474.9599914550781,473.2946472167969,16814500,550.239990234375,553.25,547.4099731445312,548.77001953125,543.9813842773438,7100600,598.5,601.8499755859375,595.47998046875,597.0,591.8458251953125,89506000
2025-06-16,197.3000030517578,198.69000244140625,196.55999755859375,198.4199981689453,198.0031280517578,43020700,212.30999755859375,217.05999755859375,211.60000610351562,216.10000610351562,216.10000610351562,33284200,475.2099914550781,480.69000244140625,475.0,479.1400146484375,477.46002197265625,15626100,551.9400024414062,555.6900024414062,551.8699951171875,554.0700073242188,549.235107421875,7421300,600.4000244140625,604.4500122070312,600.219970703125,602.6799926757812,597.4766845703125,79984100
2025-06-17,197.1999969482422,198.38999938964844,195.2100067138672,195.63999938964844,195.2289581298828,38856200,215.1999969482422,217.41000366210938,214.55999755859375,214.82000732421875,214.82000732421875,32086300,475.3999938964844,478.739990234375,474.0799865722656,478.0400085449219,476.3638610839844,15414100,551.7899780273438,553.1599731445312,548.6400146484375,549.3499755859375,544.5562744140625,4753300,600.2100219726562,601.75,596.760009765625,597.530029296875,592.3712158203125,82209400
2025-06-18,195.94000244140625,197.57000732421875,195.07000732421875,196.5800018310547,196.16697692871094,45394700,215.08999633789062,217.9600067138672,212.33999633789062,212.52000427246094,212.52000427246094,44360500,478.0,481.0,474.4599914550781,480.239990234375,478.5561218261719,17526500,550.1599731445312,552.7100219726562,548.3900146484375,549.239990234375,544.447265625,4602300,598.4400024414062,601.219970703125,596.469970703125,597.4400024414062,592.2819213867188,76605000
2025-06-20,198.24000549316406,201.6999969482422,196.86000061035156,201.0,200.57769775390625,96813500,214.67999267578125,214.88999938964844,208.27000427246094,209.69000244140625,209.69000244140625,75350700,482.2300109863281,483.4599914550781,476.8699951171875,477.3999938964844,475.7261047363281,37576200,551.719970703125,552.719970703125,546.6199951171875,547.719970703125,542.9404907226562,9978500,598.3800048828125,599.4600219726562,592.8599853515625,594.280029296875,590.8909912109375,94051400
2025-06-23,201.6300048828125,202.3000030517578,198.9600067138672,201.5,201.07666015625,55814300,209.7899932861328,210.38999938964844,207.30999755859375,208.47000122070312,208.47000122070312,37311700,478.2099914550781,487.75,472.510009765625,486.0,484.2959289550781,24864000,548.6599731445312,553.7000122070312,545.75,553.3599853515625,548.5313110351562,9820200,595.0399780273438,600.5399780273438,591.8900146484375,600.1500244140625,596.7274780273438,87426000
2025-06-24,202.58999633789062,203.44000244140625,200.1999969482422,200.3000030517578,199.87918090820312,54064000,212.13999938964844,214.33999633789062,211.0500030517578,212.77000427246094,212.77000427246094,38378800,488.95001220703125,491.8500061035156,486.79998779296875,490.1099853515625,488.3915100097656,22305600,557.1799926757812,560.4299926757812,556.3699951171875,559.4400024414062,554.5582275390625,6770000,604.3300170898438,607.8499755859375,603.4099731445312,606.780029296875,603.3196411132812,67735300
2025-06-25,201.4499969482422,203.6699981689453,200.6199951171875,201.55999755859375,201.13653564453125,39525700,214.6199951171875,216.02999877929688,211.11000061035156,211.99000549316406,211.99000549316406,31755700,492.0400085449219,494.55999755859375,489.3900146484375,492.2699890136719,490.5439453125,17495100,560.52001953125,561.02001953125,558.3400268554688,559.719970703125,554.8357543945312,16472300,607.9099731445312,608.6099853515625,605.5399780273438,607.1199951171875,603.65771484375,62114800
2025-06-26,201.42999267578125,202.63999938964844,199.4600067138672,201.0,200.57769775390625,50799100,213.1199951171875,218.0399932861328,212.00999450683594,217.1199951171875,217.1199951171875,50480800,492.9800109863281,498.0400085449219,492.80999755859375,497.45001220703125,495.705810546875,21578900,561.52001953125,564.5499877929688,560.9600219726562,564.1500244140625,559.2271118164062,6081400,608.989990234375,612.3099975585938,608.3699951171875,611.8699951171875,608.380615234375,78548400
2025-06-27,201.88999938964844,203.22000122070312,200.0,201.0800018310547,200.65753173828125,73188600,219.9199981689453,223.3000030517578,216.74000549316406,223.3000030517578,223.3000030517578,119217100,497.54998779296875,499.29998779296875,493.0299987792969,495.94000244140625,494.20111083984375,34539200,565.1099853515625,568.3300170898438,563.2100219726562,566.9500122070312,562.0027465820312,6056500,612.8800048828125,616.3900146484375,610.8300170898438,614.9099731445312,611.4032592773438,86258400
2025-06-30,202.00999450683594,207.38999938964844,199.25999450683594,205.1699981689453,204.7389373779297,91912800,223.52000427246094,223.82000732421875,219.1199951171875,219.38999938964844,219.38999938964844,58887800,497.0400085449219,500.760009765625,495.3299865722656,497.4100036621094,495.66595458984375,28369000,567.5,569.1500244140625,565.3800048828125,568.030029296875,564.8117065429688,5750600,617.3800048828125,619.219970703125,615.0399780273438,617.8499755859375,614.3264770507812,92502500
2025-07-01,206.6699981689453,210.19000244140625,206.13999938964844,207.82000732421875,207.3833770751953,78788900,219.5,221.8800048828125,217.92999267578125,220.4600067138672,220.4600067138672,39256800,496.4700012207031,498.04998779296875,490.9800109863281,492.04998779296875,490.3247375488281,19945400,566.5599975585938,568.7999877929688,565.7999877929688,567.77001953125,564.5531616210938,7412700,616.3599853515625,618.8300170898438,615.52001953125,617.6500244140625,614.127685546875,70030100
2025-07-02,208.91000366210938,213.33999633789062,208.13999938964844,212.44000244140625,211.99366760253906,67941800,219.72999572753906,221.60000610351562,219.05999755859375,219.9199981689453,219.9199981689453,30894200,489.989990234375,493.5,488.70001220703125,491.0899963378906,489.36810302734375,16319600,567.3699951171875,570.3400268554688,566.8099975585938,570.2899780273438,567.0588989257812,6164000,617.239990234375,620.489990234375,616.6099853515625,620.4500122070312,616.9117431640625,66510400
2025-07-03,212.14999389648438,214.64999389648438,211.80999755859375,213.5500030517578,213.10134887695312,34955800,221.82000732421875,224.00999450683594,221.36000061035156,223.41000366210938,223.41000366210938,29632400,493.80999755859375,500.1300048828125,493.44000244140625,498.8399963378906,497.0909423828125,13984800,572.1799926757812,575.6699829101562,572.1300048828125,575.219970703125,571.9609375,4837000,622.4500122070312,626.280029296875,622.4299926757812,625.3400268554688,621.7738647460938,51065800
2025-07-07,212.67999267578125,216.22999572753906,208.8000030517578,209.9499969482422,209.50889587402344,50229000,223.0,224.2899932861328,222.3699951171875,223.47000122070312,223.47000122070312,36604100,497.3800048828125,498.75,495.2300109863281,497.7200012207031,495.974853515625,13981600,573.0,573.5900268554688,567.97998046875,570.6099853515625,567.3770751953125,6417800,623.3599853515625,624.030029296875,617.8699951171875,620.6799926757812,617.1403198242188,74814500
2025-07-08,210.10000610351562,211.42999267578125,208.4499969482422,210.00999450683594,209.5687713623047,42848900,223.9199981689453,224.0,218.42999267578125,219.36000061035156,219.36000061035156,45692000,497.239990234375,498.20001220703125,494.1099853515625,496.6199951171875,494.8786926269531,11846600,571.1500244140625,571.8300170898438,569.47998046875,570.22998046875,566.9992065429688,6944600,621.3499755859375,622.1099853515625,619.52001953125,620.3400268554688,616.8023681640625,59024600
2025-07-09,209.52999877929688,211.3300018310547,207.22000122070312,211.13999938964844,210.69639587402344,48749400,221.07000732421875,224.2899932861328,220.47000122070312,222.5399932861328,222.5399932861328,38155100,500.29998779296875,506.7799987792969,499.739990234375,503.510009765625,501.74456787109375,18659500,572.4600219726562,574.260009765625,570.760009765625,573.6099853515625,570.3600463867188,7156500,622.77001953125,624.719970703125,620.9099731445312,624.0599975585938,620.5010986328125,66113300
2025-07-10,210.50999450683594,213.47999572753906,210.02999877929688,212.41000366210938,211.96372985839844,44443600,221.5500030517578,222.7899932861328,219.6999969482422,222.25999450683594,222.25999450683594,30370600,503.04998779296875,504.44000244140625,497.75,501.4800109863281,499.7216796875,16492100,573.780029296875,576.260009765625,572.7000122070312,575.2899780273438,572.0305786132812,4961700,624.2000122070312,626.8699951171875,623.010009765625,625.8200073242188,622.2510375976562,57529000
2025-07-11,210.57000732421875,212.1300048828125,209.86000061035156,211.16000366210938,210.7163543701172,39765800,223.5800018310547,226.67999267578125,222.3699951171875,225.02000427246094,225.02000427246094,50518300,498.4700012207031,505.0299987792969,497.79998779296875,503.32000732421875,501.55523681640625,16459500,572.4500122070312,574.3800048828125,571.3699951171875,573.219970703125,569.9722900390625,4428900,622.739990234375,624.8599853515625,621.530029296875,623.6199951171875,620.0636596679688,63670200
2025-07-14,209.92999267578125,210.91000366210938,207.5399932861328,208.6199951171875,208.1816864013672,38840100,225.07000732421875,226.66000366210938,224.24000549316406,225.69000244140625,225.69000244140625,35702600,501.5199890136719,503.9700012207031,501.0299987792969,503.0199890136719,501.2562561035156,12058800,572.8499755859375,574.6799926757812,571.5800170898438,574.3499755859375,571.0958862304688,4747000,623.1599731445312,625.1599731445312,621.7999877929688,624.8099975585938,621.246826171875,51898500
2025-07-15,209.22000122070312,211.88999938964844,208.9199981689453,209.11000061035156,208.67066955566406,42296300,226.1999969482422,227.27000427246094,225.4600067138672,226.35000610351562,226.35000610351562,34907300,503.0199890136719,508.29998779296875,502.7900085449219,505.82000732421875,504.04644775390625,14927200,576.8499755859375,577.1599731445312,571.8499755859375,571.8599853515625,568.6199951171875,5399000,627.52001953125,627.8599853515625,622.0599975585938,622.1400146484375,618.592041015625,74317300
2025-07-16,210.3000030517578,212.39999389648438,208.63999938964844,210.16000366210938,209.71847534179688,47490500,225.8800048828125,226.10000610351562,222.17999267578125,223.19000244140625,223.19000244140625,39535900,505.17999267578125,506.7200012207031,501.8900146484375,505.6199951171875,503.8471374511719,15154400,573.4000244140625,574.260009765625,568.1699829101562,573.739990234375,570.4893188476562,6141200,623.739990234375,624.72998046875,618.0499877929688,624.219970703125,620.66015625,88987500
2025-07-17,210.57000732421875,211.8000030517578,209.58999633789062,210.02000427246094,209.57875061035156,48068100,223.32000732421875,224.5,222.50999450683594,223.8800048828125,223.8800048828125,31855800,505.67999267578125,513.3699951171875,505.6199951171875,511.70001220703125,509.9058532714844,17503100,574.02001953125,577.6500244140625,573.7999877929688,577.1799926757812,573.9098510742188,6495300,624.4000244140625,628.4000244140625,624.1799926757812,628.0399780273438,624.4583740234375,68885700
2025-07-18,210.8699951171875,211.7899932861328,209.6999969482422,211.17999267578125,210.73631286621094,48974600,225.13999938964844,226.39999389648438,222.97999572753906,226.1300048828125,226.1300048828125,37833800,514.47998046875,514.6400146484375,507.42999267578125,510.04998779296875,508.2616271972656,21209700,578.469970703125,578.5,575.8400268554688,576.9199829101562,573.6513061523438,4262400,629.2999877929688,629.469970703125,626.4600219726562,627.5800170898438,624.0010375976562,65621600
2025-07-21,212.10000610351562,215.77999877929688,211.6300048828125,212.47999572753906,212.0335693359375,51377400,225.83999633789062,229.69000244140625,225.64999389648438,229.3000030517578,229.3000030517578,40297600,506.7099914550781,512.0900268554688,505.54998779296875,510.05999755859375,508.2715759277344,14066800,577.97998046875,580.530029296875,577.5900268554688,577.9500122070312,574.675537109375,5913800,628.77001953125,631.5399780273438,628.3400268554688,628.77001953125,625.1842651367188,63375000
2025-07-22,213.13999938964844,214.9499969482422,212.22999572753906,214.39999389648438,213.94955444335938,46404100,229.67999267578125,230.0,226.35000610351562,227.47000122070312,227.47000122070312,37483700,510.9700012207031,511.20001220703125,505.2699890136719,505.2699890136719,503.4983825683594,13868600,578.280029296875,578.8400268554688,575.6400146484375,577.9500122070312,574.675537109375,4767700,629.0999755859375,629.72998046875,626.1900024414062,628.8599853515625,625.2737426757812,60046300
2025-07-23,215.0,215.14999389648438,212.41000366210938,214.14999389648438,213.7000732421875,46989300,228.47000122070312,228.7899932861328,227.08999633789062,228.2899932861328,228.2899932861328,28294900,506.75,506.7900085449219,500.70001220703125,505.8699951171875,504.0962829589844,16396600,580.5700073242188,582.9600219726562,578.8699951171875,582.8599853515625,579.5576782226562,4257300,631.5499877929688,634.2100219726562,629.72998046875,634.2100219726562,630.5932006835938,70511000
2025-07-24,213.89999389648438,215.69000244140625,213.52999877929688,213.75999450683594,213.31088256835938,46022600,229.1699981689453,236.0,228.63999938964844,232.22999572753906,232.22999572753906,42902300,508.7699890136719,513.6699829101562,507.29998779296875,510.8800048828125,509.0887145996094,16107000,583.3400268554688,584.75,582.719970703125,583.260009765625,579.9554443359375,3840900,634.5999755859375,636.1500244140625,633.989990234375,634.4199829101562,630.802001953125,71307100
2025-07-25,214.6999969482422,215.24000549316406,213.39999389648438,213.8800048828125,213.43064880371094,40268800,232.22000122070312,232.47999572753906,231.17999267578125,231.44000244140625,231.44000244140625,28712100,512.469970703125,518.2899780273438,510.3599853515625,513.7100219726562,511.9088439941406,19125700,583.8099975585938,586.0399780273438,583.5900268554688,585.5800170898438,582.2622680664062,4210100,635.0900268554688,637.5800170898438,634.8400268554688,637.0999755859375,633.4667358398438,56865400
2025-07-28,214.02999877929688,214.85000610351562,213.05999755859375,214.0500030517578,213.6002960205078,37858000,233.35000610351562,234.2899932861328,232.25,232.7899932861328,232.7899932861328,26300100,514.0800170898438,515.0,510.1199951171875,512.5,510.7030334472656,14308000,586.0399780273438,586.5,584.239990234375,585.4400024414062,582.1231079101562,4193100,637.47998046875,638.0399780273438,635.5399780273438,636.9400024414062,633.3076782226562,54917100
2025-07-29,214.17999267578125,214.80999755859375,210.82000732421875,211.27000427246094,210.8261260986328,51411700,234.14999389648438,234.72000122070312,230.30999755859375,231.00999450683594,231.00999450683594,33716200,515.530029296875,517.6199951171875,511.55999755859375,512.5700073242188,510.7727966308594,16469200,586.8200073242188,587.0800170898438,583.1199951171875,583.9199829101562,580.6116943359375,5053400,638.3499755859375,638.6699829101562,634.3400268554688,635.260009765625,631.6372680664062,60556300
2025-07-30,211.89999389648438,212.38999938964844,207.72000122070312,209.0500030517578,208.6107940673828,45512500,231.63999938964844,231.8000030517578,229.2899932861328,230.19000244140625,230.19000244140625,32993300,515.1699829101562,515.9500122070312,509.44000244140625,513.239990234375,511.4404296875,26380400,584.6599731445312,586.1500244140625,580.5499877929688,583.2100219726562,579.9057006835938,6974700,635.9199829101562,637.6799926757812,631.5399780273438,634.4600219726562,630.841796875,80418900
2025-07-31,208.49000549316406,209.83999633789062,207.16000366210938,207.57000732421875,207.1339111328125,80698400,235.77000427246094,236.52999877929688,231.39999389648438,234.11000061035156,234.11000061035156,104357300,555.22998046875,555.4500122070312,531.9000244140625,533.5,531.62939453125,51617300,587.8300170898438,588.1599731445312,579.8400268554688,581.02001953125,577.7280883789062,7046800,639.4600219726562,639.8499755859375,630.77001953125,632.0800170898438,628.475341796875,103385200
2025-08-01,210.8699951171875,213.5800018310547,201.5,202.3800048828125,201.95481872558594,104434500,217.2100067138672,220.44000244140625,212.8000030517578,214.75,214.75,122258800,535.0,535.7999877929688,520.8599853515625,524.1099853515625,522.2723388671875,28977600,575.72998046875,575.739990234375,569.2899780273438,571.4500122070312,568.2123413085938,8781300,626.2999877929688,626.3400268554688,619.2899780273438,621.719970703125,618.1743774414062,140103600
2025-08-04,204.50999450683594,207.8800048828125,201.67999267578125,203.35000610351562,202.9227752685547,75109300,217.39999389648438,217.44000244140625,211.4199981689453,211.64999389648438,211.64999389648438,77890100,528.27001953125,538.25,528.1300048828125,535.6400146484375,533.7619018554688,25349000,575.1699829101562,580.2100219726562,575.0800170898438,580.1400146484375,576.8530883789062,6640100,625.6699829101562,631.219970703125,625.5800170898438,631.1699829101562,627.570556640625,73218000
2025-08-05,203.39999389648438,205.33999633789062,202.16000366210938,202.9199981689453,202.49366760253906,44155100,213.0500030517578,216.3000030517578,212.8699951171875,213.75,213.75,51505100,537.1799926757812,537.2999877929688,527.239990234375,527.75,525.8995361328125,19171600,580.7899780273438,581.5,576.4000244140625,577.3499755859375,574.0789184570312,4647400,631.7899780273438,632.6099853515625,627.0399780273438,627.969970703125,624.3887939453125,68051400
2025-08-06,205.6300048828125,215.3800048828125,205.58999633789062,213.25,212.80197143554688,108483100,214.6999969482422,222.64999389648438,213.74000549316406,222.30999755859375,222.30999755859375,54823000,530.9000244140625,531.7000122070312,524.030029296875,524.9400024414062,523.0994262695312,21355700,578.25,582.27001953125,577.4099731445312,581.6400146484375,578.3446044921875,4545000,629.0499877929688,633.4400024414062,628.1300048828125,632.780029296875,629.17138671875,64357500
2025-08-07,218.8800048828125,220.85000610351562,216.5800018310547,220.02999877929688,219.56771850585938,90224800,221.0,226.22000122070312,220.82000732421875,223.1300048828125,223.1300048828125,40603500,526.7999877929688,528.0900268554688,517.5499877929688,520.8400268554688,519.0138549804688,16079100,584.8699951171875,585.52001953125,578.3099975585938,581.2899780273438,577.99658203125,4594300,636.239990234375,636.97998046875,629.1099853515625,632.25,628.6444091796875,74205800
2025-08-08,220.8300018310547,231.0,219.25,229.35000610351562,228.86814880371094,113854000,223.13999938964844,223.8000030517578,221.8800048828125,222.69000244140625,222.69000244140625,32970500,522.5999755859375,524.6599731445312,519.4099731445312,522.0399780273438,520.2095947265625,15531000,582.9299926757812,586.1699829101562,582.5999755859375,585.739990234375,582.42138671875,4342300,634.0599975585938,637.6500244140625,633.739990234375,637.1799926757812,633.5462646484375,64051600
2025-08-11,227.9199981689453,229.55999755859375,224.75999450683594,227.17999267578125,226.95997619628906,61806100,221.77999877929688,223.0500030517578,220.39999389648438,221.3000030517578,221.3000030517578,31646200,522.2999877929688,527.5900268554688,519.719970703125,521.77001953125,519.9405517578125,20194400,586.030029296875,587.3599853515625,583.4400024414062,584.5399780273438,581.2281494140625,5373900,637.4600219726562,638.9500122070312,634.6599731445312,635.9199829101562,632.29345703125,58742300
2025-08-12,228.00999450683594,230.8000030517578,227.07000732421875,229.64999389648438,229.42758178710938,55626200,222.22999572753906,223.5,219.0500030517578,221.47000122070312,221.47000122070312,37185800,523.75,530.97998046875,522.7000122070312,529.239990234375,527.3843383789062,18667000,586.75,590.9600219726562,585.4299926757812,590.780029296875,587.4328002929688,5851900,638.2899780273438,642.8499755859375,636.7899780273438,642.6900024414062,639.0248413085938,64730800
2025-08-13,231.07000732421875,235.0,230.42999267578125,233.3300018310547,233.10403442382812,69878500,222.0,224.9199981689453,222.0,224.55999755859375,224.55999755859375,36508300,532.1099853515625,532.7000122070312,519.3699951171875,520.5800170898438,518.7547607421875,19619200,592.8599853515625,594.030029296875,590.8099975585938,592.8400268554688,589.4811401367188,5393000,644.9099731445312,646.1900024414062,642.6799926757812,644.8900146484375,641.2123413085938,60092800
2025-08-14,234.05999755859375,235.1199951171875,230.85000610351562,232.77999877929688,232.5545654296875,51916300,227.39999389648438,233.11000061035156,227.02000427246094,230.97999572753906,230.97999572753906,61545800,522.5599975585938,525.9500122070312,520.1400146484375,522.47998046875,520.6480102539062,20269100,590.9199829101562,593.510009765625,590.5,592.8499755859375,589.4910278320312,6236700,642.7899780273438,645.6199951171875,642.3400268554688,644.9500122070312,641.27197265625,59327500
2025-08-15,234.0,234.27999877929688,229.33999633789062,231.58999633789062,231.36570739746094,56038700,232.5800018310547,234.0800018310547,229.80999755859375,231.02999877929688,231.02999877929688,39649200,522.77001953125,526.0999755859375,519.0800170898438,520.1699829101562,518.3461303710938,25213300,593.8599853515625,593.9500122070312,590.6599731445312,591.5700073242188,588.2183227539062,7196300,645.989990234375,646.0900268554688,642.52001953125,643.4400024414062,639.7705688476562,68592500
2025-08-18,231.6999969482422,233.1199951171875,230.11000061035156,230.88999938964844,230.66639709472656,37476200,230.22999572753906,231.91000366210938,228.3300018310547,231.49000549316406,231.49000549316406,25248900,521.5900268554688,522.8200073242188,514.02001953125,517.0999755859375,515.286865234375,23760600,590.97998046875,592.02001953125,590.3499755859375,591.3599853515625,588.009521484375,5311700,642.8599853515625,644.0,642.1799926757812,643.2999877929688,639.6314086914062,43804900
2025-08-19,231.27999877929688,232.8699951171875,229.35000610351562,230.55999755859375,230.3367156982422,39402600,230.08999633789062,230.52999877929688,227.1199951171875,228.00999450683594,228.00999450683594,29891000,515.0,515.1599731445312,508.54998779296875,509.7699890136719,507.98260498046875,21481000,591.25,592.1199951171875,586.9400024414062,588.1300048828125,584.7978515625,6739300,643.1199951171875,644.1099853515625,638.47998046875,639.8099975585938,636.1612548828125,69750700
2025-08-20,229.97999572753906,230.47000122070312,225.77000427246094,226.00999450683594,225.79110717773438,42263900,227.1199951171875,227.27000427246094,220.9199981689453,223.80999755859375,223.80999755859375,36604300,509.8699951171875,511.0,504.44000244140625,505.7200012207031,503.9468078613281,27723000,587.8099975585938,588.0,581.8499755859375,586.5800170898438,583.256591796875,7113600,639.4000244140625,639.6599731445312,632.9500122070312,638.1099853515625,634.470947265625,88890300
2025-08-21,226.27000427246094,226.52000427246094,223.77999877929688,224.89999389648438,224.68218994140625,30621200,222.64999389648438,222.77999877929688,220.5,221.9499969482422,221.9499969482422,32140500,503.69000244140625,507.6300048828125,502.7200012207031,504.239990234375,503.2980041503906,18443300,584.9299926757812,586.4600219726562,582.6500244140625,584.27001953125,580.959716796875,4807300,636.280029296875,637.969970703125,633.8099975585938,635.5499877929688,631.9255981445312,54805800
2025-08-22,226.1699981689453,229.08999633789062,225.41000366210938,227.75999450683594,227.53941345214844,42477800,222.7899932861328,229.13999938964844,220.82000732421875,228.83999633789062,228.83999633789062,37315300,504.25,510.7300109863281,502.4100036621094,507.2300109863281,506.2824401855469,24324200,586.27001953125,594.3200073242188,585.8400268554688,593.2100219726562,589.8490600585938,6389300,637.760009765625,646.5,637.25,645.3099975585938,641.6299438476562,84083200
2025-08-25,226.47999572753906,229.3000030517578,226.22999572753906,227.16000366210938,226.94000244140625,30983100,227.35000610351562,229.60000610351562,227.30999755859375,227.94000244140625,227.94000244140625,22633700,506.6300048828125,508.19000244140625,504.1199951171875,504.260009765625,503.3179931640625,21638600,592.0499877929688,593.22998046875,590.5499877929688,590.7000122070312,587.353271484375,6483000,644.0399780273438,645.2899780273438,642.3499755859375,642.469970703125,638.8060913085938,51274300
2025-08-26,226.8699951171875,229.49000549316406,224.69000244140625,229.30999755859375,229.08792114257812,54575100,227.11000061035156,229.0,226.02000427246094,228.7100067138672,228.7100067138672,26105400,504.3599853515625,504.9800109863281,498.510009765625,502.0400085449219,501.1021423339844,30835700,590.3800048828125,593.4299926757812,589.7899780273438,593.0599975585938,589.6998901367188,4776600,642.2000122070312,645.510009765625,641.5700073242188,645.1599731445312,641.4807739257812,51581600
2025-08-27,228.61000061035156,230.89999389648438,228.25999450683594,230.49000549316406,230.26678466796875,31259500,228.57000732421875,229.8699951171875,227.80999755859375,229.1199951171875,229.1199951171875,21254500,502.0,507.2900085449219,499.8999938964844,506.739990234375,505.7933349609375,17277900,592.52001953125,595.1400146484375,592.4400024414062,594.4199829101562,591.0521850585938,6171400,644.5700073242188,647.3699951171875,644.4199829101562,646.6300048828125,642.9423828125,48341100
2025-08-28,230.82000732421875,233.41000366210938,229.33999633789062,232.55999755859375,232.33477783203125,38074700,229.00999450683594,232.7100067138672,228.02000427246094,231.60000610351562,231.60000610351562,33679600,507.0899963378906,511.0899963378906,505.5,509.6400146484375,508.68792724609375,18015600,595.0700073242188,597.0700073242188,593.27001953125,596.52001953125,593.1403198242188,5058700,647.239990234375,649.47998046875,645.3400268554688,648.9199829101562,645.2192993164062,61519500
2025-08-29,232.50999450683594,233.3800048828125,231.3699951171875,232.13999938964844,231.91517639160156,39418400,231.32000732421875,231.80999755859375,228.16000366210938,229.0,229.0,26199200,508.6600036621094,509.6000061035156,504.489990234375,506.69000244140625,505.7434387207031,20961600,595.239990234375,595.5499877929688,591.25,593.0800170898438,589.7197875976562,7512000,647.469970703125,647.8400268554688,643.1400146484375,645.0499877929688,641.3713989257812,74522200
2025-09-02,229.25,230.85000610351562,226.97000122070312,229.72000122070312,229.49752807617188,44075600,223.52000427246094,226.1699981689453,221.8300018310547,225.33999633789062,225.33999633789062,38843900,500.4700012207031,506.0,496.80999755859375,505.1199951171875,504.1763610839844,18128000,586.0599975585938,588.7999877929688,583.6699829101562,588.7100219726562,585.3745727539062,11116700,637.5,640.489990234375,634.9199829101562,640.27001953125,636.6187133789062,81983500
2025-09-03,237.2100067138672,238.85000610351562,234.36000061035156,238.47000122070312,238.2390594482422,66427800,225.2100067138672,227.1699981689453,224.36000061035156,225.99000549316406,225.99000549316406,29223100,503.7900085449219,507.7900085449219,502.32000732421875,505.3500061035156,504.40594482421875,16345100,590.8099975585938,592.22998046875,588.780029296875,591.719970703125,588.367431640625,8205900,642.6699829101562,644.2100219726562,640.4600219726562,643.739990234375,640.06884765625,70820900
2025-09-04,238.4499969482422,239.89999389648438,236.74000549316406,239.77999877929688,239.5477752685547,47549400,231.19000244140625,235.77000427246094,230.77999877929688,235.67999267578125,235.67999267578125,59391800,504.29998779296875,508.1499938964844,503.1499938964844,507.9700012207031,507.02105712890625,15509500,592.469970703125,596.77001953125,591.5999755859375,596.5900268554688,593.2099609375,8045600,644.4199829101562,649.1500244140625,643.510009765625,649.1199951171875,645.418212890625,65219200
2025-09-05,240.0,241.32000732421875,238.49000549316406,239.69000244140625,239.45787048339844,54870400,235.19000244140625,236.0,231.92999267578125,232.3300018310547,232.3300018310547,36721800,509.07000732421875,511.9700012207031,492.3699951171875,495.0,494.0752868652344,31994800,598.9099731445312,599.5999755859375,591.4500122070312,594.9600219726562,591.5891723632812,6641500,651.47998046875,652.2100219726562,643.3300170898438,647.239990234375,643.5488891601562,85178900
2025-09-08,239.3000030517578,240.14999389648438,236.33999633789062,237.8800048828125,237.64962768554688,48999500,234.94000244140625,237.60000610351562,233.75,235.83999633789062,235.83999633789062,33947100,498.1099853515625,501.20001220703125,495.0299987792969,498.20001220703125,497.2693176269531,16771000,596.3099975585938,597.4099731445312,595.030029296875,596.5,593.1204223632812,9472200,648.6199951171875,649.8400268554688,647.22998046875,648.8300170898438,645.1298828125,63133100
2025-09-09,237.0,238.77999877929688,233.36000061035156,234.35000610351562,234.123046875,66313900,236.36000061035156,238.85000610351562,235.0800018310547,238.24000549316406,238.24000549316406,27033800,501.42999267578125,502.25,497.70001220703125,498.4100036621094,497.4789123535156,14410500,596.6099853515625,598.3699951171875,595.010009765625,597.9500122070312,594.5621948242188,7844800,648.969970703125,650.8599853515625,647.219970703125,650.3300170898438,646.6212768554688,66133900
2025-09-10,232.19000244140625,232.4199981689453,225.9499969482422,226.7899932861328,226.5703582763672,83440800,237.52000427246094,237.67999267578125,229.10000610351562,230.3300018310547,230.3300018310547,60907700,502.9800109863281,503.2300109863281,496.7200012207031,500.3699951171875,499.43524169921875,21611800,600.9199829101562,601.75,598.1599731445312,599.6799926757812,596.2823486328125,21641100,653.6199951171875,654.5499877929688,650.6300048828125,652.2100219726562,648.4905395507812,78034500
2025-09-11,226.8800048828125,230.4499969482422,226.64999389648438,230.02999877929688,229.80722045898438,50208600,231.49000549316406,231.52999877929688,229.33999633789062,229.9499969482422,229.9499969482422,37485600,502.25,503.1700134277344,497.8800048828125,501.010009765625,500.0740661621094,18881600,601.4299926757812,605.22998046875,600.8900146484375,604.5700073242188,601.1447143554688,9109700,654.1799926757812,658.3300170898438,653.5900268554688,657.6300048828125,653.8796997070312,69934400
2025-09-12,229.22000122070312,234.50999450683594,229.02000427246094,234.07000732421875,233.84332275390625,55824200,230.35000610351562,230.7899932861328,226.2899932861328,228.14999389648438,228.14999389648438,38496200,506.6499938964844,512.5499877929688,503.8500061035156,509.8999938964844,508.94744873046875,23624900,604.5900268554688,605.97998046875,603.9500122070312,604.4400024414062,601.0154418945312,8130500,657.5999755859375,659.1099853515625,656.9000244140625,657.4099731445312,653.6608276367188,72780100
2025-09-15,237.0,238.19000244140625,235.02999877929688,236.6999969482422,236.47076416015625,42699500,230.6300048828125,233.72999572753906,230.32000732421875,231.42999267578125,231.42999267578125,33243300,508.7900085449219,515.469970703125,507.0,515.3599853515625,514.397216796875,17143800,606.469970703125,607.77001953125,606.2000122070312,607.5900268554688,604.1475830078125,7710700,659.6400146484375,661.0399780273438,659.3400268554688,660.9099731445312,657.1409301757812,63772400
2025-09-16,237.17999267578125,241.22000122070312,236.32000732421875,238.14999389648438,237.9193572998047,63421100,232.94000244140625,235.89999389648438,232.22999572753906,234.0500030517578,234.0500030517578,38203900,516.8800048828125,517.22998046875,508.6000061035156,509.0400085449219,508.08905029296875,19711900,608.1599731445312,608.4199829101562,606.0599975585938,606.7899780273438,603.35205078125,6393200,661.469970703125,661.780029296875,659.2100219726562,660.0,656.2361450195312,61169000
2025-09-17,238.97000122070312,240.10000610351562,237.72999572753906,238.99000549316406,238.75856018066406,46508000,233.77000427246094,234.3000030517578,228.7100067138672,231.6199951171875,231.6199951171875,42815200,510.6199951171875,511.2900085449219,505.92999267578125,510.0199890136719,509.06719970703125,15816600,606.8400268554688,608.3300170898438,601.5499877929688,606.0900268554688,602.6561279296875,11613600,660.010009765625,661.719970703125,654.2999877929688,659.1799926757812,655.4208374023438,101952200
2025-09-18,239.97000122070312,241.1999969482422,236.64999389648438,237.8800048828125,237.64962768554688,44249600,232.5,233.47999572753906,228.7899932861328,231.22999572753906,231.22999572753906,37931700,511.489990234375,513.0700073242188,507.6600036621094,508.45001220703125,507.5001525878906,18913700,608.5499877929688,611.3099975585938,607.0700073242188,608.9400024414062,605.4899291992188,11057500,661.8900146484375,664.8900146484375,660.27001953125,662.260009765625,658.4832153320312,90459200
2025-09-19,241.22999572753906,246.3000030517578,240.2100067138672,245.5,245.26223754882812,163741300,232.3699951171875,234.16000366210938,229.6999969482422,231.47999572753906,231.47999572753906,97943200,510.55999755859375,519.2999877929688,510.30999755859375,517.9299926757812,516.96240234375,52474100,610.6199951171875,612.6699829101562,608.8499755859375,611.780029296875,608.3138427734375,6065700,662.3300170898438,664.5499877929688,660.3699951171875,663.7000122070312,661.74462890625,97945600
2025-09-22,248.3000030517578,256.6400146484375,248.1199951171875,256.0799865722656,255.8319854736328,105517400,230.55999755859375,230.57000732421875,227.50999450683594,227.6300048828125,227.6300048828125,45914500,515.5900268554688,517.739990234375,512.5399780273438,514.4500122070312,513.4889526367188,20009300,610.52001953125,615.219970703125,610.510009765625,614.760009765625,611.2769775390625,11583800,662.2000122070312,667.2899780273438,662.1699829101562,666.8400268554688,664.8753662109375,69452200
2025-09-23,255.8800048828125,257.3399963378906,253.5800018310547,254.42999267578125,254.18359375,60275200,227.8300018310547,227.86000061035156,220.07000732421875,220.7100067138672,220.7100067138672,70956200,513.7999877929688,514.5900268554688,507.30999755859375,509.2300109863281,508.2787170410156,19799600,614.7100219726562,615.260009765625,610.3400268554688,611.5399780273438,608.0751342773438,10753000,666.719970703125,667.3400268554688,661.97998046875,663.2100219726562,661.256103515625,81708900
2025-09-24,255.22000122070312,255.74000549316406,251.0399932861328,252.30999755859375,252.06564331054688,42303700,224.14999389648438,224.55999755859375,219.4499969482422,220.2100067138672,220.2100067138672,49509000,510.3800048828125,512.47998046875,506.9200134277344,510.1499938964844,509.19696044921875,13533700,612.6300048828125,612.739990234375,608.1900024414062,609.5,606.0467529296875,23787300,664.510009765625,664.6099853515625,659.6699829101562,661.0999755859375,659.1522216796875,68082200
2025-09-25,253.2100067138672,257.1700134277344,251.7100067138672,256.8699951171875,256.6212158203125,55202100,220.05999755859375,220.6699981689453,216.47000122070312,218.14999389648438,218.14999389648438,52226300,508.29998779296875,510.010009765625,505.0400085449219,507.0299987792969,506.0827941894531,15786500,606.6199951171875,607.9299926757812,603.3499755859375,606.5900268554688,603.1532592773438,6965700,657.9400024414062,659.4099731445312,654.4099731445312,658.0499877929688,656.1112670898438,89622100
2025-09-26,254.10000610351562,257.6000061035156,253.77999877929688,255.4600067138672,255.2126007080078,46076300,219.0800018310547,221.0500030517578,218.02000427246094,219.77999877929688,219.77999877929688,41650100,510.05999755859375,513.9400024414062,506.6199951171875,511.4599914550781,510.5045166015625,16213100,608.030029296875,610.7000122070312,606.5700073242188,610.1599731445312,606.7030029296875,6438600,659.510009765625,662.3699951171875,657.8800048828125,661.8200073242188,659.8701782226562,69179200
2025-09-29,254.55999755859375,255.0,253.00999450683594,254.42999267578125,254.18359375,40127700,220.0800018310547,222.60000610351562,219.3000030517578,222.1699981689453,222.1699981689453,44259200,511.5,516.8499755859375,508.8800048828125,514.5999755859375,513.6386108398438,17617800,610.7899780273438,611.6799926757812,608.47998046875,610.1300048828125,608.408203125,5658800,664.3599853515625,665.280029296875,661.8599853515625,663.6799926757812,661.7246704101562,73499000
2025-09-30,254.86000061035156,255.9199981689453,253.11000061035156,254.6300048828125,254.38340759277344,37704300,222.02999877929688,222.24000549316406,217.88999938964844,219.57000732421875,219.57000732421875,48396400,513.239990234375,518.1599731445312,509.6600036621094,517.9500122070312,516.982421875,19728200,609.4299926757812,612.8599853515625,608.27001953125,612.3800048828125,610.65185546875,6515700,662.9299926757812,666.6500244140625,661.6099853515625,666.1799926757812,664.21728515625,86288000
2025-10-01,255.0399932861328,258.7900085449219,254.92999267578125,255.4499969482422,255.20260620117188,48713900,217.36000061035156,222.14999389648438,216.61000061035156,220.6300048828125,220.6300048828125,43933800,514.7999877929688,520.510009765625,511.69000244140625,519.7100219726562,518.7391357421875,22632300,609.7000122070312,615.3900146484375,609.5700073242188,614.5700073242188,612.835693359375,10020000,663.1699829101562,669.3699951171875,663.0599975585938,668.4500122070312,666.4806518554688,72545400
2025-10-02,256.5799865722656,258.17999267578125,254.14999389648438,257.1300048828125,256.8809814453125,42630200,221.00999450683594,222.80999755859375,218.9499969482422,222.41000366210938,222.41000366210938,41258600,517.6400146484375,521.5999755859375,510.67999267578125,515.739990234375,514.7765502929688,21222900,616.4099731445312,616.47998046875,613.02001953125,615.25,613.5137329101562,7139500,670.4500122070312,670.5700073242188,666.780029296875,669.219970703125,667.248291015625,56896000
2025-10-03,254.6699981689453,259.239990234375,253.9499969482422,258.0199890136719,257.7701110839844,49155600,223.44000244140625,224.1999969482422,219.33999633789062,219.50999450683594,219.50999450683594,43639000,517.0999755859375,520.489990234375,515.0,517.3499755859375,516.3834838867188,15112300,615.9500122070312,618.4199829101562,614.2899780273438,615.2999877929688,613.5635986328125,7210700,669.989990234375,672.6799926757812,668.1599731445312,669.2100219726562,667.2384033203125,70494400
2025-10-06,257.989990234375,259.07000732421875,255.0500030517578,256.69000244140625,256.44140625,44664100,221.0,221.72999572753906,216.02999877929688,220.89999389648438,220.89999389648438,43690900,518.6099853515625,531.030029296875,518.2000122070312,528.5700073242188,527.5825805664062,21388600,617.4600219726562,618.280029296875,615.47998046875,617.4000244140625,615.65771484375,6056400,671.6199951171875,672.510009765625,669.4600219726562,671.6099853515625,669.6312866210938,54623300
2025-10-07,256.80999755859375,257.3999938964844,255.42999267578125,256.4800109863281,256.23162841796875,31955800,220.8800048828125,222.88999938964844,220.1699981689453,221.77999877929688,221.77999877929688,31194700,528.2899780273438,529.7999877929688,521.4400024414062,523.97998046875,523.0010986328125,14615200,618.2999877929688,618.739990234375,613.8200073242188,615.2000122070312,613.4638671875,7466300,672.5399780273438,672.989990234375,667.6699829101562,669.1199951171875,667.1486206054688,72020100
2025-10-08,256.5199890136719,258.5199890136719,256.1099853515625,258.05999755859375,257.8100891113281,36496900,222.9199981689453,226.72999572753906,221.19000244140625,225.22000122070312,225.22000122070312,46686000,523.280029296875,526.9500122070312,523.0900268554688,524.8499755859375,523.8695068359375,13363400,616.219970703125,618.9000244140625,615.4600219726562,618.77001953125,617.0238037109375,5035200,670.25,673.2100219726562,669.4199829101562,673.1099853515625,671.1268920898438,60702200
2025-10-09,257.80999755859375,258.0,253.13999938964844,254.0399932861328,253.79396057128906,38322000,225.0,228.2100067138672,221.75,227.74000549316406,227.74000549316406,46412100,522.3400268554688,524.3300170898438,517.4000244140625,522.4000244140625,521.4241333007812,18343600,619.22998046875,619.5900268554688,615.280029296875,617.0999755859375,615.3585205078125,5898500,673.530029296875,673.9400024414062,669.2100219726562,671.1599731445312,669.1826171875,66501900
2025-10-10,254.94000244140625,256.3800048828125,244.0,245.27000427246094,245.032470703125,61999100,226.2100067138672,228.25,216.0,216.3699951171875,216.3699951171875,72367500,519.6400146484375,523.5800170898438,509.6300048828125,510.9599914550781,510.0054626464844,24133800,617.989990234375,619.5999755859375,600.22998046875,600.510009765625,598.8153686523438,13664200,672.1300048828125,673.9500122070312,652.8400268554688,653.02001953125,651.0960693359375,159422600
2025-10-13,249.3800048828125,249.69000244140625,245.55999755859375,247.66000366210938,247.42015075683594,38142900,217.6999969482422,220.67999267578125,217.0399932861328,220.07000732421875,220.07000732421875,37809700,516.4099731445312,516.4099731445312,511.67999267578125,514.0499877929688,513.0896606445312,14284200,607.3699951171875,611.030029296875,606.5800170898438,609.6099853515625,607.8896484375,6968400,660.6500244140625,665.1300048828125,659.77001953125,663.0399780273438,661.0865478515625,79560500
2025-10-14,246.60000610351562,248.85000610351562,244.6999969482422,247.77000427246094,247.53004455566406,35478000,215.55999755859375,219.32000732421875,212.60000610351562,216.38999938964844,216.38999938964844,45665600,510.2300109863281,515.280029296875,506.0,513.5700073242188,512.610595703125,14684300,604.2000122070312,612.1400146484375,600.510009765625,608.75,607.0321044921875,7493500,657.1699829101562,665.8300170898438,653.1699829101562,662.22998046875,660.2789306640625,88779600
2025-10-15,249.49000549316406,251.82000732421875,247.47000122070312,249.33999633789062,249.09852600097656,33893600,216.6199951171875,217.7100067138672,212.66000366210938,215.57000732421875,215.57000732421875,45909500,514.9600219726562,517.1900024414062,510.0,513.4299926757812,512.4708251953125,14694700,613.0700073242188,616.2100219726562,605.8200073242188,611.4299926757812,609.7045288085938,6504900,666.8200073242188,670.22998046875,658.9299926757812,665.1699829101562,663.2102661132812,81702600
2025-10-16,248.25,249.0399932861328,245.1300048828125,247.4499969482422,247.21035766601562,39777000,215.6699981689453,218.58999633789062,212.80999755859375,214.47000122070312,214.47000122070312,42414600,512.5800170898438,516.8499755859375,508.1300048828125,511.6099853515625,510.65423583984375,15559600,613.1099853515625,614.7999877929688,604.1400146484375,607.3900146484375,605.6759643554688,7594800,666.8200073242188,668.7100219726562,657.1099853515625,660.6400146484375,658.6936645507812,110563300
2025-10-17,248.02000427246094,253.3800048828125,247.27000427246094,252.2899932861328,252.045654296875,49147000,214.55999755859375,214.8000030517578,211.02999877929688,213.0399932861328,213.0399932861328,45986900,509.0400085449219,515.47998046875,507.30999755859375,513.5800170898438,512.62060546875,19867800,606.3400268554688,612.02001953125,605.0999755859375,610.760009765625,609.0364379882812,6911000,659.5,665.760009765625,658.1400146484375,664.3900146484375,662.4326171875,96500900
2025-10-20,255.88999938964844,264.3800048828125,255.6300048828125,262.239990234375,261.98602294921875,90483000,213.8800048828125,216.69000244140625,213.58999633789062,216.47999572753906,216.47999572753906,38882800,514.6099853515625,518.7000122070312,513.4299926757812,516.7899780273438,515.8245239257812,14665600,613.510009765625,618.010009765625,613.510009765625,617.1699829101562,615.4282836914062,4086200,667.3200073242188,672.2100219726562,667.27001953125,671.2999877929688,669.3222045898438,60493400
2025-10-21,261.8800048828125,265.2900085449219,261.8299865722656,262.7699890136719,262.5155029296875,46695900,218.42999267578125,223.32000732421875,217.99000549316406,222.02999877929688,222.02999877929688,50494600,517.5,518.6900024414062,513.0399780273438,517.6599731445312,516.6929321289062,15586200,617.3300170898438,618.739990234375,615.97998046875,617.0900268554688,615.3485717773438,4216200,671.4400024414062,672.989990234375,669.97998046875,671.2899780273438,669.3121948242188,56249000
2025-10-22,262.6499938964844,262.8500061035156,255.42999267578125,258.45001220703125,258.19970703125,45015300,219.3000030517578,220.00999450683594,216.52000427246094,217.9499969482422,217.9499969482422,44308500,521.1500244140625,525.22998046875,517.7100219726562,520.5399780273438,519.5675659179688,18962700,617.8300170898438,617.8300170898438,609.8300170898438,613.969970703125,612.2373046875,6961600,672.0,672.0,663.2999877929688,667.7999877929688,665.83251953125,80564000
2025-10-23,259.94000244140625,260.6199951171875,258.010009765625,259.5799865722656,259.3285827636719,32754900,219.0,221.3000030517578,218.17999267578125,221.08999633789062,221.08999633789062,31540000,522.4600219726562,523.9500122070312,518.6099853515625,520.5599975585938,519.5875244140625,14023500,614.25,618.469970703125,613.989990234375,617.4400024414062,615.6975708007812,5851800,668.1199951171875,672.7100219726562,667.7999877929688,671.760009765625,669.7808837890625,65604500
2025-10-24,261.19000244140625,264.1300048828125,259.17999267578125,262.82000732421875,262.56549072265625,38253700,221.97000122070312,225.39999389648438,221.89999389648438,224.2100067138672,224.2100067138672,38685100,522.7899780273438,525.3499755859375,520.7100219726562,523.6099853515625,522.6318359375,15532400,621.9199829101562,623.7899780273438,621.2100219726562,622.5499877929688,620.7931518554688,5694900,676.4600219726562,678.469970703125,675.6500244140625,677.25,675.2546997070312,74356500
2025-10-27,264.8800048828125,269.1199951171875,264.6499938964844,268.80999755859375,268.5496520996094,44888200,227.66000366210938,228.39999389648438,225.5399932861328,226.97000122070312,226.97000122070312,38267000,531.780029296875,534.5800170898438,529.010009765625,531.52001953125,530.527099609375,18734700,627.739990234375,630.2899780273438,627.1599731445312,630.0,628.2221069335938,7804300,682.72998046875,685.5399780273438,682.1199951171875,685.239990234375,683.2211303710938,63339800
2025-10-28,268.989990234375,269.8900146484375,268.1499938964844,269.0,268.7394714355469,41534800,228.22000122070312,231.49000549316406,226.2100067138672,229.25,229.25,47100000,550.0,553.719970703125,540.77001953125,542.0700073242188,541.057373046875,29986700,631.7100219726562,633.3900146484375,629.6400146484375,631.6900024414062,629.9073486328125,5625600,687.0499877929688,688.9099731445312,684.8300170898438,687.0599975585938,685.0357666015625,61738100
2025-10-29,269.2799987792969,271.4100036621094,267.1099853515625,269.70001220703125,269.4388122558594,51086700,231.6699981689453,232.82000732421875,227.75999450683594,230.3000030517578,230.3000030517578,52036200,544.9400024414062,546.27001953125,536.72998046875,541.5499877929688,540.538330078125,36023000,633.2100219726562,634.1300048828125,627.8699951171875,631.9500122070312,630.1666259765625,6104500,688.719970703125,689.7000122070312,682.8699951171875,687.3900146484375,685.3648071289062,85657100
2025-10-30,271.989990234375,274.1400146484375,268.4800109863281,271.3999938964844,271.13714599609375,69886500,227.05999755859375,228.44000244140625,222.75,222.86000061035156,222.86000061035156,102252900,530.47998046875,534.969970703125,522.1199951171875,525.760009765625,524.77783203125,41023100,628.8099975585938,630.6300048828125,625.0999755859375,625.239990234375,623.4755249023438,6243300,683.9000244140625,685.9400024414062,679.8300170898438,679.8300170898438,677.8270874023438,76335800
2025-10-31,276.989990234375,277.32000732421875,269.1600036621094,270.3699951171875,270.108154296875,86167100,250.10000610351562,250.5,243.97999572753906,244.22000122070312,244.22000122070312,166340800,528.8800048828125,529.3200073242188,515.0999755859375,517.8099975585938,516.8426513671875,34006400,629.8400268554688,629.9400024414062,624.5,627.0399780273438,625.2704467773438,7058600,685.0399780273438,685.0800170898438,679.239990234375,682.0599975585938,680.050537109375,87164100
2025-11-03,270.4200134277344,270.8500061035156,266.25,269.04998779296875,268.7894287109375,50194600,255.36000061035156,258.6000061035156,252.89999389648438,254.0,254.0,95997800,519.8099975585938,524.9600219726562,514.5900268554688,517.030029296875,516.0641479492188,22374700,630.4199829101562,630.5399780273438,625.1599731445312,628.27001953125,626.4970092773438,5568100,685.6699829101562,685.7999877929688,679.9400024414062,683.3400268554688,681.3267822265625,57315000
2025-11-04,268.3299865722656,271.489990234375,267.6199951171875,270.0400085449219,269.7784729003906,49274800,250.3800048828125,257.010009765625,248.66000366210938,249.32000732421875,249.32000732421875,51546300,511.760009765625,515.5499877929688,507.8399963378906,514.3300170898438,513.3692016601562,20958700,621.6500244140625,625.1699829101562,620.2000122070312,620.989990234375,619.237548828125,8390500,676.1099853515625,679.9600219726562,674.5800170898438,675.239990234375,673.2506103515625,78427000
2025-11-05,268.6099853515625,271.70001220703125,266.92999267578125,270.1400146484375,269.8783874511719,43683100,249.02999877929688,251.0,246.16000366210938,250.1999969482422,250.1999969482422,40610700,513.2999877929688,514.8300170898438,506.5799865722656,507.1600036621094,506.2125549316406,23024300,620.5900268554688,626.0,619.8300170898438,622.8599853515625,621.1022338867188,10323100,674.97998046875,680.8599853515625,674.1699829101562,677.5800170898438,675.583740234375,74402400
2025-11-06,267.8900146484375,273.3999938964844,267.8900146484375,269.7699890136719,269.50872802734375,51204000,249.16000366210938,250.3800048828125,242.1699981689453,243.0399932861328,243.0399932861328,46004200,505.6600036621094,505.70001220703125,495.80999755859375,497.1000061035156,496.1713562011719,27406500,621.9600219726562,622.7899780273438,614.8200073242188,616.239990234375,614.5009155273438,7099400,676.469970703125,677.3800048828125,668.719970703125,670.3099975585938,668.3351440429688,85035300
2025-11-07,269.79998779296875,272.2900085449219,266.7699890136719,268.4700012207031,268.2099914550781,48227400,242.89999389648438,244.89999389648438,238.49000549316406,244.41000366210938,244.41000366210938,46374300,496.95001220703125,499.3800048828125,493.25,496.82000732421875,495.8918762207031,24019800,614.0900268554688,617.02001953125,607.9199829101562,616.8900146484375,615.1491088867188,7571300,667.9099731445312,671.0800170898438,661.2100219726562,670.969970703125,668.9931640625,100592400
2025-11-10,268.9599914550781,273.7300109863281,267.4599914550781,269.42999267578125,269.42999267578125,41312400,248.33999633789062,251.75,245.58999633789062,248.39999389648438,248.39999389648438,36476500,500.0400085449219,506.8500061035156,498.79998779296875,506.0,505.0547180175781,26101500,622.6900024414062,627.2100219726562,620.6599731445312,626.469970703125,624.7020263671875,8425000,677.239990234375,682.1799926757812,675.030029296875,681.4400024414062,679.432373046875,75842900
2025-11-11,269.80999755859375,275.9100036621094,269.79998779296875,275.25,275.25,46208300,248.41000366210938,249.75,247.22999572753906,249.10000610351562,249.10000610351562,23564100,504.79998779296875,509.6000061035156,502.3500061035156,508.67999267578125,507.7297058105469,17980000,625.1599731445312,628.489990234375,624.0700073242188,627.9099731445312,626.1380004882812,5639200,679.9500122070312,683.5700073242188,678.72998046875,683.0,680.9877319335938,58953400
2025-11-12,275.0,275.7300109863281,271.70001220703125,273.4700012207031,273.4700012207031,48398000,250.24000549316406,250.3699951171875,243.75,244.1999969482422,244.1999969482422,31190100,509.3599853515625,511.6700134277344,499.1199951171875,511.1400146484375,510.1851501464844,26574900,629.6500244140625,629.77001953125,626.0999755859375,628.219970703125,626.4470825195312,6090200,684.7899780273438,684.9600219726562,680.9500122070312,683.3800048828125,681.3666381835938,62312500
2025-11-13,274.1099853515625,276.70001220703125,272.0899963378906,272.95001220703125,272.95001220703125,49602800,243.0500030517578,243.75,236.5,237.5800018310547,237.5800018310547,41401700,510.30999755859375,513.5,501.2900085449219,503.2900085449219,502.34979248046875,25273100,625.6699829101562,626.02001953125,616.510009765625,617.989990234375,616.2459716796875,13065800,680.5,680.8599853515625,670.52001953125,672.0399780273438,670.0599975585938,103457800
2025-11-14,271.04998779296875,275.9599914550781,269.6000061035156,272.4100036621094,272.4100036621094,47431300,235.05999755859375,238.72999572753906,232.88999938964844,234.69000244140625,234.69000244140625,38956700,498.2300109863281,511.6000061035156,497.44000244140625,510.17999267578125,509.2268981933594,28505700,611.75,621.219970703125,609.8300170898438,617.8300170898438,616.0864868164062,9681700,665.3800048828125,675.6599731445312,663.27001953125,671.9299926757812,669.9503784179688,96846700
2025-11-17,268.82000732421875,270.489990234375,265.7300109863281,267.4599914550781,267.4599914550781,45018300,233.25,234.60000610351562,229.19000244140625,232.8699951171875,232.8699951171875,59919000,508.45001220703125,512.1199951171875,504.9100036621094,507.489990234375,506.54193115234375,19092800,615.739990234375,619.4500122070312,608.8099975585938,612.0399780273438,610.3128051757812,8902500,669.7000122070312,673.7100219726562,662.1699829101562,665.6699829101562,663.7088012695312,90456100
2025-11-18,269.989990234375,270.7099914550781,265.32000732421875,267.44000244140625,267.44000244140625,45677300,228.10000610351562,230.1999969482422,222.4199981689453,222.5500030517578,222.5500030517578,60608400,495.3699951171875,502.9800109863281,486.7799987792969,493.7900085449219,492.8675537109375,33815100,608.719970703125,611.510009765625,603.0,607.0,605.2870483398438,8542600,662.0999755859375,665.1199951171875,655.8599853515625,660.0800170898438,658.1353149414062,114467500
2025-11-19,265.5299987792969,272.2099914550781,265.5,268.55999755859375,268.55999755859375,40424500,223.74000549316406,223.74000549316406,218.52000427246094,222.69000244140625,222.69000244140625,58335600,490.1000061035156,495.19000244140625,482.8299865722656,487.1199951171875,486.2099914550781,23245300,607.52001953125,613.5700073242188,605.6699829101562,609.2000122070312,607.4808349609375,7449400,660.780029296875,667.3400268554688,658.75,662.6300048828125,660.6777954101562,94703000
2025-11-20,270.8299865722656,275.42999267578125,265.9200134277344,266.25,266.25,45823600,227.0500030517578,227.41000366210938,216.74000549316406,217.13999938964844,217.13999938964844,50309000,492.7099914550781,493.57000732421875,475.5,478.42999267578125,478.42999267578125,26802500,618.719970703125,621.1300048828125,599.3599853515625,599.9600219726562,598.2669067382812,13985000,672.9099731445312,675.5599975585938,651.8900146484375,652.530029296875,650.6075439453125,165293500
2025-11-21,265.95001220703125,273.3299865722656,265.6700134277344,271.489990234375,271.489990234375,59030800,216.35000610351562,222.2100067138672,215.17999267578125,220.69000244140625,220.69000244140625,68490500,478.5,478.9200134277344,468.2699890136719,472.1199951171875,472.1199951171875,31769200,602.25,611.010009765625,598.3800048828125,605.9299926757812,604.2200317382812,9821400,655.0499877929688,664.5499877929688,650.8499755859375,659.030029296875,657.08837890625,123956200
2025-11-24,270.8999938964844,277.0,270.8999938964844,275.9200134277344,275.9200134277344,65585800,222.55999755859375,227.3300018310547,222.27000427246094,226.27999877929688,226.27999877929688,54318400,475.0,476.8999938964844,468.0199890136719,474.0,474.0,34421000,609.280029296875,616.0900268554688,608.3099975585938,614.9400024414062,613.20458984375,6242700,662.6900024414062,670.0599975585938,661.5900268554688,668.72998046875,666.759765625,80437900
2025-11-25,275.2699890136719,280.3800048828125,275.25,276.9700012207031,276.9700012207031,46914200,226.3800048828125,230.52000427246094,223.8000030517578,229.6699981689453,229.6699981689453,39379300,474.07000732421875,479.1499938964844,464.8900146484375,476.989990234375,476.989990234375,28019800,614.780029296875,621.75,610.989990234375,620.6599731445312,618.908447265625,7389500,668.6300048828125,676.2100219726562,664.47998046875,675.02001953125,673.03125,81077100
2025-11-26,276.9599914550781,279.5299987792969,276.6300048828125,277.54998779296875,277.54998779296875,33431400,230.74000549316406,231.75,228.77000427246094,229.16000366210938,229.16000366210938,38497900,486.30999755859375,488.30999755859375,481.20001220703125,485.5,485.5,25709100,623.0599975585938,626.8099975585938,622.260009765625,624.9500122070312,623.1864013671875,5323200,677.6300048828125,681.7000122070312,676.719970703125,679.6799926757812,677.6775512695312,71879600
2025-11-28,277.260009765625,279.0,275.989990234375,278.8500061035156,278.8500061035156,20135600,231.24000549316406,233.2899932861328,230.22000122070312,233.22000122070312,233.22000122070312,20292300,487.6000061035156,492.6300048828125,486.6499938964844,492.010009765625,492.010009765625,14386700,626.030029296875,628.6300048828125,625.7100219726562,628.4099731445312,626.6365966796875,2953200,680.8599853515625,683.6699829101562,680.5,683.3900146484375,681.3765869140625,49212000
2025-12-01,278.010009765625,283.4200134277344,276.1400146484375,283.1000061035156,283.1000061035156,46587700,233.22000122070312,235.8000030517578,232.25,233.8800048828125,233.8800048828125,42904000,488.44000244140625,489.8599853515625,484.6499938964844,486.739990234375,486.739990234375,23964000,624.1699829101562,628.010009765625,624.0999755859375,625.52001953125,623.7547607421875,9191600,678.8099975585938,682.989990234375,678.739990234375,680.27001953125,678.2658081054688,61201200
2025-12-02,283.0,287.3999938964844,282.6300048828125,286.19000244140625,286.19000244140625,53669500,235.00999450683594,238.97000122070312,233.5500030517578,234.4199981689453,234.4199981689453,45785400,486.7200012207031,493.5,486.32000732421875,490.0,490.0,19562700,627.010009765625,628.77001953125,624.6199951171875,626.5800170898438,624.811767578125,5280600,681.9199829101562,683.8200073242188,679.3300170898438,681.530029296875,679.5220947265625,62953800
2025-12-03,286.20001220703125,288.6199951171875,283.29998779296875,284.1499938964844,284.1499938964844,43538700,233.35000610351562,233.3800048828125,230.61000061035156,232.3800048828125,232.3800048828125,35495100,476.32000732421875,484.239990234375,475.20001220703125,477.7300109863281,477.7300109863281,34615100,625.77001953125,629.780029296875,624.9500122070312,628.77001953125,626.99560546875,6338400,680.5700073242188,684.9099731445312,679.6900024414062,683.8900146484375,681.8751220703125,57238500
2025-12-04,284.1000061035156,284.7300109863281,278.5899963378906,280.70001220703125,280.70001220703125,43989100,232.77000427246094,233.5,226.8000030517578,229.11000061035156,229.11000061035156,45683200,479.760009765625,481.32000732421875,476.489990234375,480.8399963378906,480.8399963378906,22318200,630.1300048828125,630.1799926757812,626.47998046875,629.2999877929688,627.5240478515625,5147700,685.2999877929688,685.3699951171875,681.3400268554688,684.3900146484375,682.3736572265625,61970300
2025-12-05,280.5400085449219,281.1400146484375,278.04998779296875,278.7799987792969,278.7799987792969,47265800,230.32000732421875,231.24000549316406,228.5500030517578,229.52999877929688,229.52999877929688,33117400,482.5199890136719,483.3999938964844,478.8800048828125,483.1600036621094,483.1600036621094,22608700,630.2999877929688,632.97998046875,629.47998046875,630.47998046875,628.7007446289062,5693100,685.469970703125,688.3900146484375,684.5800170898438,685.6900024414062,683.6697998046875,79241000
2025-12-08,278.1300048828125,279.6700134277344,276.1499938964844,277.8900146484375,277.8900146484375,38211800,229.58999633789062,230.8300018310547,226.27000427246094,226.88999938964844,226.88999938964844,35019200,484.8900146484375,492.29998779296875,484.3800048828125,491.0199890136719,491.0199890136719,21965900,631.3599853515625,631.469970703125,626.7000122070312,628.6099853515625,626.8359985351562,6876700,686.5900268554688,686.6400146484375,681.5700073242188,683.6300048828125,681.6159057617188,55231500
2025-12-09,278.1600036621094,280.0299987792969,276.9200134277344,277.17999267578125,277.17999267578125,32193300,226.83999633789062,228.57000732421875,225.11000061035156,227.9199981689453,227.9199981689453,25841700,489.1000061035156,492.1199951171875,488.5,492.0199890136719,492.0199890136719,14696100,628.1799926757812,630.2100219726562,627.6599731445312,628.0999755859375,626.3274536132812,12849000,683.1500244140625,685.3900146484375,682.5900268554688,683.0399780273438,681.027587890625,58310100
2025-12-10,277.75,279.75,276.44000244140625,278.7799987792969,278.7799987792969,33038300,228.80999755859375,232.4199981689453,228.4600067138672,231.77999877929688,231.77999877929688,38790700,484.0299987792969,484.25,475.0799865722656,478.55999755859375,478.55999755859375,35756200,627.6300048828125,633.510009765625,626.469970703125,632.1599731445312,630.3759765625,22457400,682.5599975585938,688.969970703125,681.3099975585938,687.5700073242188,685.5443115234375,85671300
2025-12-11,279.1000061035156,279.5899963378906,273.80999755859375,278.0299987792969,278.0299987792969,33248000,230.7100067138672,232.11000061035156,228.69000244140625,230.27999877929688,230.27999877929688,28249600,476.6300048828125,486.0299987792969,475.8599853515625,483.4700012207031,483.4700012207031,24669200,630.0,633.8699951171875,627.27001953125,633.7100219726562,631.9216918945312,33921000,685.1400146484375,689.25,682.1699829101562,689.1699829101562,687.1395263671875,86173700
2025-12-12,277.8999938964844,279.2200012207031,276.82000732421875,278.2799987792969,278.2799987792969,39532900,229.8699951171875,230.0800018310547,225.1199951171875,226.19000244140625,226.19000244140625,35639100,479.82000732421875,482.45001220703125,476.3399963378906,478.5299987792969,478.5299987792969,21248100,632.7999877929688,633.4299926757812,624.47998046875,626.8699951171875,625.1009521484375,8534700,688.1699829101562,688.8800048828125,679.1699829101562,681.760009765625,679.7514038085938,113160300
2025-12-15,280.1499938964844,280.1499938964844,272.8399963378906,274.1099853515625,274.1099853515625,50409100,227.92999267578125,227.92999267578125,221.5,222.5399932861328,222.5399932861328,47286100,480.1000061035156,480.7200012207031,472.5199890136719,474.82000732421875,474.82000732421875,23727700,630.5599975585938,630.5599975585938,624.5700073242188,625.9600219726562,624.1935424804688,11337200,685.739990234375,685.760009765625,679.25,680.72998046875,678.7244262695312,90811000
2025-12-16,272.82000732421875,275.5,271.7900085449219,274.6099853515625,274.6099853515625,37648600,223.0399932861328,223.66000366210938,221.1300048828125,222.55999755859375,222.55999755859375,39298900,471.9100036621094,477.8900146484375,470.8800048828125,476.3900146484375,476.3900146484375,20705600,624.5499877929688,626.219970703125,620.6500244140625,624.2100219726562,622.448486328125,15819600,679.22998046875,681.0800170898438,674.97998046875,678.8699951171875,676.8699340820312,122030600
2025-12-17,275.010009765625,276.1600036621094,271.6400146484375,271.8399963378906,271.8399963378906,50138700,224.66000366210938,225.19000244140625,220.99000549316406,221.27000427246094,221.27000427246094,44034400,476.9100036621094,480.0,475.0,476.1199951171875,476.1199951171875,24527200,625.1900024414062,625.6400146484375,617.1599731445312,617.3499755859375,615.6077880859375,21356900,679.8900146484375,680.4400024414062,671.2000122070312,671.4000244140625,669.4219360351562,110625200
2025-12-18,273.6099853515625,273.6300048828125,266.95001220703125,272.19000244140625,272.19000244140625,51630700,225.7100067138672,229.22999572753906,224.41000366210938,226.75999450683594,226.75999450683594,50272400,478.19000244140625,489.6000061035156,477.8900146484375,483.9800109863281,483.9800109863281,28573500,623.0499877929688,625.9400024414062,620.5700073242188,622.010009765625,620.2546997070312,37062400,677.5999755859375,680.739990234375,674.9000244140625,676.469970703125,674.4769287109375,108650100
2025-12-19,272.1499938964844,274.6000061035156,269.8999938964844,273.6700134277344,273.6700134277344,144632000,226.75999450683594,229.1300048828125,225.5800018310547,227.35000610351562,227.35000610351562,85544400,487.3599853515625,487.8500061035156,482.489990234375,485.9200134277344,485.9200134277344,70836100,623.97998046875,628.1300048828125,623.8599853515625,627.5599975585938,625.7890014648438,10487000,676.5900268554688,681.0900268554688,676.469970703125,680.5900268554688,680.5900268554688,103599500
2025-12-22,272.8599853515625,273.8800048828125,270.510009765625,270.9700012207031,270.9700012207031,36571800,228.61000061035156,229.47999572753906,226.7100067138672,228.42999267578125,228.42999267578125,32261300,486.1199951171875,488.7300109863281,482.69000244140625,484.9200134277344,484.9200134277344,16963000,628.969970703125,630.27001953125,627.7999877929688,629.72998046875,629.72998046875,9850100,683.9400024414062,685.3599853515625,680.5900268554688,684.8300170898438,684.8300170898438,69556700
2025-12-23,270.8399963378906,272.5,269.55999755859375,272.3599853515625,272.3599853515625,29642000,229.05999755859375,232.4499969482422,228.72999572753906,232.13999938964844,232.13999938964844,29230200,484.9800109863281,487.8299865722656,484.739990234375,486.8500061035156,486.8500061035156,14683600,628.9400024414062,632.8800048828125,628.9199829101562,632.6699829101562,632.6699829101562,13798500,683.9199829101562,688.2000122070312,683.8699951171875,687.9600219726562,687.9600219726562,64840000
2025-12-24,272.3399963378906,275.42999267578125,272.20001220703125,273.80999755859375,273.80999755859375,17910600,232.1300048828125,232.9499969482422,231.3300018310547,232.3800048828125,232.3800048828125,11420500,485.67999267578125,489.1600036621094,484.8299865722656,488.0199890136719,488.0199890136719,5855900,632.6699829101562,635.3200073242188,632.5399780273438,634.780029296875,634.780029296875,3275200,687.9500122070312,690.8300170898438,687.7999877929688,690.3800048828125,690.3800048828125,39445600
2025-12-26,274.1600036621094,275.3699951171875,272.8599853515625,273.3999938964844,273.3999938964844,21521800,232.0399932861328,232.99000549316406,231.17999267578125,232.52000427246094,232.52000427246094,15994700,486.7099914550781,488.1199951171875,485.9599914550781,487.7099914550781,487.7099914550781,8842200,635.1400146484375,636.0800170898438,633.8800048828125,634.8400268554688,634.8400268554688,3852100,690.6400146484375,691.6599731445312,689.27001953125,690.3099975585938,690.3099975585938,41613300
2025-12-29,272.69000244140625,274.3599853515625,272.3500061035156,273.760009765625,273.760009765625,23715200,231.94000244140625,232.60000610351562,230.77000427246094,232.07000732421875,232.07000732421875,19797900,484.8599853515625,488.3500061035156,484.17999267578125,487.1000061035156,487.1000061035156,10893400,632.2999877929688,633.7899780273438,630.9500122070312,632.5999755859375,632.5999755859375,6579400,687.5399780273438,689.2000122070312,686.0700073242188,687.8499755859375,687.8499755859375,62559500
2025-12-30,272.80999755859375,274.0799865722656,272.2799987792969,273.0799865722656,273.0799865722656,22139600,231.2100067138672,232.77000427246094,230.1999969482422,232.52999877929688,232.52999877929688,21910500,485.92999267578125,489.67999267578125,485.5,487.4800109863281,487.4800109863281,13944500,632.2000122070312,633.2100219726562,631.4099731445312,631.719970703125,631.719970703125,4180400,687.4500122070312,688.5599975585938,686.5800170898438,687.010009765625,687.010009765625,47160700
2025-12-31,273.05999755859375,273.67999267578125,271.75,271.8599853515625,271.8599853515625,27293600,232.91000366210938,232.99000549316406,230.1199951171875,230.82000732421875,230.82000732421875,24383700,487.8399963378906,488.1400146484375,483.29998779296875,483.6199951171875,483.6199951171875,15601600,631.9400024414062,632.1400146484375,626.9400024414062,627.1300048828125,627.1300048828125,5556800,687.1400146484375,687.3599853515625,681.7100219726562,681.9199829101562,681.9199829101562,74144800
2026-01-02,272.260009765625,277.8399963378906,269.0,271.010009765625,271.010009765625,37838100,231.33999633789062,235.4600067138672,224.6999969482422,226.5,226.5,51456200,484.3900146484375,484.6600036621094,470.1600036621094,472.94000244140625,472.94000244140625,25571600,630.6400146484375,631.6599731445312,625.2100219726562,628.2999877929688,628.2999877929688,11337000,685.7100219726562,686.8699951171875,679.8200073242188,683.1699829101562,683.1699829101562,89377200
2026-01-05,270.6400146484375,271.510009765625,266.1400146484375,267.260009765625,267.260009765625,45647200,228.83999633789062,234.0,227.17999267578125,233.05999755859375,233.05999755859375,49733300,474.05999755859375,476.07000732421875,469.5,472.8500061035156,472.8500061035156,25250300,631.3800048828125,634.0399780273438,631.22998046875,632.4600219726562,632.4600219726562,16175600,686.5399780273438,689.4299926757812,686.3800048828125,687.719970703125,687.719970703125,71927200
2026-01-06,267.0,267.54998779296875,262.1199951171875,262.3599853515625,262.3599853515625,52352100,232.10000610351562,243.17999267578125,232.07000732421875,240.92999267578125,240.92999267578125,53764700,473.79998779296875,478.739990234375,469.75,478.510009765625,478.510009765625,23037700,632.6400146484375,636.6799926757812,632.530029296875,636.2100219726562,636.2100219726562,8672000,687.9299926757812,692.3200073242188,687.780029296875,691.8099975585938,691.8099975585938,69273800
2026-01-07,263.20001220703125,263.67999267578125,259.80999755859375,260.3299865722656,260.3299865722656,48309800,239.61000061035156,245.2899932861328,239.52000427246094,241.55999755859375,241.55999755859375,42236500,479.760009765625,489.70001220703125,477.95001220703125,483.4700012207031,483.4700012207031,25564200,636.5800170898438,638.219970703125,633.9299926757812,634.1699829101562,634.1699829101562,8820100,692.1900024414062,693.9600219726562,689.3200073242188,689.5800170898438,689.5800170898438,75588300
2026-01-08,257.0199890136719,259.2900085449219,255.6999969482422,259.0400085449219,259.0400085449219,50419300,243.05999755859375,246.41000366210938,241.8800048828125,246.2899932861328,246.2899932861328,39509800,481.239990234375,482.6600036621094,475.8599853515625,478.1099853515625,478.1099853515625,18162600,633.47998046875,635.0999755859375,632.239990234375,634.0599975585938,634.0599975585938,9017400,688.8200073242188,690.6199951171875,687.489990234375,689.510009765625,689.510009765625,64019200
2026-01-09,259.0799865722656,260.2099914550781,256.2200012207031,259.3699951171875,259.3699951171875,39997000,244.57000732421875,247.86000061035156,242.24000549316406,247.3800048828125,247.3800048828125,34560000,474.05999755859375,479.82000732421875,472.20001220703125,479.2799987792969,479.2799987792969,18491000,635.1500244140625,639.4400024414062,633.7999877929688,638.3099975585938,638.3099975585938,7864100,690.6300048828125,695.3099975585938,689.1799926757812,694.0700073242188,694.0700073242188,80125500
2026-01-12,259.1600036621094,261.29998779296875,256.79998779296875,260.25,260.25,45263800,246.72999572753906,248.94000244140625,245.9600067138672,246.47000122070312,246.47000122070312,35867800,476.6700134277344,480.989990234375,475.67999267578125,477.17999267578125,477.17999267578125,23519900,635.1900024414062,640.1599731445312,635.1599731445312,639.3400268554688,639.3400268554688,7929800,690.6799926757812,696.0900268554688,690.6300048828125,695.1599731445312,695.1599731445312,63976000
2026-01-13,258.7200012207031,261.80999755859375,258.3900146484375,261.04998779296875,261.04998779296875,45730800,246.52999877929688,247.66000366210938,240.25,242.60000610351562,242.60000610351562,38371800,474.67999267578125,475.7799987792969,465.95001220703125,470.6700134277344,470.6700134277344,28545800,639.6799926757812,640.1500244140625,635.8200073242188,638.030029296875,638.030029296875,8860000,695.489990234375,696.0900268554688,691.3499755859375,693.77001953125,693.77001953125,78309700
2026-01-14,259.489990234375,261.82000732421875,256.7099914550781,259.9599914550781,259.9599914550781,40019400,241.14999389648438,241.27999877929688,236.22000122070312,236.64999389648438,236.64999389648438,41410600,466.4599914550781,468.20001220703125,457.1700134277344,459.3800048828125,459.3800048828125,28184300,635.489990234375,636.1199951171875,631.0,634.9400024414062,634.9400024414062,8683400,691.0,691.719970703125,686.0399780273438,690.3599853515625,690.3599853515625,94676700
2026-01-15,260.6499938964844,261.0400085449219,257.04998779296875,258.2099914550781,258.2099914550781,39388600,239.30999755859375,240.64999389648438,236.6300048828125,238.17999267578125,238.17999267578125,43003600,464.1199951171875,464.25,455.8999938964844,456.6600036621094,456.6600036621094,23225800,638.77001953125,639.5800170898438,635.7000122070312,636.6199951171875,636.6199951171875,6937000,694.5700073242188,695.4500122070312,691.25,692.239990234375,692.239990234375,77862000
2026-01-16,257.8999938964844,258.8999938964844,254.92999267578125,255.52999877929688,255.52999877929688,72142800,239.08999633789062,239.57000732421875,236.41000366210938,239.1199951171875,239.1199951171875,45888300,457.8299865722656,463.19000244140625,456.4800109863281,459.8599853515625,459.8599853515625,34246700,637.9600219726562,638.510009765625,634.6799926757812,636.0900268554688,636.0900268554688,6733700,693.6599731445312,694.25,690.0999755859375,691.6599731445312,691.6599731445312,79289200
2026-01-20,252.72999572753906,254.7899932861328,243.4199981689453,246.6999969482422,246.6999969482422,80267500,233.75999450683594,235.08999633789062,229.33999633789062,231.0,231.0,47737900,451.2200012207031,456.79998779296875,449.2799987792969,454.5199890136719,454.5199890136719,26130000,626.760009765625,629.760009765625,622.219970703125,623.1500244140625,623.1500244140625,14877600,681.489990234375,684.77001953125,676.5700073242188,677.5800170898438,677.5800170898438,111623300
2026-01-21,248.6999969482422,251.55999755859375,245.17999267578125,247.64999389648438,247.64999389648438,54641700,231.08999633789062,232.3000030517578,226.8800048828125,231.30999755859375,231.30999755859375,47276100,452.6000061035156,452.69000244140625,438.67999267578125,444.1099853515625,444.1099853515625,37980500,625.02001953125,633.4000244140625,623.6500244140625,630.2899780273438,630.2899780273438,10403800,679.6500244140625,688.739990234375,678.1300048828125,685.4000244140625,685.4000244140625,127844500
2026-01-22,249.1999969482422,251.0,248.14999389648438,248.35000610351562,248.35000610351562,39708300,234.0500030517578,235.72000122070312,230.89999389648438,234.33999633789062,234.33999633789062,31913300,447.6199951171875,452.8399963378906,444.70001220703125,451.1400146484375,451.1400146484375,25349400,634.4299926757812,635.6199951171875,631.75,633.5700073242188,633.5700073242188,6085500,689.8499755859375,691.1300048828125,686.9199829101562,688.97998046875,688.97998046875,77112200
2026-01-23,247.32000732421875,249.41000366210938,244.67999267578125,248.0399932861328,248.0399932861328,41689000,234.9600067138672,240.4499969482422,234.57000732421875,239.16000366210938,239.16000366210938,33778500,451.8699951171875,471.1000061035156,450.5299987792969,465.95001220703125,465.95001220703125,38000200,632.8800048828125,635.469970703125,631.969970703125,633.8300170898438,633.8300170898438,5850400,688.1500244140625,690.9600219726562,687.1599731445312,689.22998046875,689.22998046875,63059600
2026-01-26,251.47999572753906,256.55999755859375,249.8000030517578,255.41000366210938,255.41000366210938,55969200,239.97999572753906,240.9499969482422,237.5399932861328,238.4199981689453,238.4199981689453,32825500,465.30999755859375,474.25,462.0,470.2799987792969,470.2799987792969,29291200,635.030029296875,638.3900146484375,634.52001953125,637.0900268554688,637.0900268554688,9007400,690.489990234375,694.1300048828125,689.9199829101562,692.72998046875,692.72998046875,60473800
2026-01-27,259.1700134277344,261.95001220703125,258.2099914550781,258.2699890136719,258.2699890136719,49648300,239.69000244140625,244.8800048828125,238.0800018310547,244.67999267578125,244.67999267578125,38029200,473.70001220703125,482.8699951171875,473.1600036621094,480.5799865722656,480.5799865722656,29213900,638.4199829101562,640.5999755859375,637.8699951171875,639.7000122070312,639.7000122070312,4339600,694.1799926757812,696.530029296875,693.5700073242188,695.489990234375,695.489990234375,55506100
2026-01-28,257.6499938964844,258.8599853515625,254.50999450683594,256.44000244140625,256.44000244140625,41288000,246.3699951171875,247.77999877929688,241.52999877929688,243.00999450683594,243.00999450683594,40882700,483.2099914550781,483.739990234375,478.0,481.6300048828125,481.6300048828125,36875400,641.0499877929688,641.8099975585938,638.219970703125,639.5999755859375,639.5999755859375,5568700,697.0499877929688,697.8400268554688,693.9400024414062,695.4199829101562,695.4199829101562,61172200
